# _tick,_time,frames,mean_episode_return_0,loss_0,mean_episode_return_1,loss_1,mean_episode_return_2,loss_2,mean_episode_return_3,loss_3
0,1766571493.1987119,0,0,0,0,0,1.0814814567565918,2.504999876022339,0,0
1,1766571493.1987119,3200,0,0,0,0,1.0814814567565918,2.504999876022339,0.9191176295280457,1.897499918937683
2,1766571493.490928,6400,1.0962963104248047,2.4921875,0,0,1.0814814567565918,2.504999876022339,0.9191176295280457,1.897499918937683
3,1766571493.8699079,9600,1.0962963104248047,2.4921875,0.9111111164093018,1.9362499713897705,1.0814814567565918,2.504999876022339,0.9191176295280457,1.897499918937683
4,1766571499.941396,12800,0.9481481313705444,1.3771798610687256,0.9111111164093018,1.9362499713897705,1.0814814567565918,2.504999876022339,0.9191176295280457,1.897499918937683
5,1766571500.4119992,16000,0.9481481313705444,1.3771798610687256,0.9612698554992676,2.3821945190429688,1.0814814567565918,2.504999876022339,0.9191176295280457,1.897499918937683
6,1766571501.1548777,19200,0.9481481313705444,1.3771798610687256,0.9612698554992676,2.3821945190429688,1.0814814567565918,2.504999876022339,0.991304874420166,2.5130269527435303
7,1766571501.9035106,22400,0.9481481313705444,1.3771798610687256,0.9612698554992676,2.3821945190429688,0.914478063583374,1.2580811977386475,0.991304874420166,2.5130269527435303
8,1766571507.9055562,25600,0.8209876418113708,0.7965428233146667,0.9612698554992676,2.3821945190429688,0.914478063583374,1.2580811977386475,0.991304874420166,2.5130269527435303
9,1766571508.5773776,28800,0.8209876418113708,0.7965428233146667,1.005429983139038,2.4108433723449707,0.914478063583374,1.2580811977386475,0.991304874420166,2.5130269527435303
10,1766571509.8557703,32000,0.8209876418113708,0.7965428233146667,1.005429983139038,2.4108433723449707,0.914478063583374,1.2580811977386475,1.0252913236618042,2.462054491043091
11,1766571510.6047,35200,0.8209876418113708,0.7965428233146667,1.005429983139038,2.4108433723449707,0.8055446147918701,0.7649738788604736,1.0252913236618042,2.462054491043091
12,1766571517.4846354,38400,0.7400423884391785,0.6554914712905884,1.005429983139038,2.4108433723449707,0.8055446147918701,0.7649738788604736,1.0252913236618042,2.462054491043091
13,1766571518.7080894,41600,0.7400423884391785,0.6554914712905884,1.1173536777496338,3.3792130947113037,0.8055446147918701,0.7649738788604736,1.0252913236618042,2.462054491043091
14,1766571525.2934852,44800,0.7400423884391785,0.6554914712905884,1.1173536777496338,3.3792130947113037,0.8055446147918701,0.7649738788604736,1.1189684867858887,3.209712028503418
15,1766571525.2981377,48000,0.7400423884391785,0.6554914712905884,1.1173536777496338,3.3792130947113037,0.7155328989028931,0.4791210889816284,1.1189684867858887,3.209712028503418
16,1766571527.611475,51200,0.6787006258964539,0.5513468980789185,1.1173536777496338,3.3792130947113037,0.7155328989028931,0.4791210889816284,1.1189684867858887,3.209712028503418
17,1766571530.2558029,54400,0.6787006258964539,0.5513468980789185,1.1982731819152832,3.2164244651794434,0.7155328989028931,0.4791210889816284,1.1189684867858887,3.209712028503418
18,1766571531.2660265,57600,0.6787006258964539,0.5513468980789185,1.1982731819152832,3.2164244651794434,0.7155328989028931,0.4791210889816284,1.2096027135849,3.490784168243408
19,1766571534.1679034,60800,0.6787006258964539,0.5513468980789185,1.1982731819152832,3.2164244651794434,0.6360626220703125,0.30474498867988586,1.2096027135849,3.490784168243408
20,1766571538.7158875,64000,0.596164882183075,0.20742861926555634,1.1982731819152832,3.2164244651794434,0.6360626220703125,0.30474498867988586,1.2096027135849,3.490784168243408
21,1766571543.3922088,67200,0.596164882183075,0.20742861926555634,1.4096282720565796,4.4793171882629395,0.6360626220703125,0.30474498867988586,1.2096027135849,3.490784168243408
22,1766571544.3516057,70400,0.596164882183075,0.20742861926555634,1.4096282720565796,4.4793171882629395,0.6360626220703125,0.30474498867988586,1.4301385879516602,4.632847785949707
23,1766571547.238803,73600,0.596164882183075,0.20742861926555634,1.4096282720565796,4.4793171882629395,0.5420928001403809,0.08353033661842346,1.4301385879516602,4.632847785949707
24,1766571549.6551225,76800,0.5181413888931274,0.05594945698976517,1.4096282720565796,4.4793171882629395,0.5420928001403809,0.08353033661842346,1.4301385879516602,4.632847785949707
25,1766571555.28079,80000,0.5181413888931274,0.05594945698976517,1.6098512411117554,1.6255888938903809,0.5420928001403809,0.08353033661842346,1.4301385879516602,4.632847785949707
26,1766571556.2824328,83200,0.5181413888931274,0.05594945698976517,1.6098512411117554,1.6255888938903809,0.5420928001403809,0.08353033661842346,1.630431890487671,1.591806411743164
27,1766571558.0824754,86400,0.5181413888931274,0.05594945698976517,1.6098512411117554,1.6255888938903809,0.4671749472618103,0.020090537145733833,1.630431890487671,1.591806411743164
28,1766571561.7792873,89600,0.4556630253791809,0.01927526667714119,1.6098512411117554,1.6255888938903809,0.4671749472618103,0.020090537145733833,1.630431890487671,1.591806411743164
29,1766571567.300578,92800,0.4556630253791809,0.01927526667714119,1.7753416299819946,3.7097647190093994,0.4671749472618103,0.020090537145733833,1.630431890487671,1.591806411743164
30,1766571569.7378612,96000,0.4556630253791809,0.01927526667714119,1.7753416299819946,3.7097647190093994,0.4671749472618103,0.020090537145733833,1.7942266464233398,3.705350160598755
31,1766571569.9664814,99200,0.4556630253791809,0.01927526667714119,1.7753416299819946,3.7097647190093994,0.40962842106819153,0.009753929451107979,1.7942266464233398,3.705350160598755
32,1766571572.8626356,102400,0.4054250419139862,0.004047634545713663,1.7753416299819946,3.7097647190093994,0.40962842106819153,0.009753929451107979,1.7942266464233398,3.705350160598755
33,1766571579.3435476,105600,0.4054250419139862,0.004047634545713663,1.9066475629806519,1.4971054792404175,0.40962842106819153,0.009753929451107979,1.7942266464233398,3.705350160598755
34,1766571582.1707628,108800,0.4054250419139862,0.004047634545713663,1.9066475629806519,1.4971054792404175,0.40962842106819153,0.009753929451107979,1.92271888256073,1.4753347635269165
35,1766571582.2852688,112000,0.4054250419139862,0.004047634545713663,1.9066475629806519,1.4971054792404175,0.3644920885562897,0.00611467007547617,1.92271888256073,1.4753347635269165
36,1766571583.8145974,115200,0.36524224281311035,0.0037368712946772575,1.9066475629806519,1.4971054792404175,0.3644920885562897,0.00611467007547617,1.92271888256073,1.4753347635269165
37,1766571591.7774336,118400,0.36524224281311035,0.0037368712946772575,2.012376546859741,1.4358184337615967,0.3644920885562897,0.00611467007547617,1.92271888256073,1.4753347635269165
38,1766571593.658753,121600,0.36524224281311035,0.0037368712946772575,2.012376546859741,1.4358184337615967,0.3644920885562897,0.00611467007547617,2.0268287658691406,1.3844577074050903
39,1766571593.813711,124800,0.36524224281311035,0.0037368712946772575,2.012376546859741,1.4358184337615967,0.32838186621665955,0.005186532624065876,2.0268287658691406,1.3844577074050903
40,1766571595.2961936,128000,0.3323585093021393,0.00404762988910079,2.012376546859741,1.4358184337615967,0.32838186621665955,0.005186532624065876,2.0268287658691406,1.3844577074050903
41,1766571604.6458793,131200,0.3323585093021393,0.00404762988910079,2.098041534423828,1.3120977878570557,0.32838186621665955,0.005186532624065876,2.0268287658691406,1.3844577074050903
42,1766571605.9119601,134400,0.3323585093021393,0.00404762988910079,2.098041534423828,1.3120977878570557,0.2991473972797394,0.007285802159458399,2.0268287658691406,1.3844577074050903
43,1766571605.929693,137600,0.3323585093021393,0.00404762988910079,2.098041534423828,1.3120977878570557,0.2991473972797394,0.007285802159458399,2.112062692642212,1.3301775455474854
44,1766571606.7419934,140800,0.3052509129047394,0.007155221421271563,2.098041534423828,1.3120977878570557,0.2991473972797394,0.007285802159458399,2.112062692642212,1.3301775455474854
45,1766571616.9109504,144000,0.3052509129047394,0.007155221421271563,2.1699368953704834,0.8195832371711731,0.2991473972797394,0.007285802159458399,2.112062692642212,1.3301775455474854
46,1766571617.1194158,147200,0.3052509129047394,0.007155221421271563,2.1699368953704834,0.8195832371711731,0.2991473972797394,0.007285802159458399,2.180663585662842,0.8718037009239197
47,1766571617.404004,150400,0.3052509129047394,0.007155221421271563,2.1699368953704834,0.8195832371711731,0.2744962275028229,0.006436621770262718,2.180663585662842,0.8718037009239197
48,1766571617.938202,153600,0.2825741469860077,0.011505804024636745,2.1699368953704834,0.8195832371711731,0.2744962275028229,0.006436621770262718,2.180663585662842,0.8718037009239197
49,1766571628.8446195,156800,0.2825741469860077,0.011505804024636745,2.230347156524658,0.900206446647644,0.2744962275028229,0.006436621770262718,2.180663585662842,0.8718037009239197
50,1766571628.8851779,160000,0.26264089345932007,0.0034260982647538185,2.230347156524658,0.900206446647644,0.2744962275028229,0.006436621770262718,2.180663585662842,0.8718037009239197
51,1766571628.9053063,163200,0.26264089345932007,0.0034260982647538185,2.230347156524658,0.900206446647644,0.2541687488555908,0.008351590484380722,2.180663585662842,0.8718037009239197
52,1766571629.5914333,166400,0.26264089345932007,0.0034260982647538185,2.230347156524658,0.900206446647644,0.2541687488555908,0.008351590484380722,2.241929769515991,0.9466027617454529
53,1766571639.7471073,169600,0.24560770392417908,0.007155142724514008,2.230347156524658,0.900206446647644,0.2541687488555908,0.008351590484380722,2.241929769515991,0.9466027617454529
54,1766571640.7218106,172800,0.24560770392417908,0.007155142724514008,2.230347156524658,0.900206446647644,0.23625677824020386,0.003771878080442548,2.241929769515991,0.9466027617454529
55,1766571641.49963,176000,0.24560770392417908,0.007155142724514008,2.230347156524658,0.900206446647644,0.23625677824020386,0.003771878080442548,2.293720245361328,0.6661642789840698
56,1766571641.9367228,179200,0.24560770392417908,0.007155142724514008,2.2832486629486084,0.6242654919624329,0.23625677824020386,0.003771878080442548,2.293720245361328,0.6661642789840698
57,1766571650.558439,182400,0.230919748544693,0.011505643837153912,2.2832486629486084,0.6242654919624329,0.23625677824020386,0.003771878080442548,2.293720245361328,0.6661642789840698
58,1766571651.9794962,185600,0.230919748544693,0.011505643837153912,2.2832486629486084,0.6242654919624329,0.22141645848751068,0.013066194020211697,2.293720245361328,0.6661642789840698
59,1766571653.0126512,188800,0.230919748544693,0.011505643837153912,2.3268239498138428,0.6649598479270935,0.22141645848751068,0.013066194020211697,2.293720245361328,0.6661642789840698
60,1766571653.6793368,192000,0.230919748544693,0.011505643837153912,2.3268239498138428,0.6649598479270935,0.22141645848751068,0.013066194020211697,2.3357784748077393,0.6562771201133728
61,1766571661.3914714,195200,0.21775193512439728,0.007465815171599388,2.3268239498138428,0.6649598479270935,0.22141645848751068,0.013066194020211697,2.3357784748077393,0.6562771201133728
62,1766571663.155307,198400,0.21775193512439728,0.007465815171599388,2.3268239498138428,0.6649598479270935,0.20800454914569855,0.007103194948285818,2.3357784748077393,0.6562771201133728
63,1766571664.6192663,201600,0.21775193512439728,0.007465815171599388,2.3654022216796875,0.5591005086898804,0.20800454914569855,0.007103194948285818,2.3357784748077393,0.6562771201133728
64,1766571664.9476104,204800,0.21775193512439728,0.007465815171599388,2.3654022216796875,0.5591005086898804,0.20800454914569855,0.007103194948285818,2.3744421005249023,0.513032853603363
65,1766571672.3142765,208000,0.20644544064998627,0.015855934470891953,2.3654022216796875,0.5591005086898804,0.20800454914569855,0.007103194948285818,2.3744421005249023,0.513032853603363
66,1766571675.4745405,211200,0.20644544064998627,0.015855934470891953,2.3654022216796875,0.5591005086898804,0.19658033549785614,0.014112460426986217,2.3744421005249023,0.513032853603363
67,1766571676.4284513,214400,0.20644544064998627,0.015855934470891953,2.3995940685272217,0.5048933029174805,0.19658033549785614,0.014112460426986217,2.3744421005249023,0.513032853603363
68,1766571677.815344,217600,0.20644544064998627,0.015855934470891953,2.3995940685272217,0.5048933029174805,0.19658033549785614,0.014112460426986217,2.408317804336548,0.4733327329158783
69,1766571684.6725137,220800,0.19596266746520996,0.008087183348834515,2.3995940685272217,0.5048933029174805,0.19658033549785614,0.014112460426986217,2.408317804336548,0.4733327329158783
70,1766571687.9114983,224000,0.19596266746520996,0.008087183348834515,2.3995940685272217,0.5048933029174805,0.18604502081871033,0.006696875672787428,2.408317804336548,0.4733327329158783
71,1766571689.5235803,227200,0.19596266746520996,0.008087183348834515,2.429035186767578,0.45602667331695557,0.18604502081871033,0.006696875672787428,2.408317804336548,0.4733327329158783
72,1766571690.4314773,230400,0.19596266746520996,0.008087183348834515,2.429035186767578,0.45602667331695557,0.18604502081871033,0.006696875672787428,2.4378445148468018,0.44374197721481323
73,1766571696.7922635,233600,0.18634769320487976,0.0034260668326169252,2.429035186767578,0.45602667331695557,0.18604502081871033,0.006696875672787428,2.4378445148468018,0.44374197721481323
74,1766571699.5905554,236800,0.18634769320487976,0.0034260668326169252,2.429035186767578,0.45602667331695557,0.1764398068189621,0.003681844100356102,2.4378445148468018,0.44374197721481323
75,1766571701.8457844,240000,0.18634769320487976,0.0034260668326169252,2.4567742347717285,0.41508421301841736,0.1764398068189621,0.003681844100356102,2.4378445148468018,0.44374197721481323
76,1766571702.1720524,243200,0.18634769320487976,0.0034260668326169252,2.4567742347717285,0.41508421301841736,0.1764398068189621,0.003681844100356102,2.464324951171875,0.41559261083602905
77,1766571707.8115726,246400,0.1778215765953064,0.007776403333991766,2.4567742347717285,0.41508421301841736,0.1764398068189621,0.003681844100356102,2.464324951171875,0.41559261083602905
78,1766571711.565661,249600,0.1778215765953064,0.007776403333991766,2.4567742347717285,0.41508421301841736,0.1679711788892746,0.006594265345484018,2.464324951171875,0.41559261083602905
79,1766571714.9358315,252800,0.1778215765953064,0.007776403333991766,2.4567742347717285,0.41508421301841736,0.1679711788892746,0.006594265345484018,2.488237142562866,0.3893066346645355
80,1766571715.2430615,256000,0.1778215765953064,0.007776403333991766,2.481092929840088,0.4081577956676483,0.1679711788892746,0.006594265345484018,2.488237142562866,0.3893066346645355
81,1766571719.2109842,259200,0.17024950683116913,0.026484033092856407,2.481092929840088,0.4081577956676483,0.1679711788892746,0.006594265345484018,2.488237142562866,0.3893066346645355
82,1766571723.6390524,262400,0.17024950683116913,0.026484033092856407,2.481092929840088,0.4081577956676483,0.16104264557361603,0.026461737230420113,2.488237142562866,0.3893066346645355
83,1766571726.4925323,265600,0.17024950683116913,0.026484033092856407,2.481092929840088,0.4081577956676483,0.16104264557361603,0.026461737230420113,2.503157138824463,0.5295181274414062
84,1766571727.7563066,268800,0.17024950683116913,0.026484033092856407,2.4970812797546387,0.5579351782798767,0.16104264557361603,0.026461737230420113,2.503157138824463,0.5295181274414062
85,1766571730.7758296,272000,0.16412611305713654,0.02921670861542225,2.4970812797546387,0.5579351782798767,0.16104264557361603,0.026461737230420113,2.503157138824463,0.5295181274414062
86,1766571735.4070134,275200,0.16412611305713654,0.02921670861542225,2.4970812797546387,0.5579351782798767,0.1544218361377716,0.01786639355123043,2.503157138824463,0.5295181274414062
87,1766571739.1128418,278400,0.16412611305713654,0.02921670861542225,2.4970812797546387,0.5579351782798767,0.1544218361377716,0.01786639355123043,2.5216825008392334,0.3198556900024414
88,1766571739.6888337,281600,0.16412611305713654,0.02921670861542225,2.5156350135803223,0.33388662338256836,0.1544218361377716,0.01786639355123043,2.5216825008392334,0.3198556900024414
89,1766571742.1362116,284800,0.15759964287281036,0.0083975400775671,2.5156350135803223,0.33388662338256836,0.1544218361377716,0.01786639355123043,2.5216825008392334,0.3198556900024414
90,1766571747.173146,288000,0.15759964287281036,0.0083975400775671,2.5156350135803223,0.33388662338256836,0.14869973063468933,0.022997327148914337,2.5216825008392334,0.3198556900024414
91,1766571751.309295,291200,0.15759964287281036,0.0083975400775671,2.5156350135803223,0.33388662338256836,0.14869973063468933,0.022997327148914337,2.534874439239502,0.4557109773159027
92,1766571752.3715713,294400,0.15759964287281036,0.0083975400775671,2.528773784637451,0.5238687992095947,0.14869973063468933,0.022997327148914337,2.534874439239502,0.4557109773159027
93,1766571754.195933,297600,0.1529834121465683,0.04910142719745636,2.528773784637451,0.5238687992095947,0.14869973063468933,0.022997327148914337,2.534874439239502,0.4557109773159027
94,1766571759.5450945,300800,0.1529834121465683,0.04910142719745636,2.528773784637451,0.5238687992095947,0.14529331028461456,0.09919382631778717,2.534874439239502,0.4557109773159027
95,1766571763.5135958,304000,0.1529834121465683,0.04910142719745636,2.528773784637451,0.5238687992095947,0.14529331028461456,0.09919382631778717,2.538323163986206,0.8537001609802246
96,1766571764.8151348,307200,0.1529834121465683,0.04910142719745636,2.532014846801758,0.8810644149780273,0.14529331028461456,0.09919382631778717,2.538323163986206,0.8537001609802246
97,1766571765.9627218,310400,0.15059594810009003,0.13375942409038544,2.532014846801758,0.8810644149780273,0.14529331028461456,0.09919382631778717,2.538323163986206,0.8537001609802246
98,1766571772.805687,313600,0.15059594810009003,0.13375942409038544,2.532014846801758,0.8810644149780273,0.15425634384155273,0.7703185677528381,2.538323163986206,0.8537001609802246
99,1766571775.4393783,316800,0.15059594810009003,0.13375942409038544,2.532014846801758,0.8810644149780273,0.15425634384155273,0.7703185677528381,2.484790086746216,2.9671545028686523
100,1766571776.4079938,320000,0.15059594810009003,0.13375942409038544,2.4759914875030518,3.1082208156585693,0.15425634384155273,0.7703185677528381,2.484790086746216,2.9671545028686523
101,1766571777.0523953,323200,0.18512210249900818,2.4414849281311035,2.4759914875030518,3.1082208156585693,0.15425634384155273,0.7703185677528381,2.484790086746216,2.9671545028686523
102,1766571786.3472266,326400,0.18512210249900818,2.4414849281311035,2.4759914875030518,3.1082208156585693,0.21663272380828857,3.900674343109131,2.484790086746216,2.9671545028686523
103,1766571787.0863447,329600,0.18512210249900818,2.4414849281311035,2.4759914875030518,3.1082208156585693,0.21663272380828857,3.900674343109131,2.393016815185547,1.5760140419006348
104,1766571787.1422899,332800,0.24738816916942596,4.681689262390137,2.4759914875030518,3.1082208156585693,0.21663272380828857,3.900674343109131,2.393016815185547,1.5760140419006348
105,1766571787.456897,336000,0.24738816916942596,4.681689262390137,2.3848366737365723,1.5205960273742676,0.21663272380828857,3.900674343109131,2.393016815185547,1.5760140419006348
106,1766571796.8039474,339200,0.24738816916942596,4.681689262390137,2.3848366737365723,1.5205960273742676,0.21663272380828857,3.900674343109131,2.3053808212280273,0.6197923421859741
107,1766571796.8493555,342400,0.3129225969314575,5.038389205932617,2.3848366737365723,1.5205960273742676,0.21663272380828857,3.900674343109131,2.3053808212280273,0.6197923421859741
108,1766571797.5342126,345600,0.3129225969314575,5.038389205932617,2.2980105876922607,0.5982807278633118,0.21663272380828857,3.900674343109131,2.3053808212280273,0.6197923421859741
109,1766571802.1656966,348800,0.3129225969314575,5.038389205932617,2.2980105876922607,0.5982807278633118,0.2908582091331482,4.482863903045654,2.3053808212280273,0.6197923421859741
110,1766571806.50451,352000,0.375068724155426,5.270251274108887,2.2980105876922607,0.5982807278633118,0.2908582091331482,4.482863903045654,2.3053808212280273,0.6197923421859741
111,1766571808.126265,355200,0.375068724155426,5.270251274108887,2.2164182662963867,0.3558559715747833,0.2908582091331482,4.482863903045654,2.3053808212280273,0.6197923421859741
112,1766571808.220336,358400,0.375068724155426,5.270251274108887,2.2164182662963867,0.3558559715747833,0.2908582091331482,4.482863903045654,2.2235190868377686,0.3682534694671631
113,1766571816.7233624,361600,0.43274781107902527,5.211330413818359,2.2164182662963867,0.3558559715747833,0.2908582091331482,4.482863903045654,2.2235190868377686,0.3682534694671631
114,1766571818.305446,364800,0.43274781107902527,5.211330413818359,2.1399900913238525,0.2083679735660553,0.2908582091331482,4.482863903045654,2.2235190868377686,0.3682534694671631
115,1766571818.5975187,368000,0.43274781107902527,5.211330413818359,2.1399900913238525,0.2083679735660553,0.2908582091331482,4.482863903045654,2.146845817565918,0.22301813960075378
116,1766571823.4507945,371200,0.43274781107902527,5.211330413818359,2.1399900913238525,0.2083679735660553,0.35680338740348816,2.2687416076660156,2.146845817565918,0.22301813960075378
117,1766571825.8211737,374400,0.4864119291305542,5.110011577606201,2.1399900913238525,0.2083679735660553,0.35680338740348816,2.2687416076660156,2.146845817565918,0.22301813960075378
118,1766571828.4334219,377600,0.4864119291305542,5.110011577606201,2.1399900913238525,0.2083679735660553,0.35680338740348816,2.2687416076660156,2.075284481048584,0.14639155566692352
119,1766571829.1506333,380800,0.4864119291305542,5.110011577606201,2.068657159805298,0.13625997304916382,0.35680338740348816,2.2687416076660156,2.075284481048584,0.14639155566692352
120,1766571835.5792365,384000,0.5371091365814209,5.219412803649902,2.068657159805298,0.13625997304916382,0.35680338740348816,2.2687416076660156,2.075284481048584,0.14639155566692352
121,1766571838.6949232,387200,0.5371091365814209,5.219412803649902,2.0019261837005615,0.08260808885097504,0.35680338740348816,2.2687416076660156,2.075284481048584,0.14639155566692352
122,1766571839.1481285,390400,0.5371091365814209,5.219412803649902,2.0019261837005615,0.08260808885097504,0.35680338740348816,2.2687416076660156,2.0083396434783936,0.09072776883840561
123,1766571845.3320155,393600,0.5910597443580627,5.930084228515625,2.0019261837005615,0.08260808885097504,0.35680338740348816,2.2687416076660156,2.0083396434783936,0.09072776883840561
124,1766571846.3109999,396800,0.5910597443580627,5.930084228515625,2.0019261837005615,0.08260808885097504,0.4213075637817383,0.9791814684867859,2.0083396434783936,0.09072776883840561
125,1766571848.8071399,400000,0.5910597443580627,5.930084228515625,2.0019261837005615,0.08260808885097504,0.4213075637817383,0.9791814684867859,1.945579171180725,0.0506400428712368
126,1766571849.080012,403200,0.5910597443580627,5.930084228515625,1.9393658638000488,0.04664941504597664,0.4213075637817383,0.9791814684867859,1.945579171180725,0.0506400428712368
127,1766571854.5970473,406400,0.6403694748878479,5.881069183349609,1.9393658638000488,0.04664941504597664,0.4213075637817383,0.9791814684867859,1.945579171180725,0.0506400428712368
128,1766571858.9633698,409600,0.6403694748878479,5.881069183349609,1.8805972337722778,0.02775404416024685,0.4213075637817383,0.9791814684867859,1.945579171180725,0.0506400428712368
129,1766571859.1799796,412800,0.6403694748878479,5.881069183349609,1.8805972337722778,0.02775404416024685,0.4213075637817383,0.9791814684867859,1.8866223096847534,0.03019438125193119
130,1766571864.2289758,416000,0.6810176968574524,4.935976982116699,1.8805972337722778,0.02775404416024685,0.4213075637817383,0.9791814684867859,1.8866223096847534,0.03019438125193119
131,1766571865.6943634,419200,0.6810176968574524,4.935976982116699,1.8805972337722778,0.02775404416024685,0.48253634572029114,1.6465702056884766,1.8866223096847534,0.03019438125193119
132,1766571869.548983,422400,0.6810176968574524,4.935976982116699,1.82528555393219,0.01559548731893301,0.48253634572029114,1.6465702056884766,1.8866223096847534,0.03019438125193119
133,1766571869.6034765,425600,0.6810176968574524,4.935976982116699,1.82528555393219,0.01559548731893301,0.48253634572029114,1.6465702056884766,1.8311333656311035,0.016510924324393272
134,1766571874.1126688,428800,0.7223358154296875,5.22822380065918,1.82528555393219,0.01559548731893301,0.48253634572029114,1.6465702056884766,1.8311333656311035,0.016510924324393272
135,1766571879.6244545,432000,0.7223358154296875,5.22822380065918,1.82528555393219,0.01559548731893301,0.48253634572029114,1.6465702056884766,1.7788152694702148,0.007922902703285217
136,1766571880.4912407,435200,0.7223358154296875,5.22822380065918,1.773134469985962,0.008863512426614761,0.48253634572029114,1.6465702056884766,1.7788152694702148,0.007922902703285217
137,1766571884.3642776,438400,0.7615576386451721,5.312813758850098,1.773134469985962,0.008863512426614761,0.48253634572029114,1.6465702056884766,1.7788152694702148,0.007922902703285217
138,1766571888.7930148,441600,0.7615576386451721,5.312813758850098,1.773134469985962,0.008863512426614761,0.5378325581550598,0.8578619360923767,1.7788152694702148,0.007922902703285217
139,1766571890.1218746,444800,0.7615576386451721,5.312813758850098,1.773134469985962,0.008863512426614761,0.5378325581550598,0.8578619360923767,1.7294037342071533,0.00472990283742547
140,1766571891.246036,448000,0.7615576386451721,5.312813758850098,1.7238807678222656,0.004911125171929598,0.5378325581550598,0.8578619360923767,1.7294037342071533,0.00472990283742547
141,1766571894.355017,451200,0.8011163473129272,5.677670955657959,1.7238807678222656,0.004911125171929598,0.5378325581550598,0.8578619360923767,1.7294037342071533,0.00472990283742547
142,1766571901.1193147,454400,0.8011163473129272,5.677670955657959,1.7238807678222656,0.004911125171929598,0.5378325581550598,0.8578619360923767,1.682663083076477,0.003024263074621558
143,1766571902.180209,457600,0.8011163473129272,5.677670955657959,1.6772894859313965,0.003425414441153407,0.5378325581550598,0.8578619360923767,1.682663083076477,0.003024263074621558
144,1766571904.8420146,460800,0.8373384475708008,5.6405029296875,1.6772894859313965,0.003425414441153407,0.5378325581550598,0.8578619360923767,1.682663083076477,0.003024263074621558
145,1766571911.0852,464000,0.8373384475708008,5.6405029296875,1.6772894859313965,0.003425414441153407,0.5917171239852905,1.0226376056671143,1.682663083076477,0.003024263074621558
146,1766571911.9881804,467200,0.8373384475708008,5.6405029296875,1.6772894859313965,0.003425414441153407,0.5917171239852905,1.0226376056671143,1.6383824348449707,0.0018477088306099176
147,1766571913.264491,470400,0.8373384475708008,5.6405029296875,1.6331502199172974,0.0019424998899921775,0.5917171239852905,1.0226376056671143,1.6383824348449707,0.0018477088306099176
148,1766571915.4684033,473600,0.8740535378456116,5.829799175262451,1.6331502199172974,0.0019424998899921775,0.5917171239852905,1.0226376056671143,1.6383824348449707,0.0018477088306099176
149,1766571922.821463,476800,0.8740535378456116,5.829799175262451,1.6331502199172974,0.0019424998899921775,0.5917171239852905,1.0226376056671143,1.5963727235794067,0.001482132589444518
150,1766571923.6110013,480000,0.8740535378456116,5.829799175262451,1.591274619102478,0.001685072435066104,0.5917171239852905,1.0226376056671143,1.5963727235794067,0.001482132589444518
151,1766571925.5269191,483200,0.9058293104171753,5.381237506866455,1.591274619102478,0.001685072435066104,0.5917171239852905,1.0226376056671143,1.5963727235794067,0.001482132589444518
152,1766571933.1048324,486400,0.9058293104171753,5.381237506866455,1.591274619102478,0.001685072435066104,0.6429089307785034,0.8591629862785339,1.5963727235794067,0.001482132589444518
153,1766571934.1972306,489600,0.9058293104171753,5.381237506866455,1.591274619102478,0.001685072435066104,0.6429089307785034,0.8591629862785339,1.556463360786438,0.0011418818030506372
154,1766571935.4543629,492800,0.9372551441192627,5.539465427398682,1.591274619102478,0.001685072435066104,0.6429089307785034,0.8591629862785339,1.556463360786438,0.0011418818030506372
155,1766571935.8424797,496000,0.9372551441192627,5.539465427398682,1.551492691040039,0.0012238716008141637,0.6429089307785034,0.8591629862785339,1.556463360786438,0.0011418818030506372
156,1766571945.3043702,499200,0.9679961204528809,5.550410747528076,1.551492691040039,0.0012238716008141637,0.6429089307785034,0.8591629862785339,1.556463360786438,0.0011418818030506372
157,1766571945.4150085,502400,0.9679961204528809,5.550410747528076,1.551492691040039,0.0012238716008141637,0.6429089307785034,0.8591629862785339,1.518500804901123,0.0008994064992293715
158,1766571945.8837643,505600,0.9679961204528809,5.550410747528076,1.5136513710021973,0.0009523950284346938,0.6429089307785034,0.8591629862785339,1.518500804901123,0.0008994064992293715
159,1766571955.2614017,508800,0.9968347549438477,5.60609769821167,1.5136513710021973,0.0009523950284346938,0.6429089307785034,0.8591629862785339,1.518500804901123,0.0008994064992293715
160,1766571955.6408675,512000,0.9968347549438477,5.60609769821167,1.5136513710021973,0.0009523950284346938,0.6429089307785034,0.8591629862785339,1.4823460578918457,0.0007605619030073285
161,1766571955.946061,515200,0.9968347549438477,5.60609769821167,1.5136513710021973,0.0009523950284346938,0.68991619348526,0.9084767699241638,1.4823460578918457,0.0007605619030073285
162,1766571956.8529782,518400,0.9968347549438477,5.60609769821167,1.4776121377944946,0.0008300897316075861,0.68991619348526,0.9084767699241638,1.4823460578918457,0.0007605619030073285
163,1766571965.1800473,521600,1.0233685970306396,5.194328308105469,1.4776121377944946,0.0008300897316075861,0.68991619348526,0.9084767699241638,1.4823460578918457,0.0007605619030073285
164,1766571966.2115164,524800,1.0233685970306396,5.194328308105469,1.4776121377944946,0.0008300897316075861,0.68991619348526,0.9084767699241638,1.4478728771209717,0.0004756607813760638
165,1766571967.7272296,528000,1.0233685970306396,5.194328308105469,1.443248987197876,0.0005738432519137859,0.68991619348526,0.9084767699241638,1.4478728771209717,0.0004756607813760638
166,1766571974.8426306,531200,1.050485610961914,5.65134334564209,1.443248987197876,0.0005738432519137859,0.68991619348526,0.9084767699241638,1.4478728771209717,0.0004756607813760638
167,1766571976.7892067,534400,1.050485610961914,5.65134334564209,1.443248987197876,0.0005738432519137859,0.7362109422683716,0.7371507287025452,1.4478728771209717,0.0004756607813760638
168,1766571977.142295,537600,1.050485610961914,5.65134334564209,1.443248987197876,0.0005738432519137859,0.7362109422683716,0.7371507287025452,1.4149667024612427,0.0004265225725248456
169,1766571978.4910252,540800,1.050485610961914,5.65134334564209,1.4104479551315308,0.00046425568871200085,0.7362109422683716,0.7371507287025452,1.4149667024612427,0.0004265225725248456
170,1766571985.1315887,544000,1.0748153924942017,5.454799652099609,1.4104479551315308,0.00046425568871200085,0.7362109422683716,0.7371507287025452,1.4149667024612427,0.0004265225725248456
171,1766571987.6218584,547200,1.0748153924942017,5.454799652099609,1.4104479551315308,0.00046425568871200085,0.7362109422683716,0.7371507287025452,1.3835229873657227,0.00036702293436974287
172,1766571988.6235602,550400,1.0748153924942017,5.454799652099609,1.3791046142578125,0.0004787225043401122,0.7362109422683716,0.7371507287025452,1.3835229873657227,0.00036702293436974287
173,1766571994.9941535,553600,1.096979022026062,5.118157863616943,1.3791046142578125,0.0004787225043401122,0.7362109422683716,0.7371507287025452,1.3835229873657227,0.00036702293436974287
174,1766571998.0640287,556800,1.096979022026062,5.118157863616943,1.3791046142578125,0.0004787225043401122,0.7762181758880615,0.8067564964294434,1.3835229873657227,0.00036702293436974287
175,1766571998.7867062,560000,1.096979022026062,5.118157863616943,1.3791046142578125,0.0004787225043401122,0.7762181758880615,0.8067564964294434,1.353446364402771,0.00041475219768472016
176,1766571999.3289182,563200,1.096979022026062,5.118157863616943,1.3491240739822388,0.000485036289319396,0.7762181758880615,0.8067564964294434,1.353446364402771,0.00041475219768472016
177,1766572004.6263328,566400,1.115477442741394,4.507920265197754,1.3491240739822388,0.000485036289319396,0.7762181758880615,0.8067564964294434,1.353446364402771,0.00041475219768472016
178,1766572008.5324304,569600,1.115477442741394,4.507920265197754,1.3491240739822388,0.000485036289319396,0.7762181758880615,0.8067564964294434,1.3246495723724365,0.000346580141922459
179,1766572009.3121505,572800,1.115477442741394,4.507920265197754,1.3204193115234375,0.00029410060960799456,0.7762181758880615,0.8067564964294434,1.3246495723724365,0.000346580141922459
180,1766572015.004436,576000,1.1368827819824219,5.230782985687256,1.3204193115234375,0.00029410060960799456,0.7762181758880615,0.8067564964294434,1.3246495723724365,0.000346580141922459
181,1766572018.708375,579200,1.1368827819824219,5.230782985687256,1.3204193115234375,0.00029410060960799456,0.8127606511116028,0.739955723285675,1.3246495723724365,0.000346580141922459
182,1766572019.172406,582400,1.1368827819824219,5.230782985687256,1.3204193115234375,0.00029410060960799456,0.8127606511116028,0.739955723285675,1.2970528602600098,0.00026363320648670197
183,1766572020.1898665,585600,1.1368827819824219,5.230782985687256,1.2929105758666992,0.0002695022849366069,0.8127606511116028,0.739955723285675,1.2970528602600098,0.00026363320648670197
184,1766572024.259978,588800,1.1549921035766602,4.849437236785889,1.2929105758666992,0.0002695022849366069,0.8127606511116028,0.739955723285675,1.2970528602600098,0.00026363320648670197
185,1766572029.7243247,592000,1.1549921035766602,4.849437236785889,1.2929105758666992,0.0002695022849366069,0.8127606511116028,0.739955723285675,1.2705823183059692,0.0002845049893949181
186,1766572031.2106817,595200,1.1549921035766602,4.849437236785889,1.2665246725082397,0.00025786817423067987,0.8127606511116028,0.739955723285675,1.2705823183059692,0.0002845049893949181
187,1766572034.2626936,598400,1.1738067865371704,5.023811340332031,1.2665246725082397,0.00025786817423067987,0.8127606511116028,0.739955723285675,1.2705823183059692,0.0002845049893949181
188,1766572039.616593,601600,1.1738067865371704,5.023811340332031,1.2665246725082397,0.00025786817423067987,0.8465059399604797,0.704465925693512,1.2705823183059692,0.0002845049893949181
189,1766572040.604072,604800,1.1738067865371704,5.023811340332031,1.2665246725082397,0.00025786817423067987,0.8465059399604797,0.704465925693512,1.2451705932617188,0.00024571261019445956
190,1766572042.137983,608000,1.1738067865371704,5.023811340332031,1.2411941289901733,0.0002550054923631251,0.8465059399604797,0.704465925693512,1.2451705932617188,0.00024571261019445956
191,1766572045.3390884,611200,1.1905412673950195,4.7512922286987305,1.2411941289901733,0.0002550054923631251,0.8465059399604797,0.704465925693512,1.2451705932617188,0.00024571261019445956
192,1766572052.0777051,614400,1.1905412673950195,4.7512922286987305,1.2411941289901733,0.0002550054923631251,0.8465059399604797,0.704465925693512,1.2207555770874023,0.00021240164642222226
193,1766572053.5817268,617600,1.1905412673950195,4.7512922286987305,1.2168570756912231,0.00020695244893431664,0.8465059399604797,0.704465925693512,1.2207555770874023,0.00021240164642222226
194,1766572055.9077678,620800,1.2075471878051758,4.88776969909668,1.2168570756912231,0.00020695244893431664,0.8465059399604797,0.704465925693512,1.2207555770874023,0.00021240164642222226
195,1766572061.93349,624000,1.2075471878051758,4.88776969909668,1.2168570756912231,0.00020695244893431664,0.8786467909812927,0.6645954251289368,1.2207555770874023,0.00021240164642222226
196,1766572062.5089614,627200,1.2075471878051758,4.88776969909668,1.2168570756912231,0.00020695244893431664,0.8786467909812927,0.6645954251289368,1.1972795724868774,0.0002579553402028978
197,1766572063.9865444,630400,1.2075471878051758,4.88776969909668,1.1934559345245361,0.0002726285601966083,0.8786467909812927,0.6645954251289368,1.1972795724868774,0.0002579553402028978
198,1766572065.3745308,633600,1.2218267917633057,4.370668411254883,1.1934559345245361,0.0002726285601966083,0.8786467909812927,0.6645954251289368,1.1972795724868774,0.0002579553402028978
199,1766572073.2850113,636800,1.2218267917633057,4.370668411254883,1.1934559345245361,0.0002726285601966083,0.8786467909812927,0.6645954251289368,1.1746892929077148,0.00023396991309709847
200,1766572074.875122,640000,1.2218267917633057,4.370668411254883,1.1709378957748413,0.00018002254364546388,0.8786467909812927,0.6645954251289368,1.1746892929077148,0.00023396991309709847
201,1766572075.5422866,643200,1.2351082563400269,4.359194278717041,1.1709378957748413,0.00018002254364546388,0.8786467909812927,0.6645954251289368,1.1746892929077148,0.00023396991309709847
202,1766572082.6801286,646400,1.2351082563400269,4.359194278717041,1.1709378957748413,0.00018002254364546388,0.9066805839538574,0.6672681570053101,1.1746892929077148,0.00023396991309709847
203,1766572083.5508041,649600,1.2351082563400269,4.359194278717041,1.1709378957748413,0.00018002254364546388,0.9066805839538574,0.6672681570053101,1.1529358625411987,0.00018693787569645792
204,1766572085.254102,652800,1.248785138130188,4.555164337158203,1.1709378957748413,0.00018002254364546388,0.9066805839538574,0.6672681570053101,1.1529358625411987,0.00018693787569645792
205,1766572085.264406,656000,1.248785138130188,4.555164337158203,1.1492538452148438,0.00022474177239928395,0.9066805839538574,0.6672681570053101,1.1529358625411987,0.00018693787569645792
206,1766572095.4912164,659200,1.248785138130188,4.555164337158203,1.1492538452148438,0.00022474177239928395,0.9066805839538574,0.6672681570053101,1.1319732666015625,0.0002252209378639236
207,1766572096.567167,662400,1.2603322267532349,4.059117317199707,1.1492538452148438,0.00022474177239928395,0.9066805839538574,0.6672681570053101,1.1319732666015625,0.0002252209378639236
208,1766572097.1094415,665600,1.2603322267532349,4.059117317199707,1.128358244895935,0.0002669956593308598,0.9066805839538574,0.6672681570053101,1.1319732666015625,0.0002252209378639236
209,1766572103.4716554,668800,1.2603322267532349,4.059117317199707,1.128358244895935,0.0002669956593308598,0.9320541620254517,0.6284275054931641,1.1319732666015625,0.0002252209378639236
210,1766572105.9424202,672000,1.2603322267532349,4.059117317199707,1.128358244895935,0.0002669956593308598,0.9320541620254517,0.6284275054931641,1.1117595434188843,0.00020361141650937498
211,1766572106.5496962,675200,1.271350622177124,4.013887882232666,1.128358244895935,0.0002669956593308598,0.9320541620254517,0.6284275054931641,1.1117595434188843,0.00020361141650937498
212,1766572107.6564727,678400,1.271350622177124,4.013887882232666,1.1082091331481934,0.0001932712912093848,0.9320541620254517,0.6284275054931641,1.1117595434188843,0.00020361141650937498
213,1766572116.8440976,681600,1.2831776142120361,4.549238681793213,1.1082091331481934,0.0001932712912093848,0.9320541620254517,0.6284275054931641,1.1117595434188843,0.00020361141650937498
214,1766572117.8777645,684800,1.2831776142120361,4.549238681793213,1.1082091331481934,0.0001932712912093848,0.9320541620254517,0.6284275054931641,1.092843770980835,0.04615248739719391
215,1766572119.214745,688000,1.2831776142120361,4.549238681793213,1.0893440246582031,0.0382600873708725,0.9320541620254517,0.6284275054931641,1.092843770980835,0.04615248739719391
216,1766572120.7130144,691200,1.2831776142120361,4.549238681793213,1.0893440246582031,0.0382600873708725,0.9572771191596985,0.8594947457313538,1.092843770980835,0.04615248739719391
217,1766572127.3343256,694400,1.2983850240707397,5.452709674835205,1.0893440246582031,0.0382600873708725,0.9572771191596985,0.8594947457313538,1.092843770980835,0.04615248739719391
218,1766572128.1952338,697600,1.2983850240707397,5.452709674835205,1.0893440246582031,0.0382600873708725,0.9572771191596985,0.8594947457313538,1.0740015506744385,0.0002303558576386422
219,1766572130.434047,700800,1.2983850240707397,5.452709674835205,1.0705621242523193,0.00023735676950309426,0.9572771191596985,0.8594947457313538,1.0740015506744385,0.0002303558576386422
220,1766572138.4639082,704000,1.3118692636489868,4.92457914352417,1.0705621242523193,0.00023735676950309426,0.9572771191596985,0.8594947457313538,1.0740015506744385,0.0002303558576386422
221,1766572139.0350602,707200,1.3118692636489868,4.92457914352417,1.0705621242523193,0.00023735676950309426,0.9861043691635132,0.7001047134399414,1.0740015506744385,0.0002303558576386422
222,1766572139.893607,710400,1.3118692636489868,4.92457914352417,1.0705621242523193,0.00023735676950309426,0.9861043691635132,0.7001047134399414,1.0557981729507446,0.00019704912847373635
223,1766572141.414536,713600,1.3118692636489868,4.92457914352417,1.0524170398712158,0.00018266987171955407,0.9861043691635132,0.7001047134399414,1.0557981729507446,0.00019704912847373635
224,1766572148.0803795,716800,1.32262122631073,4.472224235534668,1.0524170398712158,0.00018266987171955407,0.9861043691635132,0.7001047134399414,1.0557981729507446,0.00019704912847373635
225,1766572150.4888036,720000,1.32262122631073,4.472224235534668,1.0524170398712158,0.00018266987171955407,0.9861043691635132,0.7001047134399414,1.0383142232894897,0.006516516208648682
226,1766572151.9895556,723200,1.32262122631073,4.472224235534668,1.035210132598877,0.0228790994733572,0.9861043691635132,0.7001047134399414,1.0383142232894897,0.006516516208648682
227,1766572155.1155133,726400,1.32262122631073,4.472224235534668,1.035210132598877,0.0228790994733572,1.0107216835021973,0.7889460325241089,1.0383142232894897,0.006516516208648682
228,1766572158.9348466,729600,1.3355880975723267,5.15869665145874,1.035210132598877,0.0228790994733572,1.0107216835021973,0.7889460325241089,1.0383142232894897,0.006516516208648682
229,1766572162.4963214,732800,1.3355880975723267,5.15869665145874,1.035210132598877,0.0228790994733572,1.0107216835021973,0.7889460325241089,1.021831750869751,0.07462128251791
230,1766572163.772682,736000,1.3355880975723267,5.15869665145874,1.0185738801956177,0.028007248416543007,1.0107216835021973,0.7889460325241089,1.021831750869751,0.07462128251791
231,1766572169.0899165,739200,1.3355880975723267,5.15869665145874,1.0185738801956177,0.028007248416543007,1.037291169166565,1.0264326333999634,1.021831750869751,0.07462128251791
232,1766572169.848882,742400,1.348962664604187,5.633753299713135,1.0185738801956177,0.028007248416543007,1.037291169166565,1.0264326333999634,1.021831750869751,0.07462128251791
233,1766572173.2122989,745600,1.348962664604187,5.633753299713135,1.0185738801956177,0.028007248416543007,1.037291169166565,1.0264326333999634,1.006996512413025,0.1549481600522995
234,1766572175.3639932,748800,1.348962664604187,5.633753299713135,1.0039855241775513,0.18088436126708984,1.037291169166565,1.0264326333999634,1.006996512413025,0.1549481600522995
235,1766572179.4170487,752000,1.3625491857528687,5.591282844543457,1.0039855241775513,0.18088436126708984,1.037291169166565,1.0264326333999634,1.006996512413025,0.1549481600522995
236,1766572183.7027714,755200,1.3625491857528687,5.591282844543457,1.0039855241775513,0.18088436126708984,1.037291169166565,1.0264326333999634,0.9914357662200928,0.033934738487005234
237,1766572184.8579636,758400,1.3625491857528687,5.591282844543457,1.0039855241775513,0.18088436126708984,1.0632206201553345,0.8607134222984314,0.9914357662200928,0.033934738487005234
238,1766572185.026179,761600,1.3625491857528687,5.591282844543457,0.9882667660713196,0.02626393549144268,1.0632206201553345,0.8607134222984314,0.9914357662200928,0.033934738487005234
239,1766572190.1103618,764800,1.3733940124511719,5.022922039031982,0.9882667660713196,0.02626393549144268,1.0632206201553345,0.8607134222984314,0.9914357662200928,0.033934738487005234
240,1766572194.7187583,768000,1.3733940124511719,5.022922039031982,0.9882667660713196,0.02626393549144268,1.0632206201553345,0.8607134222984314,0.9800112843513489,0.4967104196548462
241,1766572196.7691543,771200,1.3733940124511719,5.022922039031982,0.9779634475708008,0.5929883718490601,1.0632206201553345,0.8607134222984314,0.9800112843513489,0.4967104196548462
242,1766572197.396268,774400,1.3733940124511719,5.022922039031982,0.9779634475708008,0.5929883718490601,1.0796476602554321,1.3420246839523315,0.9800112843513489,0.4967104196548462
243,1766572201.3054326,777600,1.377299189567566,4.009922504425049,0.9779634475708008,0.5929883718490601,1.0796476602554321,1.3420246839523315,0.9800112843513489,0.4967104196548462
244,1766572206.1268542,780800,1.377299189567566,4.009922504425049,0.9779634475708008,0.5929883718490601,1.0796476602554321,1.3420246839523315,0.9708350896835327,0.6726014614105225
245,1766572208.7008457,784000,1.377299189567566,4.009922504425049,0.9705556035041809,0.8651121854782104,1.0796476602554321,1.3420246839523315,0.9708350896835327,0.6726014614105225
246,1766572209.616477,787200,1.377299189567566,4.009922504425049,0.9705556035041809,0.8651121854782104,1.0878568887710571,1.5100773572921753,0.9708350896835327,0.6726014614105225
247,1766572213.1743836,790400,1.379508137702942,3.4732182025909424,0.9705556035041809,0.8651121854782104,1.0878568887710571,1.5100773572921753,0.9708350896835327,0.6726014614105225
248,1766572217.8686233,793600,1.379508137702942,3.4732182025909424,0.9705556035041809,0.8651121854782104,1.0878568887710571,1.5100773572921753,0.967755913734436,1.2291542291641235
249,1766572219.9682765,796800,1.379508137702942,3.4732182025909424,0.9654425978660583,0.991240382194519,1.0878568887710571,1.5100773572921753,0.967755913734436,1.2291542291641235
250,1766572221.110894,800000,1.379508137702942,3.4732182025909424,0.9654425978660583,0.991240382194519,1.0929622650146484,1.4304758310317993,0.967755913734436,1.2291542291641235
251,1766572223.886482,803200,1.376476764678955,2.587346076965332,0.9654425978660583,0.991240382194519,1.0929622650146484,1.4304758310317993,0.967755913734436,1.2291542291641235
252,1766572229.4072752,806400,1.376476764678955,2.587346076965332,0.9654425978660583,0.991240382194519,1.0929622650146484,1.4304758310317993,0.9633991718292236,0.8560687303543091
253,1766572231.2517538,809600,1.376476764678955,2.587346076965332,0.9616350531578064,0.9145998954772949,1.0929622650146484,1.4304758310317993,0.9633991718292236,0.8560687303543091
254,1766572233.2727542,812800,1.376476764678955,2.587346076965332,0.9616350531578064,0.9145998954772949,1.0916510820388794,1.2424651384353638,0.9633991718292236,0.8560687303543091
255,1766572234.8640459,816000,1.3729588985443115,2.5305984020233154,0.9616350531578064,0.9145998954772949,1.0916510820388794,1.2424651384353638,0.9633991718292236,0.8560687303543091
256,1766572241.5393443,819200,1.3729588985443115,2.5305984020233154,0.9616350531578064,0.9145998954772949,1.0916510820388794,1.2424651384353638,0.9590011835098267,0.9208540320396423
257,1766572243.749176,822400,1.3729588985443115,2.5305984020233154,0.9595441222190857,1.1230440139770508,1.0916510820388794,1.2424651384353638,0.9590011835098267,0.9208540320396423
258,1766572244.864054,825600,1.3729588985443115,2.5305984020233154,0.9595441222190857,1.1230440139770508,1.0954368114471436,1.4783936738967896,0.9590011835098267,0.9208540320396423
259,1766572247.7771852,828800,1.3711767196655273,2.87148118019104,0.9595441222190857,1.1230440139770508,1.0954368114471436,1.4783936738967896,0.9590011835098267,0.9208540320396423
260,1766572253.957485,832000,1.3711767196655273,2.87148118019104,0.9595441222190857,1.1230440139770508,1.0954368114471436,1.4783936738967896,0.9566356539726257,1.0864639282226562
261,1766572255.2159607,835200,1.3711767196655273,2.87148118019104,0.9561683535575867,1.0530918836593628,1.0954368114471436,1.4783936738967896,0.9566356539726257,1.0864639282226562
262,1766572256.772305,838400,1.3711767196655273,2.87148118019104,0.9561683535575867,1.0530918836593628,1.1015357971191406,1.4117834568023682,0.9566356539726257,1.0864639282226562
263,1766572258.3411705,841600,1.3721253871917725,3.4393911361694336,0.9561683535575867,1.0530918836593628,1.1015357971191406,1.4117834568023682,0.9566356539726257,1.0864639282226562
264,1766572266.4244804,844800,1.3721253871917725,3.4393911361694336,0.9561683535575867,1.0530918836593628,1.1015357971191406,1.4117834568023682,0.9493834376335144,0.719662606716156
265,1766572268.2110193,848000,1.3721253871917725,3.4393911361694336,0.9471108913421631,0.5443575978279114,1.1015357971191406,1.4117834568023682,0.9493834376335144,0.719662606716156
266,1766572270.4934983,851200,1.3789622783660889,4.5260820388793945,0.9471108913421631,0.5443575978279114,1.1015357971191406,1.4117834568023682,0.9493834376335144,0.719662606716156
267,1766572271.6755805,854400,1.3789622783660889,4.5260820388793945,0.9471108913421631,0.5443575978279114,1.115696907043457,1.1929502487182617,0.9493834376335144,0.719662606716156
268,1766572278.007559,857600,1.3789622783660889,4.5260820388793945,0.9471108913421631,0.5443575978279114,1.115696907043457,1.1929502487182617,0.9369699954986572,0.22728057205677032
269,1766572279.9925613,860800,1.3789622783660889,4.5260820388793945,0.9345378279685974,0.18973521888256073,1.115696907043457,1.1929502487182617,0.9369699954986572,0.22728057205677032
270,1766572280.9946854,864000,1.390491247177124,5.608061790466309,0.9345378279685974,0.18973521888256073,1.115696907043457,1.1929502487182617,0.9369699954986572,0.22728057205677032
271,1766572288.4365823,867200,1.390491247177124,5.608061790466309,0.9345378279685974,0.18973521888256073,1.115696907043457,1.1929502487182617,0.923956573009491,0.08389167487621307
272,1766572291.0658941,870400,1.390491247177124,5.608061790466309,0.9345378279685974,0.18973521888256073,1.136352300643921,0.7269143462181091,0.923956573009491,0.08389167487621307
273,1766572291.1984682,873600,1.390491247177124,5.608061790466309,0.9216507077217102,0.07571204006671906,1.136352300643921,0.7269143462181091,0.923956573009491,0.08389167487621307
274,1766572291.5433583,876800,1.401042103767395,5.38474702835083,0.9216507077217102,0.07571204006671906,1.136352300643921,0.7269143462181091,0.923956573009491,0.08389167487621307
275,1766572299.8384504,880000,1.401042103767395,5.38474702835083,0.9216507077217102,0.07571204006671906,1.136352300643921,0.7269143462181091,0.9113897085189819,0.04782554507255554
276,1766572301.6487653,883200,1.401042103767395,5.38474702835083,0.9090253114700317,0.04195932671427727,1.136352300643921,0.7269143462181091,0.9113897085189819,0.04782554507255554
277,1766572301.6945968,886400,1.4124490022659302,5.478043079376221,0.9090253114700317,0.04195932671427727,1.136352300643921,0.7269143462181091,0.9113897085189819,0.04782554507255554
278,1766572310.0201948,889600,1.4124490022659302,5.478043079376221,0.9090253114700317,0.04195932671427727,1.1568135023117065,0.5918404459953308,0.9113897085189819,0.04782554507255554
279,1766572311.1865861,892800,1.4124490022659302,5.478043079376221,0.9090253114700317,0.04195932671427727,1.1568135023117065,0.5918404459953308,0.8990736603736877,0.026200059801340103
280,1766572312.2582784,896000,1.4232079982757568,5.512413024902344,0.9090253114700317,0.04195932671427727,1.1568135023117065,0.5918404459953308,0.8990736603736877,0.026200059801340103
281,1766572312.6845646,899200,1.4232079982757568,5.512413024902344,0.8967412114143372,0.025018416345119476,1.1568135023117065,0.5918404459953308,0.8990736603736877,0.026200059801340103
282,1766572323.6545954,902400,1.4329913854599,5.33962869644165,0.8967412114143372,0.025018416345119476,1.1568135023117065,0.5918404459953308,0.8990736603736877,0.026200059801340103
283,1766572323.8414848,905600,1.4329913854599,5.33962869644165,0.8967412114143372,0.025018416345119476,1.1568135023117065,0.5918404459953308,0.8876157999038696,0.0889158770442009
284,1766572325.8734756,908800,1.4329913854599,5.33962869644165,0.885491132736206,0.10363534837961197,1.1568135023117065,0.5918404459953308,0.8876157999038696,0.0889158770442009
285,1766572327.8461332,912000,1.4329913854599,5.33962869644165,0.885491132736206,0.10363534837961197,1.1755707263946533,0.6531214714050293,0.8876157999038696,0.0889158770442009
286,1766572334.625519,915200,1.4423896074295044,5.264815330505371,0.885491132736206,0.10363534837961197,1.1755707263946533,0.6531214714050293,0.8876157999038696,0.0889158770442009
287,1766572335.7096608,918400,1.4423896074295044,5.264815330505371,0.885491132736206,0.10363534837961197,1.1755707263946533,0.6531214714050293,0.8764773011207581,0.05191713199019432
288,1766572336.5335562,921600,1.4423896074295044,5.264815330505371,0.8741908073425293,0.03408386558294296,1.1755707263946533,0.6531214714050293,0.8764773011207581,0.05191713199019432
289,1766572344.2716022,924800,1.451454520225525,5.287808895111084,0.8741908073425293,0.03408386558294296,1.1755707263946533,0.6531214714050293,0.8764773011207581,0.05191713199019432
290,1766572345.8177571,928000,1.451454520225525,5.287808895111084,0.8741908073425293,0.03408386558294296,1.1755707263946533,0.6531214714050293,0.8650944828987122,0.0065701971761882305
291,1766572346.9012475,931200,1.451454520225525,5.287808895111084,0.8628376722335815,0.006253031548112631,1.1755707263946533,0.6531214714050293,0.8650944828987122,0.0065701971761882305
292,1766572348.3239086,934400,1.451454520225525,5.287808895111084,0.8628376722335815,0.006253031548112631,1.1936640739440918,0.6628611087799072,0.8650944828987122,0.0065701971761882305
293,1766572355.718358,937600,1.4602149724960327,5.402560710906982,0.8628376722335815,0.006253031548112631,1.1936640739440918,0.6628611087799072,0.8650944828987122,0.0065701971761882305
294,1766572357.7401006,940800,1.4602149724960327,5.402560710906982,0.8628376722335815,0.006253031548112631,1.1936640739440918,0.6628611087799072,0.8549563884735107,0.08824479579925537
295,1766572359.1827073,944000,1.4602149724960327,5.402560710906982,0.853655993938446,0.1935710459947586,1.1936640739440918,0.6628611087799072,0.8549563884735107,0.08824479579925537
296,1766572361.5166788,947200,1.4602149724960327,5.402560710906982,0.853655993938446,0.1935710459947586,1.2089457511901855,1.111430048942566,0.8549563884735107,0.08824479579925537
297,1766572367.604924,950400,1.4663008451461792,4.7052435874938965,0.853655993938446,0.1935710459947586,1.2089457511901855,1.111430048942566,0.8549563884735107,0.08824479579925537
298,1766572369.3100631,953600,1.4663008451461792,4.7052435874938965,0.853655993938446,0.1935710459947586,1.2089457511901855,1.111430048942566,0.8465979099273682,0.3128478229045868
299,1766572370.8331122,956800,1.4663008451461792,4.7052435874938965,0.8443897366523743,0.17466403543949127,1.2089457511901855,1.111430048942566,0.8465979099273682,0.3128478229045868
300,1766572377.7956655,960000,1.4749823808670044,5.505998611450195,0.8443897366523743,0.17466403543949127,1.2089457511901855,1.111430048942566,0.8465979099273682,0.3128478229045868
301,1766572379.645733,963200,1.4749823808670044,5.505998611450195,0.8443897366523743,0.17466403543949127,1.2251522541046143,0.7397447228431702,0.8465979099273682,0.3128478229045868
302,1766572380.1174536,966400,1.4749823808670044,5.505998611450195,0.8443897366523743,0.17466403543949127,1.2251522541046143,0.7397447228431702,0.8360976576805115,0.01394572202116251
303,1766572382.5503466,969600,1.4749823808670044,5.505998611450195,0.8339182138442993,0.014721974730491638,1.2251522541046143,0.7397447228431702,0.8360976576805115,0.01394572202116251
304,1766572389.255309,972800,1.4840987920761108,5.584084510803223,0.8339182138442993,0.014721974730491638,1.2251522541046143,0.7397447228431702,0.8360976576805115,0.01394572202116251
305,1766572392.3072662,976000,1.4840987920761108,5.584084510803223,0.8339182138442993,0.014721974730491638,1.2251522541046143,0.7397447228431702,0.8267831802368164,0.10296819359064102
306,1766572395.5210366,979200,1.4840987920761108,5.584084510803223,0.8247987031936646,0.10530368238687515,1.2251522541046143,0.7397447228431702,0.8267831802368164,0.10296819359064102
307,1766572395.6313674,982400,1.4840987920761108,5.584084510803223,0.8247987031936646,0.10530368238687515,1.2416198253631592,0.8685314059257507,0.8267831802368164,0.10296819359064102
308,1766572400.4439766,985600,1.4928003549575806,5.593366622924805,0.8247987031936646,0.10530368238687515,1.2416198253631592,0.8685314059257507,0.8267831802368164,0.10296819359064102
309,1766572404.4545865,988800,1.4928003549575806,5.593366622924805,0.8247987031936646,0.10530368238687515,1.2416198253631592,0.8685314059257507,0.8171850442886353,0.057953041046857834
310,1766572406.593348,992000,1.4928003549575806,5.593366622924805,0.815065324306488,0.043552227318286896,1.2416198253631592,0.8685314059257507,0.8171850442886353,0.057953041046857834
311,1766572411.001423,995200,1.5015459060668945,5.521522045135498,0.815065324306488,0.043552227318286896,1.2416198253631592,0.8685314059257507,0.8171850442886353,0.057953041046857834
312,1766572414.7079833,998400,1.5015459060668945,5.521522045135498,0.815065324306488,0.043552227318286896,1.2581844329833984,0.7383715510368347,0.8171850442886353,0.057953041046857834
313,1766572415.0246732,1001600,1.5015459060668945,5.521522045135498,0.815065324306488,0.043552227318286896,1.2581844329833984,0.7383715510368347,0.8073394894599915,0.0038858973421156406
314,1766572417.6955028,1004800,1.5015459060668945,5.521522045135498,0.8053272366523743,0.009596711955964565,1.2581844329833984,0.7383715510368347,0.8073394894599915,0.0038858973421156406
315,1766572421.3516626,1008000,1.5070632696151733,4.7272186279296875,0.8053272366523743,0.009596711955964565,1.2581844329833984,0.7383715510368347,0.8073394894599915,0.0038858973421156406
316,1766572426.3377376,1011200,1.5070632696151733,4.7272186279296875,0.8053272366523743,0.009596711955964565,1.2581844329833984,0.7383715510368347,0.7999805212020874,0.2518896162509918
317,1766572427.9348521,1014400,1.5070632696151733,4.7272186279296875,0.8053272366523743,0.009596711955964565,1.26870596408844,1.0572508573532104,0.7999805212020874,0.2518896162509918
318,1766572429.2695446,1017600,1.5070632696151733,4.7272186279296875,0.7982677221298218,0.28318557143211365,1.26870596408844,1.0572508573532104,0.7999805212020874,0.2518896162509918
319,1766572433.4685173,1020800,1.5107280015945435,4.365978717803955,0.7982677221298218,0.28318557143211365,1.26870596408844,1.0572508573532104,0.7999805212020874,0.2518896162509918
320,1766572439.362666,1024000,1.5107280015945435,4.365978717803955,0.7982677221298218,0.28318557143211365,1.26870596408844,1.0572508573532104,0.7924768328666687,0.21178385615348816
321,1766572441.7184668,1027200,1.5107280015945435,4.365978717803955,0.7906924486160278,0.19756843149662018,1.26870596408844,1.0572508573532104,0.7924768328666687,0.21178385615348816
322,1766572443.313593,1030400,1.5107280015945435,4.365978717803955,0.7906924486160278,0.19756843149662018,1.2804031372070312,0.9668369889259338,0.7924768328666687,0.21178385615348816
323,1766572444.816038,1033600,1.5165754556655884,4.996203422546387,0.7906924486160278,0.19756843149662018,1.2804031372070312,0.9668369889259338,0.7924768328666687,0.21178385615348816
324,1766572451.3205464,1036800,1.5165754556655884,4.996203422546387,0.7906924486160278,0.19756843149662018,1.2804031372070312,0.9668369889259338,0.784597635269165,0.13806942105293274
325,1766572452.8656144,1040000,1.5165754556655884,4.996203422546387,0.7826767563819885,0.1118985116481781,1.2804031372070312,0.9668369889259338,0.784597635269165,0.13806942105293274
326,1766572455.750121,1043200,1.5231499671936035,5.3067803382873535,0.7826767563819885,0.1118985116481781,1.2804031372070312,0.9668369889259338,0.784597635269165,0.13806942105293274
327,1766572458.6140141,1046400,1.5231499671936035,5.3067803382873535,0.7826767563819885,0.1118985116481781,1.2932744026184082,0.8690254092216492,0.784597635269165,0.13806942105293274
328,1766572463.3647594,1049600,1.5231499671936035,5.3067803382873535,0.7826767563819885,0.1118985116481781,1.2932744026184082,0.8690254092216492,0.7764866352081299,0.09357401728630066
329,1766572464.8539658,1052800,1.5231499671936035,5.3067803382873535,0.7745234370231628,0.10708387196063995,1.2932744026184082,0.8690254092216492,0.7764866352081299,0.09357401728630066
330,1766572467.2805595,1056000,1.530006766319275,5.196337699890137,0.7745234370231628,0.10708387196063995,1.2932744026184082,0.8690254092216492,0.7764866352081299,0.09357401728630066
331,1766572473.8303592,1059200,1.530006766319275,5.196337699890137,0.7745234370231628,0.10708387196063995,1.307667851448059,0.6566532850265503,0.7764866352081299,0.09357401728630066
332,1766572475.5364869,1062400,1.530006766319275,5.196337699890137,0.7745234370231628,0.10708387196063995,1.307667851448059,0.6566532850265503,0.768120527267456,0.07093498110771179
333,1766572476.5522442,1065600,1.530006766319275,5.196337699890137,0.7661827206611633,0.06819835305213928,1.307667851448059,0.6566532850265503,0.768120527267456,0.07093498110771179
334,1766572478.543662,1068800,1.5383455753326416,5.8590087890625,0.7661827206611633,0.06819835305213928,1.307667851448059,0.6566532850265503,0.768120527267456,0.07093498110771179
335,1766572486.9269428,1072000,1.5383455753326416,5.8590087890625,0.7661827206611633,0.06819835305213928,1.307667851448059,0.6566532850265503,0.7596397995948792,0.028567515313625336
336,1766572488.5661273,1075200,1.5383455753326416,5.8590087890625,0.7577227354049683,0.022663116455078125,1.307667851448059,0.6566532850265503,0.7596397995948792,0.028567515313625336
337,1766572489.6465626,1078400,1.5448135137557983,5.114708423614502,0.7577227354049683,0.022663116455078125,1.307667851448059,0.6566532850265503,0.7596397995948792,0.028567515313625336
338,1766572492.7855656,1081600,1.5448135137557983,5.114708423614502,0.7577227354049683,0.022663116455078125,1.3212013244628906,0.6060511469841003,0.7596397995948792,0.028567515313625336
339,1766572499.5174103,1084800,1.5448135137557983,5.114708423614502,0.7577227354049683,0.022663116455078125,1.3212013244628906,0.6060511469841003,0.7514997124671936,0.044044025242328644
340,1766572500.9472036,1088000,1.5448135137557983,5.114708423614502,0.7498399615287781,0.08604049682617188,1.3212013244628906,0.6060511469841003,0.7514997124671936,0.044044025242328644
341,1766572501.6449962,1091200,1.5518782138824463,5.527460098266602,0.7498399615287781,0.08604049682617188,1.3212013244628906,0.6060511469841003,0.7514997124671936,0.044044025242328644
342,1766572508.1538324,1094400,1.5518782138824463,5.527460098266602,0.7498399615287781,0.08604049682617188,1.3336893320083618,0.8192979097366333,0.7514997124671936,0.044044025242328644
343,1766572511.460429,1097600,1.5518782138824463,5.527460098266602,0.7498399615287781,0.08604049682617188,1.3336893320083618,0.8192979097366333,0.7445513606071472,0.18647819757461548
344,1766572512.199555,1100800,1.5582036972045898,5.21720552444458,0.7498399615287781,0.08604049682617188,1.3336893320083618,0.8192979097366333,0.7445513606071472,0.18647819757461548
345,1766572512.6515987,1104000,1.5582036972045898,5.21720552444458,0.742804229259491,0.13063345849514008,1.3336893320083618,0.8192979097366333,0.7445513606071472,0.18647819757461548
346,1766572522.377756,1107200,1.5645211935043335,5.202998161315918,0.742804229259491,0.13063345849514008,1.3336893320083618,0.8192979097366333,0.7445513606071472,0.18647819757461548
347,1766572523.0535736,1110400,1.5645211935043335,5.202998161315918,0.742804229259491,0.13063345849514008,1.3336893320083618,0.8192979097366333,0.7365319132804871,0.0077033196575939655
348,1766572523.9408903,1113600,1.5645211935043335,5.202998161315918,0.7347303032875061,0.004275872837752104,1.3336893320083618,0.8192979097366333,0.7365319132804871,0.0077033196575939655
349,1766572526.9822464,1116800,1.5645211935043335,5.202998161315918,0.7347303032875061,0.004275872837752104,1.346742033958435,0.6140896081924438,0.7365319132804871,0.0077033196575939655
350,1766572533.8701558,1120000,1.5714271068572998,5.433943748474121,0.7347303032875061,0.004275872837752104,1.346742033958435,0.6140896081924438,0.7365319132804871,0.0077033196575939655
351,1766572535.0789986,1123200,1.5714271068572998,5.433943748474121,0.7347303032875061,0.004275872837752104,1.346742033958435,0.6140896081924438,0.7291172742843628,0.09596305340528488
352,1766572536.32025,1126400,1.5714271068572998,5.433943748474121,0.7278403043746948,0.21714656054973602,1.346742033958435,0.6140896081924438,0.7291172742843628,0.09596305340528488
353,1766572541.1023262,1129600,1.5714271068572998,5.433943748474121,0.7278403043746948,0.21714656054973602,1.3572335243225098,1.0925774574279785,0.7291172742843628,0.09596305340528488
354,1766572544.975488,1132800,1.5749273300170898,4.91294002532959,0.7278403043746948,0.21714656054973602,1.3572335243225098,1.0925774574279785,0.7291172742843628,0.09596305340528488
355,1766572547.3160906,1136000,1.5749273300170898,4.91294002532959,0.7278403043746948,0.21714656054973602,1.3572335243225098,1.0925774574279785,0.724410355091095,0.3583400249481201
356,1766572547.7951508,1139200,1.5749273300170898,4.91294002532959,0.7226091623306274,0.2606867253780365,1.3572335243225098,1.0925774574279785,0.724410355091095,0.3583400249481201
357,1766572556.6844087,1142400,1.5856554508209229,5.103324890136719,0.7226091623306274,0.2606867253780365,1.3572335243225098,1.0925774574279785,0.724410355091095,0.3583400249481201
358,1766572557.6359744,1145600,1.5856554508209229,5.103324890136719,0.7226091623306274,0.2606867253780365,1.3683303594589233,0.5931269526481628,0.724410355091095,0.3583400249481201
359,1766572559.7429907,1148800,1.5856554508209229,5.103324890136719,0.7226091623306274,0.2606867253780365,1.3683303594589233,0.5931269526481628,0.7169253826141357,0.03636762127280235
360,1766572560.0348797,1152000,1.5856554508209229,5.103324890136719,0.7152853012084961,0.04648035764694214,1.3683303594589233,0.5931269526481628,0.7169253826141357,0.03636762127280235
361,1766572567.7089255,1155200,1.6004526615142822,5.829050064086914,0.7152853012084961,0.04648035764694214,1.3683303594589233,0.5931269526481628,0.7169253826141357,0.03636762127280235
362,1766572571.3860736,1158400,1.6004526615142822,5.829050064086914,0.7152853012084961,0.04648035764694214,1.3683303594589233,0.5931269526481628,0.7103786468505859,0.14720550179481506
363,1766572571.7099338,1161600,1.6004526615142822,5.829050064086914,0.7090150117874146,0.12364227324724197,1.3683303594589233,0.5931269526481628,0.7103786468505859,0.14720550179481506
364,1766572572.942687,1164800,1.6004526615142822,5.829050064086914,0.7090150117874146,0.12364227324724197,1.3804608583450317,0.7914158701896667,0.7103786468505859,0.14720550179481506
365,1766572577.6824234,1168000,1.6158809661865234,5.190362453460693,0.7090150117874146,0.12364227324724197,1.3804608583450317,0.7914158701896667,0.7103786468505859,0.14720550179481506
366,1766572581.6910717,1171200,1.6158809661865234,5.190362453460693,0.7090150117874146,0.12364227324724197,1.3804608583450317,0.7914158701896667,0.7038798928260803,0.07074148952960968
367,1766572582.0819373,1174400,1.6158809661865234,5.190362453460693,0.7022517919540405,0.06952198594808578,1.3804608583450317,0.7914158701896667,0.7038798928260803,0.07074148952960968
368,1766572587.331163,1177600,1.6335515975952148,5.519368648529053,0.7022517919540405,0.06952198594808578,1.3804608583450317,0.7914158701896667,0.7038798928260803,0.07074148952960968
369,1766572588.1009524,1180800,1.6335515975952148,5.519368648529053,0.7022517919540405,0.06952198594808578,1.3916932344436646,0.6902931928634644,0.7038798928260803,0.07074148952960968
370,1766572591.647829,1184000,1.6335515975952148,5.519368648529053,0.7022517919540405,0.06952198594808578,1.3916932344436646,0.6902931928634644,0.69697505235672,0.05675167590379715
371,1766572592.193365,1187200,1.6335515975952148,5.519368648529053,0.6951557993888855,0.02511328086256981,1.3916932344436646,0.6902931928634644,0.69697505235672,0.05675167590379715
372,1766572597.923474,1190400,1.64850914478302,4.592012405395508,0.6951557993888855,0.02511328086256981,1.3916932344436646,0.6902931928634644,0.69697505235672,0.05675167590379715
373,1766572601.05698,1193600,1.64850914478302,4.592012405395508,0.6951557993888855,0.02511328086256981,1.3988478183746338,0.9509133696556091,0.69697505235672,0.05675167590379715
374,1766572603.80139,1196800,1.64850914478302,4.592012405395508,0.6951557993888855,0.02511328086256981,1.3988478183746338,0.9509133696556091,0.6925930380821228,0.37340566515922546
375,1766572604.1111324,1200000,1.64850914478302,4.592012405395508,0.691068708896637,0.4004250168800354,1.3988478183746338,0.9509133696556091,0.6925930380821228,0.37340566515922546
376,1766572609.8684058,1203200,1.6674599647521973,5.164546012878418,0.691068708896637,0.4004250168800354,1.3988478183746338,0.9509133696556091,0.6925930380821228,0.37340566515922546
377,1766572615.9968727,1206400,1.6674599647521973,5.164546012878418,0.6848913431167603,0.07534418255090714,1.3988478183746338,0.9509133696556091,0.6925930380821228,0.37340566515922546
378,1766572616.400526,1209600,1.6674599647521973,5.164546012878418,0.6848913431167603,0.07534418255090714,1.409982681274414,0.7582070827484131,0.6925930380821228,0.37340566515922546
379,1766572616.4452226,1212800,1.6674599647521973,5.164546012878418,0.6848913431167603,0.07534418255090714,1.409982681274414,0.7582070827484131,0.6865575909614563,0.07948170602321625
380,1766572620.1693392,1216000,1.689655065536499,5.950002193450928,0.6848913431167603,0.07534418255090714,1.409982681274414,0.7582070827484131,0.6865575909614563,0.07948170602321625
381,1766572627.5292034,1219200,1.689655065536499,5.950002193450928,0.6760523915290833,0.02214374952018261,1.409982681274414,0.7582070827484131,0.6865575909614563,0.07948170602321625
382,1766572628.020489,1222400,1.689655065536499,5.950002193450928,0.6760523915290833,0.02214374952018261,1.409982681274414,0.7582070827484131,0.6775014996528625,0.015267645940184593
383,1766572631.0618997,1225600,1.7131338119506836,5.958994388580322,0.6760523915290833,0.02214374952018261,1.409982681274414,0.7582070827484131,0.6775014996528625,0.015267645940184593
384,1766572635.2175424,1228800,1.7131338119506836,5.958994388580322,0.6760523915290833,0.02214374952018261,1.4221433401107788,0.6432414054870605,0.6775014996528625,0.015267645940184593
385,1766572638.8570747,1232000,1.7131338119506836,5.958994388580322,0.6760523915290833,0.02214374952018261,1.4221433401107788,0.6432414054870605,0.6669973731040955,0.028580021113157272
386,1766572638.891066,1235200,1.7131338119506836,5.958994388580322,0.6660696864128113,0.057521019130945206,1.4221433401107788,0.6432414054870605,0.6669973731040955,0.028580021113157272
387,1766572643.1905787,1238400,1.7356165647506714,5.386226654052734,0.6660696864128113,0.057521019130945206,1.4221433401107788,0.6432414054870605,0.6669973731040955,0.028580021113157272
388,1766572649.865008,1241600,1.7356165647506714,5.386226654052734,0.6660696864128113,0.057521019130945206,1.4305084943771362,0.986293375492096,0.6669973731040955,0.028580021113157272
389,1766572651.4687543,1244800,1.7356165647506714,5.386226654052734,0.6572554707527161,0.24398711323738098,1.4305084943771362,0.986293375492096,0.6669973731040955,0.028580021113157272
390,1766572651.5468566,1248000,1.7356165647506714,5.386226654052734,0.6572554707527161,0.24398711323738098,1.4305084943771362,0.986293375492096,0.658614993095398,0.3341299295425415
391,1766572654.510297,1251200,1.7550173997879028,4.86027193069458,0.6572554707527161,0.24398711323738098,1.4305084943771362,0.986293375492096,0.658614993095398,0.3341299295425415
392,1766572663.3739336,1254400,1.7550173997879028,4.86027193069458,0.6572554707527161,0.24398711323738098,1.4305084943771362,0.986293375492096,0.6454874873161316,0.12309128791093826
393,1766572663.4100266,1257600,1.7550173997879028,4.86027193069458,0.6440665125846863,0.16410622000694275,1.4305084943771362,0.986293375492096,0.6454874873161316,0.12309128791093826
394,1766572665.4751472,1260800,1.7776963710784912,5.564492225646973,0.6440665125846863,0.16410622000694275,1.4305084943771362,0.986293375492096,0.6454874873161316,0.12309128791093826
395,1766572666.0591707,1264000,1.7776963710784912,5.564492225646973,0.6440665125846863,0.16410622000694275,1.4410321712493896,0.6479039788246155,0.6454874873161316,0.12309128791093826
396,1766572674.8868692,1267200,1.7776963710784912,5.564492225646973,0.6289145946502686,0.016957826912403107,1.4410321712493896,0.6479039788246155,0.6454874873161316,0.12309128791093826
397,1766572675.2334924,1270400,1.7776963710784912,5.564492225646973,0.6289145946502686,0.016957826912403107,1.4410321712493896,0.6479039788246155,0.6298341155052185,0.014708265662193298
398,1766572676.5715303,1273600,1.800768494606018,5.794064998626709,0.6289145946502686,0.016957826912403107,1.4410321712493896,0.6479039788246155,0.6298341155052185,0.014708265662193298
399,1766572684.1611514,1276800,1.800768494606018,5.794064998626709,0.6289145946502686,0.016957826912403107,1.4521976709365845,0.4700475335121155,0.6298341155052185,0.014708265662193298
400,1766572686.2138073,1280000,1.800768494606018,5.794064998626709,0.6289145946502686,0.016957826912403107,1.4521976709365845,0.4700475335121155,0.6047726273536682,0.045950260013341904
401,1766572686.6678889,1283200,1.800768494606018,5.794064998626709,0.6043829917907715,0.023983445018529892,1.4521976709365845,0.4700475335121155,0.6047726273536682,0.045950260013341904
402,1766572687.9062204,1286400,1.823253870010376,5.544692039489746,0.6043829917907715,0.023983445018529892,1.4521976709365845,0.4700475335121155,0.6047726273536682,0.045950260013341904
403,1766572698.2435906,1289600,1.823253870010376,5.544692039489746,0.5774120688438416,0.1366807073354721,1.4521976709365845,0.4700475335121155,0.6047726273536682,0.045950260013341904
404,1766572698.7088354,1292800,1.823253870010376,5.544692039489746,0.5774120688438416,0.1366807073354721,1.4521976709365845,0.4700475335121155,0.5773059129714966,0.11758209764957428
405,1766572698.8432293,1296000,1.8444864749908447,5.247463703155518,0.5774120688438416,0.1366807073354721,1.4521976709365845,0.4700475335121155,0.5773059129714966,0.11758209764957428
406,1766572699.9802058,1299200,1.8444864749908447,5.247463703155518,0.5774120688438416,0.1366807073354721,1.4603607654571533,0.716895341873169,0.5773059129714966,0.11758209764957428
407,1766572709.5011275,1302400,1.8656469583511353,5.233011245727539,0.5774120688438416,0.1366807073354721,1.4603607654571533,0.716895341873169,0.5773059129714966,0.11758209764957428
408,1766572710.3334446,1305600,1.8656469583511353,5.233011245727539,0.5774120688438416,0.1366807073354721,1.4603607654571533,0.716895341873169,0.5485877394676208,0.11278162896633148
409,1766572710.4549081,1308800,1.8656469583511353,5.233011245727539,0.548682451248169,0.06971894204616547,1.4603607654571533,0.716895341873169,0.5485877394676208,0.11278162896633148
410,1766572715.458521,1312000,1.8656469583511353,5.233011245727539,0.548682451248169,0.06971894204616547,1.4694379568099976,0.6395679712295532,0.5485877394676208,0.11278162896633148
411,1766572720.5607421,1315200,1.8870409727096558,5.131767272949219,0.548682451248169,0.06971894204616547,1.4694379568099976,0.6395679712295532,0.5485877394676208,0.11278162896633148
412,1766572721.4419804,1318400,1.8870409727096558,5.131767272949219,0.5198497176170349,0.11289914697408676,1.4694379568099976,0.6395679712295532,0.5485877394676208,0.11278162896633148
413,1766572721.865324,1321600,1.8870409727096558,5.131767272949219,0.5198497176170349,0.11289914697408676,1.4694379568099976,0.6395679712295532,0.5199087262153625,0.08373735100030899
414,1766572730.8002522,1324800,1.9093271493911743,5.383933067321777,0.5198497176170349,0.11289914697408676,1.4694379568099976,0.6395679712295532,0.5199087262153625,0.08373735100030899
415,1766572731.4281878,1328000,1.9093271493911743,5.383933067321777,0.5198497176170349,0.11289914697408676,1.478232741355896,0.4686726927757263,0.5199087262153625,0.08373735100030899
416,1766572732.532878,1331200,1.9093271493911743,5.383933067321777,0.49041441082954407,0.023955101147294044,1.478232741355896,0.4686726927757263,0.5199087262153625,0.08373735100030899
417,1766572733.1918645,1334400,1.9093271493911743,5.383933067321777,0.49041441082954407,0.023955101147294044,1.478232741355896,0.4686726927757263,0.49040302634239197,0.034031253308057785
418,1766572742.6632843,1337600,1.931596279144287,5.542472839355469,0.49041441082954407,0.023955101147294044,1.478232741355896,0.4686726927757263,0.49040302634239197,0.034031253308057785
419,1766572744.4218297,1340800,1.931596279144287,5.542472839355469,0.4614008665084839,0.05545574054121971,1.478232741355896,0.4686726927757263,0.49040302634239197,0.034031253308057785
420,1766572744.833409,1344000,1.931596279144287,5.542472839355469,0.4614008665084839,0.05545574054121971,1.478232741355896,0.4686726927757263,0.4613550007343292,0.055494941771030426
421,1766572746.4218848,1347200,1.931596279144287,5.542472839355469,0.4614008665084839,0.05545574054121971,1.487195611000061,0.6564152240753174,0.4613550007343292,0.055494941771030426
422,1766572752.3242784,1350400,1.9528472423553467,5.30238151550293,0.4614008665084839,0.05545574054121971,1.487195611000061,0.6564152240753174,0.4613550007343292,0.055494941771030426
423,1766572755.0327356,1353600,1.9528472423553467,5.30238151550293,0.4323970675468445,0.06950423121452332,1.487195611000061,0.6564152240753174,0.4613550007343292,0.055494941771030426
424,1766572755.675286,1356800,1.9528472423553467,5.30238151550293,0.4323970675468445,0.06950423121452332,1.487195611000061,0.6564152240753174,0.4324721097946167,0.05890019237995148
425,1766572763.0331857,1360000,1.9528472423553467,5.30238151550293,0.4323970675468445,0.06950423121452332,1.4954394102096558,0.6441484093666077,0.4324721097946167,0.05890019237995148
426,1766572763.3802698,1363200,1.974698543548584,5.141883373260498,0.4323970675468445,0.06950423121452332,1.4954394102096558,0.6441484093666077,0.4324721097946167,0.05890019237995148
427,1766572767.419588,1366400,1.974698543548584,5.141883373260498,0.4323970675468445,0.06950423121452332,1.4954394102096558,0.6441484093666077,0.4029693007469177,0.035441260784864426
428,1766572767.756864,1369600,1.974698543548584,5.141883373260498,0.40297508239746094,0.011012529954314232,1.4954394102096558,0.6441484093666077,0.4029693007469177,0.035441260784864426
429,1766572775.298858,1372800,1.9969444274902344,5.475752830505371,0.40297508239746094,0.011012529954314232,1.4954394102096558,0.6441484093666077,0.4029693007469177,0.035441260784864426
430,1766572779.4956493,1376000,1.9969444274902344,5.475752830505371,0.40297508239746094,0.011012529954314232,1.5041381120681763,0.7074444890022278,0.4029693007469177,0.035441260784864426
431,1766572779.782596,1379200,1.9969444274902344,5.475752830505371,0.37423092126846313,0.13717089593410492,1.5041381120681763,0.7074444890022278,0.4029693007469177,0.035441260784864426
432,1766572780.0028453,1382400,1.9969444274902344,5.475752830505371,0.37423092126846313,0.13717089593410492,1.5041381120681763,0.7074444890022278,0.3741212487220764,0.14316001534461975
433,1766572787.3748398,1385600,2.017399549484253,4.745184898376465,0.37423092126846313,0.13717089593410492,1.5041381120681763,0.7074444890022278,0.3741212487220764,0.14316001534461975
434,1766572791.9380875,1388800,2.017399549484253,4.745184898376465,0.37423092126846313,0.13717089593410492,1.5041381120681763,0.7074444890022278,0.34520870447158813,0.023695385083556175
435,1766572792.4288316,1392000,2.017399549484253,4.745184898376465,0.345060795545578,0.025981836020946503,1.5041381120681763,0.7074444890022278,0.34520870447158813,0.023695385083556175
436,1766572798.616805,1395200,2.0379626750946045,4.641713619232178,0.345060795545578,0.025981836020946503,1.5041381120681763,0.7074444890022278,0.34520870447158813,0.023695385083556175
437,1766572800.2374027,1398400,2.0379626750946045,4.641713619232178,0.345060795545578,0.025981836020946503,1.5103178024291992,1.0064560174942017,0.34520870447158813,0.023695385083556175
438,1766572804.5222838,1401600,2.0379626750946045,4.641713619232178,0.345060795545578,0.025981836020946503,1.5103178024291992,1.0064560174942017,0.31566470861434937,0.013976102694869041
439,1766572804.651414,1404800,2.0379626750946045,4.641713619232178,0.31582000851631165,0.03470486402511597,1.5103178024291992,1.0064560174942017,0.31566470861434937,0.013976102694869041
440,1766572810.0917084,1408000,2.0573911666870117,4.590489387512207,0.31582000851631165,0.03470486402511597,1.5103178024291992,1.0064560174942017,0.31566470861434937,0.013976102694869041
441,1766572813.8374186,1411200,2.0573911666870117,4.590489387512207,0.31582000851631165,0.03470486402511597,1.516946792602539,1.2328839302062988,0.31566470861434937,0.013976102694869041
442,1766572816.485963,1414400,2.0573911666870117,4.590489387512207,0.31582000851631165,0.03470486402511597,1.516946792602539,1.2328839302062988,0.28847432136535645,0.3725503385066986
443,1766572816.687404,1417600,2.0573911666870117,4.590489387512207,0.28846216201782227,0.3517014682292938,1.516946792602539,1.2328839302062988,0.28847432136535645,0.3725503385066986
444,1766572820.2776418,1420800,2.077911138534546,5.08033561706543,0.28846216201782227,0.3517014682292938,1.516946792602539,1.2328839302062988,0.28847432136535645,0.3725503385066986
445,1766572828.5298681,1424000,2.077911138534546,5.08033561706543,0.28846216201782227,0.3517014682292938,1.516946792602539,1.2328839302062988,0.25982972979545593,0.07589215785264969
446,1766572829.0250704,1427200,2.077911138534546,5.08033561706543,0.2599051296710968,0.06517231464385986,1.516946792602539,1.2328839302062988,0.25982972979545593,0.07589215785264969
447,1766572830.259314,1430400,2.077911138534546,5.08033561706543,0.2599051296710968,0.06517231464385986,1.523421049118042,0.7114342451095581,0.25982972979545593,0.07589215785264969
448,1766572832.2502263,1433600,2.0984206199645996,5.149170875549316,0.2599051296710968,0.06517231464385986,1.523421049118042,0.7114342451095581,0.25982972979545593,0.07589215785264969
449,1766572840.7735665,1436800,2.0984206199645996,5.149170875549316,0.2599051296710968,0.06517231464385986,1.523421049118042,0.7114342451095581,0.23074470460414886,0.028381919488310814
450,1766572841.876711,1440000,2.0984206199645996,5.149170875549316,0.2307339459657669,0.05112212151288986,1.523421049118042,0.7114342451095581,0.23074470460414886,0.028381919488310814
451,1766572843.47398,1443200,2.110459804534912,5.817410945892334,0.2307339459657669,0.05112212151288986,1.523421049118042,0.7114342451095581,0.23074470460414886,0.028381919488310814
452,1766572845.264931,1446400,2.110459804534912,5.817410945892334,0.2307339459657669,0.05112212151288986,1.5316485166549683,0.5827524065971375,0.23074470460414886,0.028381919488310814
453,1766572852.4915364,1449600,2.110459804534912,5.817410945892334,0.2307339459657669,0.05112212151288986,1.5316485166549683,0.5827524065971375,0.20179200172424316,0.045659396797418594
454,1766572852.5406,1452800,2.110459804534912,5.817410945892334,0.20171065628528595,0.037213075906038284,1.5316485166549683,0.5827524065971375,0.20179200172424316,0.045659396797418594
455,1766572854.3612344,1456000,2.1132020950317383,5.176849842071533,0.20171065628528595,0.037213075906038284,1.5316485166549683,0.5827524065971375,0.20179200172424316,0.045659396797418594
456,1766572862.205447,1459200,2.1132020950317383,5.176849842071533,0.20171065628528595,0.037213075906038284,1.5387043952941895,0.5995431542396545,0.20179200172424316,0.045659396797418594
457,1766572864.2375708,1462400,2.1132020950317383,5.176849842071533,0.17387773096561432,0.052695684134960175,1.5387043952941895,0.5995431542396545,0.20179200172424316,0.045659396797418594
458,1766572864.2934,1465600,2.1132020950317383,5.176849842071533,0.17387773096561432,0.052695684134960175,1.5387043952941895,0.5995431542396545,0.1740361750125885,0.038511406630277634
459,1766572865.5373957,1468800,2.113534688949585,5.071506977081299,0.17387773096561432,0.052695684134960175,1.5387043952941895,0.5995431542396545,0.1740361750125885,0.038511406630277634
460,1766572876.4235377,1472000,2.113534688949585,5.071506977081299,0.17387773096561432,0.052695684134960175,1.5387043952941895,0.5995431542396545,0.1460934281349182,0.1387002319097519
461,1766572877.0290792,1475200,2.113534688949585,5.071506977081299,0.14575225114822388,0.11625304818153381,1.5387043952941895,0.5995431542396545,0.1460934281349182,0.1387002319097519
462,1766572877.3465867,1478400,2.113534688949585,5.071506977081299,0.14575225114822388,0.11625304818153381,1.5455080270767212,0.7303672432899475,0.1460934281349182,0.1387002319097519
463,1766572877.6466043,1481600,2.1126773357391357,5.131361961364746,0.14575225114822388,0.11625304818153381,1.5455080270767212,0.7303672432899475,0.1460934281349182,0.1387002319097519
464,1766572888.3973088,1484800,2.1126773357391357,5.131361961364746,0.14575225114822388,0.11625304818153381,1.5455080270767212,0.7303672432899475,0.11824516206979752,0.05329449474811554
465,1766572888.4834025,1488000,2.1129472255706787,5.210005760192871,0.14575225114822388,0.11625304818153381,1.5455080270767212,0.7303672432899475,0.11824516206979752,0.05329449474811554
466,1766572889.5721257,1491200,2.1129472255706787,5.210005760192871,0.11811450868844986,0.07411833852529526,1.5455080270767212,0.7303672432899475,0.11824516206979752,0.05329449474811554
467,1766572892.8156192,1494400,2.1129472255706787,5.210005760192871,0.11811450868844986,0.07411833852529526,1.5531243085861206,0.5401777029037476,0.11824516206979752,0.05329449474811554
468,1766572899.4689932,1497600,2.1137495040893555,5.4742431640625,0.11811450868844986,0.07411833852529526,1.5531243085861206,0.5401777029037476,0.11824516206979752,0.05329449474811554
469,1766572900.277589,1500800,2.1137495040893555,5.4742431640625,0.11811450868844986,0.07411833852529526,1.5531243085861206,0.5401777029037476,0.09239763021469116,0.027697429060935974
470,1766572900.5045247,1504000,2.1137495040893555,5.4742431640625,0.09238676726818085,0.027118822559714317,1.5531243085861206,0.5401777029037476,0.09239763021469116,0.027697429060935974
471,1766572908.583944,1507200,2.1137495040893555,5.4742431640625,0.09238676726818085,0.027118822559714317,1.5592925548553467,0.5948989987373352,0.09239763021469116,0.027697429060935974
472,1766572910.069824,1510400,2.1133062839508057,4.890044212341309,0.09238676726818085,0.027118822559714317,1.5592925548553467,0.5948989987373352,0.09239763021469116,0.027697429060935974
473,1766572911.7572255,1513600,2.1133062839508057,4.890044212341309,0.09238676726818085,0.027118822559714317,1.5592925548553467,0.5948989987373352,0.08120844513177872,0.12007561326026917
474,1766572911.9045815,1516800,2.1133062839508057,4.890044212341309,0.08154867589473724,0.06169840320944786,1.5592925548553467,0.5948989987373352,0.08120844513177872,0.12007561326026917
475,1766572920.8048573,1520000,2.1092348098754883,4.423929214477539,0.08154867589473724,0.06169840320944786,1.5592925548553467,0.5948989987373352,0.08120844513177872,0.12007561326026917
476,1766572922.3336565,1523200,2.1092348098754883,4.423929214477539,0.08154867589473724,0.06169840320944786,1.5640312433242798,0.5773757100105286,0.08120844513177872,0.12007561326026917
477,1766572922.9778693,1526400,2.1092348098754883,4.423929214477539,0.08154867589473724,0.06169840320944786,1.5640312433242798,0.5773757100105286,0.08090653270483017,0.09269057959318161
478,1766572923.6720548,1529600,2.1092348098754883,4.423929214477539,0.08142240345478058,0.10849561542272568,1.5640312433242798,0.5773757100105286,0.08090653270483017,0.09269057959318161
479,1766572931.105689,1532800,2.1060659885406494,4.561417579650879,0.08142240345478058,0.10849561542272568,1.5640312433242798,0.5773757100105286,0.08090653270483017,0.09269057959318161
480,1766572933.3326972,1536000,2.1060659885406494,4.561417579650879,0.08142240345478058,0.10849561542272568,1.5640312433242798,0.5773757100105286,0.08142238110303879,0.09637193381786346
481,1766572933.6759086,1539200,2.1060659885406494,4.561417579650879,0.08188366889953613,0.12233787029981613,1.5640312433242798,0.5773757100105286,0.08142238110303879,0.09637193381786346
482,1766572936.7935958,1542400,2.1060659885406494,4.561417579650879,0.08188366889953613,0.12233787029981613,1.5688362121582031,0.5777283906936646,0.08142238110303879,0.09637193381786346
483,1766572941.3529453,1545600,2.105454444885254,4.834108829498291,0.08188366889953613,0.12233787029981613,1.5688362121582031,0.5777283906936646,0.08142238110303879,0.09637193381786346
484,1766572943.9142797,1548800,2.105454444885254,4.834108829498291,0.08221302181482315,0.06037053093314171,1.5688362121582031,0.5777283906936646,0.08142238110303879,0.09637193381786346
485,1766572944.1461434,1552000,2.105454444885254,4.834108829498291,0.08221302181482315,0.06037053093314171,1.5688362121582031,0.5777283906936646,0.08176290988922119,0.06112917140126228
486,1766572950.2285163,1555200,2.105454444885254,4.834108829498291,0.08221302181482315,0.06037053093314171,1.5747929811477661,0.5606383681297302,0.08176290988922119,0.06112917140126228
487,1766572951.1883514,1558400,2.1052446365356445,5.1415629386901855,0.08221302181482315,0.06037053093314171,1.5747929811477661,0.5606383681297302,0.08176290988922119,0.06112917140126228
488,1766572955.635557,1561600,2.1052446365356445,5.1415629386901855,0.08221302181482315,0.06037053093314171,1.5747929811477661,0.5606383681297302,0.08215764909982681,0.052380893379449844
489,1766572955.7234938,1564800,2.1052446365356445,5.1415629386901855,0.08275356143712997,0.08020919561386108,1.5747929811477661,0.5606383681297302,0.08215764909982681,0.052380893379449844
490,1766572962.1706147,1568000,2.1030445098876953,4.62971305847168,0.08275356143712997,0.08020919561386108,1.5747929811477661,0.5606383681297302,0.08215764909982681,0.052380893379449844
491,1766572965.7618344,1571200,2.1030445098876953,4.62971305847168,0.08275356143712997,0.08020919561386108,1.5798099040985107,0.6314236521720886,0.08215764909982681,0.052380893379449844
492,1766572967.9848447,1574400,2.1030445098876953,4.62971305847168,0.08302566409111023,0.020481152459979057,1.5798099040985107,0.6314236521720886,0.08215764909982681,0.052380893379449844
493,1766572968.1125073,1577600,2.1030445098876953,4.62971305847168,0.08302566409111023,0.020481152459979057,1.5798099040985107,0.6314236521720886,0.08256305754184723,0.049866531044244766
494,1766572974.2594278,1580800,2.100986957550049,4.766058444976807,0.08302566409111023,0.020481152459979057,1.5798099040985107,0.6314236521720886,0.08256305754184723,0.049866531044244766
495,1766572980.6367204,1584000,2.100986957550049,4.766058444976807,0.08350512385368347,0.054342515766620636,1.5798099040985107,0.6314236521720886,0.08256305754184723,0.049866531044244766
496,1766572980.894743,1587200,2.100986957550049,4.766058444976807,0.08350512385368347,0.054342515766620636,1.5798099040985107,0.6314236521720886,0.0831630527973175,0.05949346348643303
497,1766572981.2142994,1590400,2.100986957550049,4.766058444976807,0.08350512385368347,0.054342515766620636,1.5852575302124023,0.6082991361618042,0.0831630527973175,0.05949346348643303
498,1766572985.30972,1593600,2.099573850631714,5.091739177703857,0.08350512385368347,0.054342515766620636,1.5852575302124023,0.6082991361618042,0.0831630527973175,0.05949346348643303
499,1766572991.4491038,1596800,2.099573850631714,5.091739177703857,0.08429458737373352,0.08223803341388702,1.5852575302124023,0.6082991361618042,0.0831630527973175,0.05949346348643303
500,1766572991.7641754,1600000,2.099573850631714,5.091739177703857,0.08429458737373352,0.08223803341388702,1.5852575302124023,0.6082991361618042,0.08370727300643921,0.0549791045486927
501,1766572995.436698,1603200,2.0966508388519287,4.654971122741699,0.08429458737373352,0.08223803341388702,1.5852575302124023,0.6082991361618042,0.08370727300643921,0.0549791045486927
502,1766572996.722905,1606400,2.0966508388519287,4.654971122741699,0.08429458737373352,0.08223803341388702,1.5897471904754639,0.6164489984512329,0.08370727300643921,0.0549791045486927
503,1766573003.5145156,1609600,2.0966508388519287,4.654971122741699,0.08497486263513565,0.06923311948776245,1.5897471904754639,0.6164489984512329,0.08370727300643921,0.0549791045486927
504,1766573003.7074711,1612800,2.0966508388519287,4.654971122741699,0.08497486263513565,0.06923311948776245,1.5897471904754639,0.6164489984512329,0.08460382372140884,0.13164852559566498
505,1766573007.272103,1616000,2.0947062969207764,4.859732151031494,0.08497486263513565,0.06923311948776245,1.5897471904754639,0.6164489984512329,0.08460382372140884,0.13164852559566498
506,1766573011.8268316,1619200,2.0947062969207764,4.859732151031494,0.08497486263513565,0.06923311948776245,1.5938911437988281,0.817159116268158,0.08460382372140884,0.13164852559566498
507,1766573015.728173,1622400,2.0947062969207764,4.859732151031494,0.08706945180892944,0.25268930196762085,1.5938911437988281,0.817159116268158,0.08460382372140884,0.13164852559566498
508,1766573016.18555,1625600,2.0947062969207764,4.859732151031494,0.08706945180892944,0.25268930196762085,1.5938911437988281,0.817159116268158,0.08648301661014557,0.230742946267128
509,1766573019.4658966,1628800,2.091399669647217,4.433952808380127,0.08706945180892944,0.25268930196762085,1.5938911437988281,0.817159116268158,0.08648301661014557,0.230742946267128
510,1766573027.2944584,1632000,2.091399669647217,4.433952808380127,0.08726814389228821,0.02838808484375477,1.5938911437988281,0.817159116268158,0.08648301661014557,0.230742946267128
511,1766573027.8681185,1635200,2.091399669647217,4.433952808380127,0.08726814389228821,0.02838808484375477,1.5938911437988281,0.817159116268158,0.08675147593021393,0.035191573202610016
512,1766573028.1433737,1638400,2.091399669647217,4.433952808380127,0.08726814389228821,0.02838808484375477,1.5985583066940308,0.6721698045730591,0.08675147593021393,0.035191573202610016
513,1766573029.917238,1641600,2.090167760848999,5.051544666290283,0.08726814389228821,0.02838808484375477,1.5985583066940308,0.6721698045730591,0.08675147593021393,0.035191573202610016
514,1766573038.9540677,1644800,2.090167760848999,5.051544666290283,0.08726814389228821,0.02838808484375477,1.5985583066940308,0.6721698045730591,0.08774485439062119,0.12960264086723328
515,1766573039.5401604,1648000,2.090167760848999,5.051544666290283,0.08820146322250366,0.12204164266586304,1.5985583066940308,0.6721698045730591,0.08774485439062119,0.12960264086723328
516,1766573040.8918056,1651200,2.088517665863037,5.062630653381348,0.08820146322250366,0.12204164266586304,1.5985583066940308,0.6721698045730591,0.08774485439062119,0.12960264086723328
517,1766573042.7013187,1654400,2.088517665863037,5.062630653381348,0.08820146322250366,0.12204164266586304,1.6088073253631592,0.7235380411148071,0.08774485439062119,0.12960264086723328
518,1766573050.6089628,1657600,2.088517665863037,5.062630653381348,0.08873479813337326,0.05629119277000427,1.6088073253631592,0.7235380411148071,0.08774485439062119,0.12960264086723328
519,1766573050.9033425,1660800,2.087742328643799,5.01298713684082,0.08873479813337326,0.05629119277000427,1.6088073253631592,0.7235380411148071,0.08774485439062119,0.12960264086723328
520,1766573051.1725223,1664000,2.087742328643799,5.01298713684082,0.08873479813337326,0.05629119277000427,1.6088073253631592,0.7235380411148071,0.08827465027570724,0.05652250722050667
521,1766573058.471304,1667200,2.087742328643799,5.01298713684082,0.08873479813337326,0.05629119277000427,1.6225032806396484,0.5471179485321045,0.08827465027570724,0.05652250722050667
522,1766573061.5964563,1670400,2.084763765335083,4.373112678527832,0.08873479813337326,0.05629119277000427,1.6225032806396484,0.5471179485321045,0.08827465027570724,0.05652250722050667
523,1766573061.6301112,1673600,2.084763765335083,4.373112678527832,0.08873479813337326,0.05629119277000427,1.6225032806396484,0.5471179485321045,0.08847599476575851,0.018323086202144623
524,1766573061.8847919,1676800,2.084763765335083,4.373112678527832,0.08900146186351776,0.03668840229511261,1.6225032806396484,0.5471179485321045,0.08847599476575851,0.018323086202144623
525,1766573072.1417406,1680000,2.0830061435699463,4.824077129364014,0.08900146186351776,0.03668840229511261,1.6225032806396484,0.5471179485321045,0.08847599476575851,0.018323086202144623
526,1766573072.8454967,1683200,2.0830061435699463,4.824077129364014,0.08900146186351776,0.03668840229511261,1.6225032806396484,0.5471179485321045,0.0897342786192894,0.17420901358127594
527,1766573073.0373654,1686400,2.0830061435699463,4.824077129364014,0.09013480693101883,0.15175840258598328,1.6225032806396484,0.5471179485321045,0.0897342786192894,0.17420901358127594
528,1766573073.1584554,1689600,2.0830061435699463,4.824077129364014,0.09013480693101883,0.15175840258598328,1.6362600326538086,0.7157478928565979,0.0897342786192894,0.17420901358127594
529,1766573082.7274368,1692800,2.0809080600738525,4.70255708694458,0.09013480693101883,0.15175840258598328,1.6362600326538086,0.7157478928565979,0.0897342786192894,0.17420901358127594
530,1766573083.8629246,1696000,2.0809080600738525,4.70255708694458,0.09013480693101883,0.15175840258598328,1.6362600326538086,0.7157478928565979,0.09094233065843582,0.14222081005573273
531,1766573083.901952,1699200,2.0809080600738525,4.70255708694458,0.09139307588338852,0.13887979090213776,1.6362600326538086,0.7157478928565979,0.09094233065843582,0.14222081005573273
532,1766573087.4452667,1702400,2.0809080600738525,4.70255708694458,0.09139307588338852,0.13887979090213776,1.6526341438293457,0.643722653388977,0.09094233065843582,0.14222081005573273
533,1766573092.1182346,1705600,2.0822720527648926,5.153773784637451,0.09139307588338852,0.13887979090213776,1.6526341438293457,0.643722653388977,0.09094233065843582,0.14222081005573273
534,1766573094.1322517,1708800,2.0822720527648926,5.153773784637451,0.09139307588338852,0.13887979090213776,1.6526341438293457,0.643722653388977,0.09154634922742844,0.07551268488168716
535,1766573094.8253062,1712000,2.0822720527648926,5.153773784637451,0.09198131412267685,0.06347420811653137,1.6526341438293457,0.643722653388977,0.09154634922742844,0.07551268488168716
536,1766573101.9565923,1715200,2.0822720527648926,5.153773784637451,0.09198131412267685,0.06347420811653137,1.6708228588104248,0.5425662398338318,0.09154634922742844,0.07551268488168716
537,1766573102.527812,1718400,2.081538438796997,5.089456081390381,0.09198131412267685,0.06347420811653137,1.6708228588104248,0.5425662398338318,0.09154634922742844,0.07551268488168716
538,1766573105.3106735,1721600,2.081538438796997,5.089456081390381,0.09198131412267685,0.06347420811653137,1.6708228588104248,0.5425662398338318,0.09194108843803406,0.03253749758005142
539,1766573105.949793,1724800,2.081538438796997,5.089456081390381,0.09232614189386368,0.027183961123228073,1.6708228588104248,0.5425662398338318,0.09194108843803406,0.03253749758005142
540,1766573113.6384354,1728000,2.0801773071289062,4.2463579177856445,0.09232614189386368,0.027183961123228073,1.6708228588104248,0.5425662398338318,0.09194108843803406,0.03253749758005142
541,1766573116.204127,1731200,2.0801773071289062,4.2463579177856445,0.09232614189386368,0.027183961123228073,1.6708228588104248,0.5425662398338318,0.092145174741745,0.01884438470005989
542,1766573116.919018,1734400,2.0801773071289062,4.2463579177856445,0.0925910472869873,0.02269628457725048,1.6708228588104248,0.5425662398338318,0.092145174741745,0.01884438470005989
543,1766573117.1781044,1737600,2.0801773071289062,4.2463579177856445,0.0925910472869873,0.02269628457725048,1.6898479461669922,0.6681349277496338,0.092145174741745,0.01884438470005989
544,1766573124.6034293,1740800,2.079148530960083,4.735302448272705,0.0925910472869873,0.02269628457725048,1.6898479461669922,0.6681349277496338,0.092145174741745,0.01884438470005989
545,1766573129.1293807,1744000,2.079148530960083,4.735302448272705,0.09340184926986694,0.12200764566659927,1.6898479461669922,0.6681349277496338,0.092145174741745,0.01884438470005989
546,1766573129.3719075,1747200,2.079148530960083,4.735302448272705,0.09340184926986694,0.12200764566659927,1.6898479461669922,0.6681349277496338,0.0927492156624794,0.1252344697713852
547,1766573132.3065903,1750400,2.079148530960083,4.735302448272705,0.09340184926986694,0.12200764566659927,1.7097235918045044,0.720416247844696,0.0927492156624794,0.1252344697713852
548,1766573136.6997752,1753600,2.078016757965088,4.48251485824585,0.09340184926986694,0.12200764566659927,1.7097235918045044,0.720416247844696,0.0927492156624794,0.1252344697713852
549,1766573140.7334318,1756800,2.078016757965088,4.48251485824585,0.09446852654218674,0.1396050751209259,1.7097235918045044,0.720416247844696,0.0927492156624794,0.1252344697713852
550,1766573141.3115506,1760000,2.078016757965088,4.48251485824585,0.09446852654218674,0.1396050751209259,1.7097235918045044,0.720416247844696,0.0940074771642685,0.12137888371944427
551,1766573148.0479782,1763200,2.0766148567199707,4.519069194793701,0.09446852654218674,0.1396050751209259,1.7097235918045044,0.720416247844696,0.0940074771642685,0.12137888371944427
552,1766573148.3654854,1766400,2.0766148567199707,4.519069194793701,0.09446852654218674,0.1396050751209259,1.7294546365737915,0.6948844790458679,0.0940074771642685,0.12137888371944427
553,1766573152.8101583,1769600,2.0766148567199707,4.519069194793701,0.09446852654218674,0.1396050751209259,1.7294546365737915,0.6948844790458679,0.09421155601739883,0.020477212965488434
554,1766573153.3225803,1772800,2.0766148567199707,4.519069194793701,0.09467259794473648,0.01948106661438942,1.7294546365737915,0.6948844790458679,0.09421155601739883,0.020477212965488434
555,1766573159.3731542,1776000,2.0784997940063477,5.1217756271362305,0.09467259794473648,0.01948106661438942,1.7294546365737915,0.6948844790458679,0.09421155601739883,0.020477212965488434
556,1766573162.427704,1779200,2.0784997940063477,5.1217756271362305,0.09467259794473648,0.01948106661438942,1.750209927558899,0.7626937031745911,0.09421155601739883,0.020477212965488434
557,1766573164.7633126,1782400,2.0784997940063477,5.1217756271362305,0.09467259794473648,0.01948106661438942,1.750209927558899,0.7626937031745911,0.09520494192838669,0.18290649354457855
558,1766573165.5387232,1785600,2.0784997940063477,5.1217756271362305,0.09603624045848846,0.19796845316886902,1.750209927558899,0.7626937031745911,0.09520494192838669,0.18290649354457855
559,1766573170.3143914,1788800,2.079474687576294,4.894707679748535,0.09603624045848846,0.19796845316886902,1.750209927558899,0.7626937031745911,0.09520494192838669,0.18290649354457855
560,1766573175.6113048,1792000,2.079474687576294,4.894707679748535,0.09603624045848846,0.19796845316886902,1.750209927558899,0.7626937031745911,0.09568439424037933,0.049973491579294205
561,1766573176.642252,1795200,2.079474687576294,4.894707679748535,0.09603624045848846,0.01439415942877531,1.750209927558899,0.7626937031745911,0.09568439424037933,0.049973491579294205
562,1766573178.1486278,1798400,2.079474687576294,4.894707679748535,0.09603624045848846,0.01439415942877531,1.7710260152816772,0.5710136294364929,0.09568439424037933,0.049973491579294205
563,1766573181.003906,1801600,2.077501058578491,3.9573705196380615,0.09603624045848846,0.01439415942877531,1.7710260152816772,0.5710136294364929,0.09568439424037933,0.049973491579294205
564,1766573188.7004888,1804800,2.077501058578491,3.9573705196380615,0.09603624045848846,0.01439415942877531,1.7710260152816772,0.5710136294364929,0.09633798152208328,0.08608008176088333
565,1766573189.1938767,1808000,2.077501058578491,3.9573705196380615,0.09690289944410324,0.11551332473754883,1.7710260152816772,0.5710136294364929,0.09633798152208328,0.08608008176088333
566,1766573192.8795676,1811200,2.07770037651062,4.509493827819824,0.09690289944410324,0.11551332473754883,1.7710260152816772,0.5710136294364929,0.09633798152208328,0.08608008176088333
567,1766573193.050308,1814400,2.07770037651062,4.509493827819824,0.09690289944410324,0.11551332473754883,1.7898409366607666,0.7194775938987732,0.09633798152208328,0.08608008176088333
568,1766573200.0704255,1817600,2.07770037651062,4.509493827819824,0.09690289944410324,0.11551332473754883,1.7898409366607666,0.7194775938987732,0.09791693836450577,0.17258132994174957
569,1766573200.2515566,1820800,2.07770037651062,4.509493827819824,0.09842608124017715,0.14320072531700134,1.7898409366607666,0.7194775938987732,0.09791693836450577,0.17258132994174957
570,1766573203.4534185,1824000,2.0775070190429688,4.271651744842529,0.09842608124017715,0.14320072531700134,1.7898409366607666,0.7194775938987732,0.09791693836450577,0.17258132994174957
571,1766573207.5171816,1827200,2.0775070190429688,4.271651744842529,0.09842608124017715,0.14320072531700134,1.8089176416397095,0.685599148273468,0.09791693836450577,0.17258132994174957
572,1766573211.0921469,1830400,2.0775070190429688,4.271651744842529,0.09842608124017715,0.14320072531700134,1.8089176416397095,0.685599148273468,0.0985926017165184,0.07230504602193832
573,1766573211.754563,1833600,2.0775070190429688,4.271651744842529,0.09902608394622803,0.060485243797302246,1.8089176416397095,0.685599148273468,0.0985926017165184,0.07230504602193832
574,1766573214.250848,1836800,2.078500986099243,4.865877151489258,0.09902608394622803,0.060485243797302246,1.8089176416397095,0.685599148273468,0.0985926017165184,0.07230504602193832
575,1766573220.9501405,1840000,2.078500986099243,4.865877151489258,0.09902608394622803,0.060485243797302246,1.8283339738845825,0.6607601642608643,0.0985926017165184,0.07230504602193832
576,1766573222.850417,1843200,2.078500986099243,4.865877151489258,0.10017473250627518,0.17085310816764832,1.8283339738845825,0.6607601642608643,0.0985926017165184,0.07230504602193832
577,1766573222.892529,1846400,2.078500986099243,4.865877151489258,0.10017473250627518,0.17085310816764832,1.8283339738845825,0.6607601642608643,0.09991711378097534,0.2050953507423401
578,1766573224.8443205,1849600,2.0750813484191895,4.221269607543945,0.10017473250627518,0.17085310816764832,1.8283339738845825,0.6607601642608643,0.09991711378097534,0.2050953507423401
579,1766573233.562791,1852800,2.0750813484191895,4.221269607543945,0.1014413982629776,0.14367429912090302,1.8283339738845825,0.6607601642608643,0.09991711378097534,0.2050953507423401
580,1766573233.9276364,1856000,2.0750813484191895,4.221269607543945,0.1014413982629776,0.14367429912090302,1.8283339738845825,0.6607601642608643,0.10089749842882156,0.12003086507320404
581,1766573235.5835772,1859200,2.0732553005218506,4.535850524902344,0.1014413982629776,0.14367429912090302,1.8283339738845825,0.6607601642608643,0.10089749842882156,0.12003086507320404
582,1766573235.852009,1862400,2.0732553005218506,4.535850524902344,0.1014413982629776,0.14367429912090302,1.8479857444763184,0.6205726861953735,0.10089749842882156,0.12003086507320404
583,1766573244.7684748,1865600,2.0732553005218506,4.535850524902344,0.10223609954118729,0.1014794409275055,1.8479857444763184,0.6205726861953735,0.10089749842882156,0.12003086507320404
584,1766573245.974125,1868800,2.0732553005218506,4.535850524902344,0.10223609954118729,0.1014794409275055,1.8479857444763184,0.6205726861953735,0.10162118822336197,0.08970863372087479
585,1766573246.032853,1872000,2.073744773864746,4.776249408721924,0.10223609954118729,0.1014794409275055,1.8479857444763184,0.6205726861953735,0.10162118822336197,0.08970863372087479
586,1766573251.0666828,1875200,2.073744773864746,4.776249408721924,0.10223609954118729,0.1014794409275055,1.868059754371643,0.636562168598175,0.10162118822336197,0.08970863372087479
587,1766573255.5840476,1878400,2.073744773864746,4.776249408721924,0.10303080081939697,0.11699264496564865,1.868059754371643,0.636562168598175,0.10162118822336197,0.08970863372087479
588,1766573256.4269433,1881600,2.0712389945983887,4.166690349578857,0.10303080081939697,0.11699264496564865,1.868059754371643,0.636562168598175,0.10162118822336197,0.08970863372087479
589,1766573256.7012608,1884800,2.0712389945983887,4.166690349578857,0.10303080081939697,0.11699264496564865,1.868059754371643,0.636562168598175,0.10234487056732178,0.1517484039068222
590,1766573265.653793,1888000,2.0712389945983887,4.166690349578857,0.10303080081939697,0.11699264496564865,1.8869866132736206,0.5312907099723816,0.10234487056732178,0.1517484039068222
591,1766573267.3423836,1891200,2.0679290294647217,3.9945225715637207,0.10303080081939697,0.11699264496564865,1.8869866132736206,0.5312907099723816,0.10234487056732178,0.1517484039068222
592,1766573267.9559374,1894400,2.0679290294647217,3.9945225715637207,0.10389747470617294,0.11350124329328537,1.8869866132736206,0.5312907099723816,0.10234487056732178,0.1517484039068222
593,1766573268.0282443,1897600,2.0679290294647217,3.9945225715637207,0.10389747470617294,0.11350124329328537,1.8869866132736206,0.5312907099723816,0.10331889986991882,0.12354148924350739
594,1766573278.084904,1900800,2.0637052059173584,3.9230690002441406,0.10389747470617294,0.11350124329328537,1.8869866132736206,0.5312907099723816,0.10331889986991882,0.12354148924350739
595,1766573279.4989748,1904000,2.0637052059173584,3.9230690002441406,0.10437389463186264,0.13888823986053467,1.8869866132736206,0.5312907099723816,0.10331889986991882,0.12354148924350739
596,1766573279.8917525,1907200,2.0637052059173584,3.9230690002441406,0.10437389463186264,0.13888823986053467,1.8869866132736206,0.5312907099723816,0.10406441241502762,0.1592475324869156
597,1766573280.061975,1910400,2.0637052059173584,3.9230690002441406,0.10437389463186264,0.13888823986053467,1.905199646949768,0.5582047700881958,0.10406441241502762,0.1592475324869156
598,1766573287.9629807,1913600,2.0594427585601807,3.546870708465576,0.10437389463186264,0.13888823986053467,1.905199646949768,0.5582047700881958,0.10406441241502762,0.1592475324869156
599,1766573290.3449116,1916800,2.0594427585601807,3.546870708465576,0.10544771701097488,0.1509084403514862,1.905199646949768,0.5582047700881958,0.10406441241502762,0.1592475324869156
600,1766573291.7053232,1920000,2.0594427585601807,3.546870708465576,0.10544771701097488,0.1509084403514862,1.905199646949768,0.5582047700881958,0.10505778342485428,0.12890581786632538
601,1766573294.1869366,1923200,2.0594427585601807,3.546870708465576,0.10544771701097488,0.1509084403514862,1.9233072996139526,0.6330323219299316,0.10505778342485428,0.12890581786632538
602,1766573298.3278253,1926400,2.061394691467285,3.964247941970825,0.10544771701097488,0.1509084403514862,1.9233072996139526,0.6330323219299316,0.10505778342485428,0.12890581786632538
603,1766573300.8543136,1929600,2.061394691467285,3.964247941970825,0.1073186844587326,0.20495861768722534,1.9233072996139526,0.6330323219299316,0.10505778342485428,0.12890581786632538
604,1766573301.1065326,1932800,2.061394691467285,3.964247941970825,0.1073186844587326,0.20495861768722534,1.9233072996139526,0.6330323219299316,0.1068110316991806,0.21696904301643372
605,1766573305.905275,1936000,2.061394691467285,3.964247941970825,0.1073186844587326,0.20495861768722534,1.9399923086166382,0.6392738223075867,0.1068110316991806,0.21696904301643372
606,1766573307.6747134,1939200,2.062513589859009,3.37032413482666,0.1073186844587326,0.20495861768722534,1.9399923086166382,0.6392738223075867,0.1068110316991806,0.21696904301643372
607,1766573310.6852894,1942400,2.062513589859009,3.37032413482666,0.10911868512630463,0.2739658057689667,1.9399923086166382,0.6392738223075867,0.1068110316991806,0.21696904301643372
608,1766573311.2090917,1945600,2.062513589859009,3.37032413482666,0.10911868512630463,0.2739658057689667,1.9399923086166382,0.6392738223075867,0.10948856174945831,0.30906009674072266
609,1766573317.1751468,1948800,2.067514657974243,3.7166202068328857,0.10911868512630463,0.2739658057689667,1.9399923086166382,0.6392738223075867,0.10948856174945831,0.30906009674072266
610,1766573318.7367404,1952000,2.067514657974243,3.7166202068328857,0.10911868512630463,0.2739658057689667,1.9562374353408813,0.8223251104354858,0.10948856174945831,0.30906009674072266
611,1766573321.5097063,1955200,2.067514657974243,3.7166202068328857,0.11131720244884491,0.23139335215091705,1.9562374353408813,0.8223251104354858,0.10948856174945831,0.30906009674072266
612,1766573322.707021,1958400,2.067514657974243,3.7166202068328857,0.11131720244884491,0.23139335215091705,1.9562374353408813,0.8223251104354858,0.11094305664300919,0.2083684504032135
613,1766573328.0280077,1961600,2.0702412128448486,2.610999584197998,0.11131720244884491,0.23139335215091705,1.9562374353408813,0.8223251104354858,0.11094305664300919,0.2083684504032135
614,1766573331.7898004,1964800,2.0702412128448486,2.610999584197998,0.11131720244884491,0.23139335215091705,1.9700753688812256,0.6874266862869263,0.11094305664300919,0.2083684504032135
615,1766573333.0567122,1968000,2.0702412128448486,2.610999584197998,0.11319512873888016,0.36272910237312317,1.9700753688812256,0.6874266862869263,0.11094305664300919,0.2083684504032135
616,1766573334.245582,1971200,2.0702412128448486,2.610999584197998,0.11319512873888016,0.36272910237312317,1.9700753688812256,0.6874266862869263,0.11312777549028397,0.40808066725730896
617,1766573339.1023953,1974400,2.072474718093872,3.0857021808624268,0.11319512873888016,0.36272910237312317,1.9700753688812256,0.6874266862869263,0.11312777549028397,0.40808066725730896
618,1766573345.260841,1977600,2.072474718093872,3.0857021808624268,0.11751673370599747,0.6313742399215698,1.9700753688812256,0.6874266862869263,0.11312777549028397,0.40808066725730896
619,1766573346.5155911,1980800,2.072474718093872,3.0857021808624268,0.11751673370599747,0.6313742399215698,1.9700753688812256,0.6874266862869263,0.11761420220136642,0.6648766994476318
620,1766573346.76512,1984000,2.072474718093872,3.0857021808624268,0.11751673370599747,0.6313742399215698,1.9822970628738403,0.6795868277549744,0.11761420220136642,0.6648766994476318
621,1766573352.0764914,1987200,2.0664479732513428,1.3273502588272095,0.11751673370599747,0.6313742399215698,1.9822970628738403,0.6795868277549744,0.11761420220136642,0.6648766994476318
622,1766573358.6316514,1990400,2.0664479732513428,1.3273502588272095,0.12488387525081635,1.2106611728668213,1.9822970628738403,0.6795868277549744,0.11761420220136642,0.6648766994476318
623,1766573359.3738306,1993600,2.0664479732513428,1.3273502588272095,0.12488387525081635,1.2106611728668213,1.9822970628738403,0.6795868277549744,0.1269250512123108,1.3606659173965454
624,1766573360.0591629,1996800,2.0664479732513428,1.3273502588272095,0.12488387525081635,1.2106611728668213,1.9878978729248047,0.5914282202720642,0.1269250512123108,1.3606659173965454
625,1766573363.4983058,2000000,2.0519626140594482,0.688233494758606,0.12488387525081635,1.2106611728668213,1.9878978729248047,0.5914282202720642,0.1269250512123108,1.3606659173965454
626,1766573371.3051674,2003200,2.0519626140594482,0.688233494758606,0.12488387525081635,1.2106611728668213,1.9878978729248047,0.5914282202720642,0.14594656229019165,1.550506353378296
627,1766573372.1848474,2006400,2.0519626140594482,0.688233494758606,0.14424367249011993,2.1148011684417725,1.9878978729248047,0.5914282202720642,0.14594656229019165,1.550506353378296
628,1766573372.8494394,2009600,2.0519626140594482,0.688233494758606,0.14424367249011993,2.1148011684417725,1.9881718158721924,0.16367992758750916,0.14594656229019165,1.550506353378296
629,1766573375.754884,2012800,2.029599905014038,0.014062873087823391,0.14424367249011993,2.1148011684417725,1.9881718158721924,0.16367992758750916,0.14594656229019165,1.550506353378296
630,1766573384.5703242,2016000,2.029599905014038,0.014062873087823391,0.14424367249011993,2.1148011684417725,1.9881718158721924,0.16367992758750916,0.1678062379360199,0.2357955425977707
631,1766573385.2881851,2019200,2.029599905014038,0.014062873087823391,0.16734737157821655,0.26764288544654846,1.9881718158721924,0.16367992758750916,0.1678062379360199,0.2357955425977707
632,1766573385.6192763,2022400,2.029599905014038,0.014062873087823391,0.16734737157821655,0.26764288544654846,1.984514594078064,0.036651626229286194,0.1678062379360199,0.2357955425977707
633,1766573388.6331425,2025600,2.007570743560791,0.0007917131297290325,0.16734737157821655,0.26764288544654846,1.984514594078064,0.036651626229286194,0.1678062379360199,0.2357955425977707
634,1766573398.2144506,2028800,2.007570743560791,0.0007917131297290325,0.16734737157821655,0.26764288544654846,1.984514594078064,0.036651626229286194,0.19074660539627075,0.19351103901863098
635,1766573398.4855974,2032000,2.007570743560791,0.0007917131297290325,0.16734737157821655,0.26764288544654846,1.9667540788650513,0.0157175250351429,0.19074660539627075,0.19351103901863098
636,1766573398.9127038,2035200,2.007570743560791,0.0007917131297290325,0.1900082230567932,0.1970679610967636,1.9667540788650513,0.0157175250351429,0.19074660539627075,0.19351103901863098
637,1766573400.7493038,2038400,1.9846630096435547,0.0007916216272860765,0.1900082230567932,0.1970679610967636,1.9667540788650513,0.0157175250351429,0.19074660539627075,0.19351103901863098
638,1766573410.7142441,2041600,1.9846630096435547,0.0007916216272860765,0.1900082230567932,0.1970679610967636,1.944616675376892,0.014266934245824814,0.19074660539627075,0.19351103901863098
639,1766573410.9450326,2044800,1.9846630096435547,0.0007916216272860765,0.1900082230567932,0.1970679610967636,1.944616675376892,0.014266934245824814,0.21369507908821106,0.28000637888908386
640,1766573412.5029855,2048000,1.9621120691299438,0.007869518361985683,0.1900082230567932,0.1970679610967636,1.944616675376892,0.014266934245824814,0.21369507908821106,0.28000637888908386
641,1766573412.8708231,2051200,1.9621120691299438,0.007869518361985683,0.2114507406949997,0.2755390703678131,1.944616675376892,0.014266934245824814,0.21369507908821106,0.28000637888908386
642,1766573422.412027,2054400,1.9621120691299438,0.007869518361985683,0.2114507406949997,0.2755390703678131,1.944616675376892,0.014266934245824814,0.23495912551879883,0.7371046543121338
643,1766573422.736772,2057600,1.9621120691299438,0.007869518361985683,0.2114507406949997,0.2755390703678131,1.9232434034347534,0.005048668943345547,0.23495912551879883,0.7371046543121338
644,1766573423.8907664,2060800,1.9400532245635986,0.00079146190546453,0.2114507406949997,0.2755390703678131,1.9232434034347534,0.005048668943345547,0.23495912551879883,0.7371046543121338
645,1766573426.7541301,2064000,1.9400532245635986,0.00079146190546453,0.2332242876291275,0.5276778340339661,1.9232434034347534,0.005048668943345547,0.23495912551879883,0.7371046543121338
646,1766573434.464785,2067200,1.9400532245635986,0.00079146190546453,0.2332242876291275,0.5276778340339661,1.9009690284729004,0.0033706154208630323,0.23495912551879883,0.7371046543121338
647,1766573434.7643836,2070400,1.918110966682434,0.0007913690060377121,0.2332242876291275,0.5276778340339661,1.9009690284729004,0.0033706154208630323,0.23495912551879883,0.7371046543121338
648,1766573435.185153,2073600,1.918110966682434,0.0007913690060377121,0.2332242876291275,0.5276778340339661,1.9009690284729004,0.0033706154208630323,0.25961217284202576,0.9444047808647156
649,1766573438.0719678,2076800,1.918110966682434,0.0007913690060377121,0.259392112493515,1.3615093231201172,1.9009690284729004,0.0033706154208630323,0.25961217284202576,0.9444047808647156
650,1766573445.484127,2080000,1.8962969779968262,0.0055099790915846825,0.259392112493515,1.3615093231201172,1.9009690284729004,0.0033706154208630323,0.25961217284202576,0.9444047808647156
651,1766573445.7701583,2083200,1.8962969779968262,0.0055099790915846825,0.259392112493515,1.3615093231201172,1.8784291744232178,0.00740589015185833,0.25961217284202576,0.9444047808647156
652,1766573446.4804611,2086400,1.8962969779968262,0.0055099790915846825,0.259392112493515,1.3615093231201172,1.8784291744232178,0.00740589015185833,0.2877366840839386,0.7072566747665405
653,1766573452.0270271,2089600,1.8962969779968262,0.0055099790915846825,0.28740930557250977,0.35867300629615784,1.8784291744232178,0.00740589015185833,0.2877366840839386,0.7072566747665405
654,1766573456.7908409,2092800,1.8745113611221313,0.0007911984575912356,0.28740930557250977,0.35867300629615784,1.8784291744232178,0.00740589015185833,0.2877366840839386,0.7072566747665405
655,1766573457.2363746,2096000,1.8745113611221313,0.0007911984575912356,0.28740930557250977,0.35867300629615784,1.856462001800537,0.0018092168029397726,0.2877366840839386,0.7072566747665405
656,1766573459.0167136,2099200,1.8745113611221313,0.0007911984575912356,0.28740930557250977,0.35867300629615784,1.856462001800537,0.0018092168029397726,0.31688258051872253,0.3908228874206543
657,1766573463.7832415,2102400,1.8745113611221313,0.0007911984575912356,0.3164491653442383,0.4364864230155945,1.856462001800537,0.0018092168029397726,0.31688258051872253,0.3908228874206543
658,1766573468.2096562,2105600,1.8548780679702759,0.007279363926500082,0.3164491653442383,0.4364864230155945,1.856462001800537,0.0018092168029397726,0.31688258051872253,0.3908228874206543
659,1766573468.9713557,2108800,1.8548780679702759,0.007279363926500082,0.3164491653442383,0.4364864230155945,1.8339203596115112,0.009291707538068295,0.31688258051872253,0.3908228874206543
660,1766573470.8502772,2112000,1.8548780679702759,0.007279363926500082,0.3164491653442383,0.4364864230155945,1.8339203596115112,0.009291707538068295,0.3452441990375519,0.6389778852462769
661,1766573478.7946572,2115200,1.8548780679702759,0.007279363926500082,0.34494099020957947,0.44738537073135376,1.8339203596115112,0.009291707538068295,0.3452441990375519,0.6389778852462769
662,1766573480.1360154,2118400,1.8328356742858887,0.0007910325657576323,0.34494099020957947,0.44738537073135376,1.8339203596115112,0.009291707538068295,0.3452441990375519,0.6389778852462769
663,1766573481.054709,2121600,1.8328356742858887,0.0007910325657576323,0.34494099020957947,0.44738537073135376,1.8111099004745483,0.0011987121542915702,0.3452441990375519,0.6389778852462769
664,1766573483.5530045,2124800,1.8328356742858887,0.0007910325657576323,0.34494099020957947,0.44738537073135376,1.8111099004745483,0.0011987121542915702,0.3743955194950104,0.21357528865337372
665,1766573490.584041,2128000,1.8328356742858887,0.0007910325657576323,0.37475913763046265,0.7191639542579651,1.8111099004745483,0.0011987121542915702,0.3743955194950104,0.21357528865337372
666,1766573491.6062627,2131200,1.8102848529815674,0.005214778706431389,0.37475913763046265,0.7191639542579651,1.8111099004745483,0.0011987121542915702,0.3743955194950104,0.21357528865337372
667,1766573493.3294654,2134400,1.8102848529815674,0.005214778706431389,0.37475913763046265,0.7191639542579651,1.7887358665466309,0.004643087740987539,0.3743955194950104,0.21357528865337372
668,1766573496.0660794,2137600,1.8102848529815674,0.005214778706431389,0.37475913763046265,0.7191639542579651,1.7887358665466309,0.004643087740987539,0.4035996198654175,0.29099810123443604
669,1766573503.7360346,2140800,1.7878735065460205,0.0007908576517365873,0.37475913763046265,0.7191639542579651,1.7887358665466309,0.004643087740987539,0.4035996198654175,0.29099810123443604
670,1766573504.6019459,2144000,1.7878735065460205,0.0007908576517365873,0.4037242829799652,0.2755602300167084,1.7887358665466309,0.004643087740987539,0.4035996198654175,0.29099810123443604
671,1766573504.7644715,2147200,1.7878735065460205,0.0007908576517365873,0.4037242829799652,0.2755602300167084,1.7656338214874268,0.0005694857100024819,0.4035996198654175,0.29099810123443604
672,1766573508.928564,2150400,1.7878735065460205,0.0007908576517365873,0.4037242829799652,0.2755602300167084,1.7656338214874268,0.0005694857100024819,0.43272602558135986,0.26148930191993713
673,1766573515.2627447,2153600,1.7652868032455444,0.0040349336341023445,0.4037242829799652,0.2755602300167084,1.7656338214874268,0.0005694857100024819,0.43272602558135986,0.26148930191993713
674,1766573516.9398332,2156800,1.7652868032455444,0.0040349336341023445,0.4037242829799652,0.2755602300167084,1.7439064979553223,0.0036221526097506285,0.43272602558135986,0.26148930191993713
675,1766573517.6263125,2160000,1.7652868032455444,0.0040349336341023445,0.43307432532310486,0.38732972741127014,1.7439064979553223,0.0036221526097506285,0.43272602558135986,0.26148930191993713
676,1766573520.5499668,2163200,1.7652868032455444,0.0040349336341023445,0.43307432532310486,0.38732972741127014,1.7439064979553223,0.0036221526097506285,0.46238380670547485,0.3815758526325226
677,1766573527.1279285,2166400,1.745442271232605,0.00816381722688675,0.43307432532310486,0.38732972741127014,1.7439064979553223,0.0036221526097506285,0.46238380670547485,0.3815758526325226
678,1766573528.7650664,2169600,1.745442271232605,0.00816381722688675,0.43307432532310486,0.38732972741127014,1.7227004766464233,0.0076438551768660545,0.46238380670547485,0.3815758526325226
679,1766573530.2407365,2172800,1.745442271232605,0.00816381722688675,0.46243247389793396,0.24774014949798584,1.7227004766464233,0.0076438551768660545,0.46238380670547485,0.3815758526325226
680,1766573533.5258322,2176000,1.745442271232605,0.00816381722688675,0.46243247389793396,0.24774014949798584,1.7227004766464233,0.0076438551768660545,0.49114057421684265,0.2664274275302887
681,1766573538.7874324,2179200,1.727073311805725,0.0007906067185103893,0.46243247389793396,0.24774014949798584,1.7227004766464233,0.0076438551768660545,0.49114057421684265,0.2664274275302887
682,1766573540.4552562,2182400,1.727073311805725,0.0007906067185103893,0.46243247389793396,0.24774014949798584,1.7017498016357422,0.0003025720070581883,0.49114057421684265,0.2664274275302887
683,1766573543.5575874,2185600,1.727073311805725,0.0007906067185103893,0.49055761098861694,0.20633088052272797,1.7017498016357422,0.0003025720070581883,0.49114057421684265,0.2664274275302887
684,1766573544.6869247,2188800,1.727073311805725,0.0007906067185103893,0.49055761098861694,0.20633088052272797,1.7017498016357422,0.0003025720070581883,0.5187036991119385,0.2910555601119995
685,1766573550.348565,2192000,1.706685185432434,0.005214421544224024,0.49055761098861694,0.20633088052272797,1.7017498016357422,0.0003025720070581883,0.5187036991119385,0.2910555601119995
686,1766573553.4857686,2195200,1.706685185432434,0.005214421544224024,0.49055761098861694,0.20633088052272797,1.6807875633239746,0.004450513515621424,0.5187036991119385,0.2910555601119995
687,1766573556.4924915,2198400,1.706685185432434,0.005214421544224024,0.5191393494606018,0.1471472829580307,1.6807875633239746,0.004450513515621424,0.5187036991119385,0.2910555601119995
688,1766573557.3682232,2201600,1.706685185432434,0.005214421544224024,0.5191393494606018,0.1471472829580307,1.6807875633239746,0.004450513515621424,0.5483531951904297,0.1785847395658493
689,1766573562.6779597,2204800,1.6855071783065796,0.004624496214091778,0.5191393494606018,0.1471472829580307,1.6807875633239746,0.004450513515621424,0.5483531951904297,0.1785847395658493
690,1766573565.1799905,2208000,1.6855071783065796,0.004624496214091778,0.5191393494606018,0.1471472829580307,1.660823941230774,0.0030151919927448034,0.5483531951904297,0.1785847395658493
691,1766573569.2607021,2211200,1.6855071783065796,0.004624496214091778,0.5191393494606018,0.1471472829580307,1.660823941230774,0.0030151919927448034,0.5773155093193054,0.15345804393291473
692,1766573570.0668027,2214400,1.6855071783065796,0.004624496214091778,0.5486740469932556,0.1635340303182602,1.660823941230774,0.0030151919927448034,0.5773155093193054,0.15345804393291473
693,1766573573.6945155,2217600,1.6639374494552612,0.0049193543381989,0.5486740469932556,0.1635340303182602,1.660823941230774,0.0030151919927448034,0.5773155093193054,0.15345804393291473
694,1766573577.05977,2220800,1.6639374494552612,0.0049193543381989,0.5486740469932556,0.1635340303182602,1.641390323638916,0.003741805674508214,0.5773155093193054,0.15345804393291473
695,1766573581.5853004,2224000,1.6639374494552612,0.0049193543381989,0.5486740469932556,0.1635340303182602,1.641390323638916,0.003741805674508214,0.6064985394477844,0.16768008470535278
696,1766573582.5635898,2227200,1.6639374494552612,0.0049193543381989,0.5772868990898132,0.14832553267478943,1.641390323638916,0.003741805674508214,0.6064985394477844,0.16768008470535278
697,1766573585.192691,2230400,1.6408352851867676,0.004624352790415287,0.5772868990898132,0.14832553267478943,1.641390323638916,0.003741805674508214,0.6064985394477844,0.16768008470535278
698,1766573589.2415802,2233600,1.6408352851867676,0.004624352790415287,0.5772868990898132,0.14832553267478943,1.6215120553970337,0.0043164389207959175,0.6064985394477844,0.16768008470535278
699,1766573592.9593723,2236800,1.6408352851867676,0.004624352790415287,0.5772868990898132,0.14832553267478943,1.6215120553970337,0.0043164389207959175,0.6358439922332764,0.18768197298049927
700,1766573594.880207,2240000,1.6408352851867676,0.004624352790415287,0.6065202355384827,0.13078300654888153,1.6215120553970337,0.0043164389207959175,0.6358439922332764,0.18768197298049927
701,1766573596.6603935,2243200,1.619307518005371,0.000790174410212785,0.6065202355384827,0.13078300654888153,1.6215120553970337,0.0043164389207959175,0.6358439922332764,0.18768197298049927
702,1766573600.994412,2246400,1.619307518005371,0.000790174410212785,0.6065202355384827,0.13078300654888153,1.5995436906814575,0.00017121706332545727,0.6358439922332764,0.18768197298049927
703,1766573604.9102159,2249600,1.619307518005371,0.000790174410212785,0.6065202355384827,0.13078300654888153,1.5995436906814575,0.00017121706332545727,0.6636723875999451,0.1272609829902649
704,1766573607.6771545,2252800,1.619307518005371,0.000790174410212785,0.6361551284790039,0.13338510692119598,1.5995436906814575,0.00017121706332545727,0.6636723875999451,0.1272609829902649
705,1766573607.7176037,2256000,1.5971139669418335,0.004624194465577602,0.6361551284790039,0.13338510692119598,1.5995436906814575,0.00017121706332545727,0.6636723875999451,0.1272609829902649
706,1766573612.2597148,2259200,1.5971139669418335,0.004624194465577602,0.6361551284790039,0.13338510692119598,1.5789222717285156,0.007727229967713356,0.6636723875999451,0.1272609829902649
707,1766573616.7362516,2262400,1.5971139669418335,0.004624194465577602,0.6361551284790039,0.13338510692119598,1.5789222717285156,0.007727229967713356,0.6916341185569763,0.11659368127584457
708,1766573619.3691106,2265600,1.5754960775375366,0.004919053986668587,0.6361551284790039,0.13338510692119598,1.5789222717285156,0.007727229967713356,0.6916341185569763,0.11659368127584457
709,1766573620.290745,2268800,1.5754960775375366,0.004919053986668587,0.6636712551116943,0.12031064927577972,1.5789222717285156,0.007727229967713356,0.6916341185569763,0.11659368127584457
710,1766573623.6804154,2272000,1.5754960775375366,0.004919053986668587,0.6636712551116943,0.12031064927577972,1.5568586587905884,0.00015796042862348258,0.6916341185569763,0.11659368127584457
711,1766573628.2169652,2275200,1.5754960775375366,0.004919053986668587,0.6636712551116943,0.12031064927577972,1.5568586587905884,0.00015796042862348258,0.7203088402748108,0.10745982080698013
712,1766573629.9047532,2278400,1.553722858428955,0.0007899032207205892,0.6636712551116943,0.12031064927577972,1.5568586587905884,0.00015796042862348258,0.7203088402748108,0.10745982080698013
713,1766573632.8732467,2281600,1.553722858428955,0.0007899032207205892,0.691830575466156,0.12512631714344025,1.5568586587905884,0.00015796042862348258,0.7203088402748108,0.10745982080698013
714,1766573634.9305856,2284800,1.553722858428955,0.0007899032207205892,0.691830575466156,0.12512631714344025,1.5346299409866333,0.006707702297717333,0.7203088402748108,0.10745982080698013
715,1766573640.29298,2288000,1.553722858428955,0.0007899032207205892,0.691830575466156,0.12512631714344025,1.5346299409866333,0.006707702297717333,0.748688817024231,0.1747199445962906
716,1766573641.2299023,2291200,1.5314627885818481,0.023794760927557945,0.691830575466156,0.12512631714344025,1.5346299409866333,0.006707702297717333,0.748688817024231,0.1747199445962906
717,1766573645.5023336,2294400,1.5314627885818481,0.023794760927557945,0.7198711037635803,0.2485286295413971,1.5346299409866333,0.006707702297717333,0.748688817024231,0.1747199445962906
718,1766573646.952838,2297600,1.5314627885818481,0.023794760927557945,0.7198711037635803,0.2485286295413971,1.5164556503295898,0.016565261408686638,0.748688817024231,0.1747199445962906
719,1766573652.2485282,2300800,1.5314627885818481,0.023794760927557945,0.7198711037635803,0.2485286295413971,1.5164556503295898,0.016565261408686638,0.7777325510978699,0.13080833852291107
720,1766573652.6740923,2304000,1.5122857093811035,0.0055087567307055,0.7198711037635803,0.2485286295413971,1.5164556503295898,0.016565261408686638,0.7777325510978699,0.13080833852291107
721,1766573657.8450668,2307200,1.5122857093811035,0.0055087567307055,0.748468816280365,0.12848958373069763,1.5164556503295898,0.016565261408686638,0.7777325510978699,0.13080833852291107
722,1766573658.4126985,2310400,1.5122857093811035,0.0055087567307055,0.748468816280365,0.12848958373069763,1.5017545223236084,0.003387457923963666,0.7777325510978699,0.13080833852291107
723,1766573663.6879966,2313600,1.4906679391860962,0.006688433233648539,0.748468816280365,0.12848958373069763,1.5017545223236084,0.003387457923963666,0.7777325510978699,0.13080833852291107
724,1766573663.8684828,2316800,1.4906679391860962,0.006688433233648539,0.748468816280365,0.12848958373069763,1.5017545223236084,0.003387457923963666,0.8065816164016724,0.1537112593650818
725,1766573669.8167708,2320000,1.4906679391860962,0.006688433233648539,0.748468816280365,0.12848958373069763,1.48844575881958,0.006720074452459812,0.8065816164016724,0.1537112593650818
726,1766573669.988679,2323200,1.4906679391860962,0.006688433233648539,0.7771207094192505,0.16305340826511383,1.48844575881958,0.006720074452459812,0.8065816164016724,0.1537112593650818
727,1766573675.5243168,2326400,1.4679076671600342,0.004918746650218964,0.7771207094192505,0.16305340826511383,1.48844575881958,0.006720074452459812,0.8065816164016724,0.1537112593650818
728,1766573676.066096,2329600,1.4679076671600342,0.004918746650218964,0.7771207094192505,0.16305340826511383,1.48844575881958,0.006720074452459812,0.835515558719635,0.15226787328720093
729,1766573682.5490391,2332800,1.4679076671600342,0.004918746650218964,0.7771207094192505,0.16305340826511383,1.4782416820526123,0.008841161616146564,0.835515558719635,0.15226787328720093
730,1766573683.127138,2336000,1.4679076671600342,0.004918746650218964,0.8060248494148254,0.1991790533065796,1.4782416820526123,0.008841161616146564,0.835515558719635,0.15226787328720093
731,1766573686.9470625,2339200,1.4469925165176392,0.017895957455039024,0.8060248494148254,0.1991790533065796,1.4782416820526123,0.008841161616146564,0.835515558719635,0.15226787328720093
732,1766573688.634034,2342400,1.4469925165176392,0.017895957455039024,0.8060248494148254,0.1991790533065796,1.4782416820526123,0.008841161616146564,0.8631248474121094,0.2061282843351364
733,1766573694.7847319,2345600,1.4469925165176392,0.017895957455039024,0.8060248494148254,0.1991790533065796,1.4656426906585693,0.0186459943652153,0.8631248474121094,0.2061282843351364
734,1766573696.7020123,2348800,1.4469925165176392,0.017895957455039024,0.8342506289482117,0.24824592471122742,1.4656426906585693,0.0186459943652153,0.8631248474121094,0.2061282843351364
735,1766573699.3980756,2352000,1.4245376586914062,0.02143521048128605,0.8342506289482117,0.24824592471122742,1.4656426906585693,0.0186459943652153,0.8631248474121094,0.2061282843351364
736,1766573702.223938,2355200,1.4245376586914062,0.02143521048128605,0.8342506289482117,0.24824592471122742,1.4656426906585693,0.0186459943652153,0.8912234306335449,0.2980264127254486
737,1766573707.3041406,2358400,1.4245376586914062,0.02143521048128605,0.8342506289482117,0.24824592471122742,1.4519027471542358,0.03746040537953377,0.8912234306335449,0.2980264127254486
738,1766573710.176749,2361600,1.4245376586914062,0.02143521048128605,0.8605620861053467,0.47070300579071045,1.4519027471542358,0.03746040537953377,0.8912234306335449,0.2980264127254486
739,1766573711.7018282,2364800,1.4057214260101318,0.049454402178525925,0.8605620861053467,0.47070300579071045,1.4519027471542358,0.03746040537953377,0.8912234306335449,0.2980264127254486
740,1766573715.349998,2368000,1.4057214260101318,0.049454402178525925,0.8605620861053467,0.47070300579071045,1.4519027471542358,0.03746040537953377,0.917570173740387,0.5479723215103149
741,1766573719.7597423,2371200,1.4057214260101318,0.049454402178525925,0.8605620861053467,0.47070300579071045,1.43388032913208,0.044668808579444885,0.917570173740387,0.5479723215103149
742,1766573723.2087727,2374400,1.385565161705017,0.06272654235363007,0.8605620861053467,0.47070300579071045,1.43388032913208,0.044668808579444885,0.917570173740387,0.5479723215103149
743,1766573723.7334483,2377600,1.385565161705017,0.06272654235363007,0.8869715929031372,0.5985966920852661,1.43388032913208,0.044668808579444885,0.917570173740387,0.5479723215103149
744,1766573727.573323,2380800,1.385565161705017,0.06272654235363007,0.8869715929031372,0.5985966920852661,1.43388032913208,0.044668808579444885,0.9408245086669922,0.533329427242279
745,1766573732.1503215,2384000,1.385565161705017,0.06272654235363007,0.8869715929031372,0.5985966920852661,1.4121109247207642,0.04184466227889061,0.9408245086669922,0.533329427242279
746,1766573735.3007884,2387200,1.363364338874817,0.04591498151421547,0.8869715929031372,0.5985966920852661,1.4121109247207642,0.04184466227889061,0.9408245086669922,0.533329427242279
747,1766573736.7794883,2390400,1.363364338874817,0.04591498151421547,0.9119319915771484,0.5394235849380493,1.4121109247207642,0.04184466227889061,0.9408245086669922,0.533329427242279
748,1766573739.586569,2393600,1.363364338874817,0.04591498151421547,0.9119319915771484,0.5394235849380493,1.4121109247207642,0.04184466227889061,0.9670049548149109,0.44532760977745056
749,1766573743.9472625,2396800,1.363364338874817,0.04591498151421547,0.9119319915771484,0.5394235849380493,1.3899645805358887,0.039403002709150314,0.9670049548149109,0.44532760977745056
750,1766573746.4665265,2400000,1.3403489589691162,0.06066170707345009,0.9119319915771484,0.5394235849380493,1.3899645805358887,0.039403002709150314,0.9670049548149109,0.44532760977745056
751,1766573750.1627479,2403200,1.3403489589691162,0.06066170707345009,0.935619056224823,0.562445878982544,1.3899645805358887,0.039403002709150314,0.9670049548149109,0.44532760977745056
752,1766573751.8551996,2406400,1.3403489589691162,0.06066170707345009,0.935619056224823,0.562445878982544,1.3899645805358887,0.039403002709150314,0.9921490550041199,0.5206685662269592
753,1766573756.2955854,2409600,1.3403489589691162,0.06066170707345009,0.935619056224823,0.562445878982544,1.368428349494934,0.05156756937503815,0.9921490550041199,0.5206685662269592
754,1766573758.7722917,2412800,1.3182820081710815,0.0456199049949646,0.935619056224823,0.562445878982544,1.368428349494934,0.05156756937503815,0.9921490550041199,0.5206685662269592
755,1766573762.4541965,2416000,1.3182820081710815,0.0456199049949646,0.9617384076118469,0.533930242061615,1.368428349494934,0.05156756937503815,0.9921490550041199,0.5206685662269592
756,1766573764.1657164,2419200,1.3182820081710815,0.0456199049949646,0.9617384076118469,0.533930242061615,1.368428349494934,0.05156756937503815,1.017696499824524,0.4765760004520416
757,1766573768.6236494,2422400,1.3182820081710815,0.0456199049949646,0.9617384076118469,0.533930242061615,1.3469327688217163,0.042452361434698105,1.017696499824524,0.4765760004520416
758,1766573770.0726786,2425600,1.2992948293685913,0.045029982924461365,0.9617384076118469,0.533930242061615,1.3469327688217163,0.042452361434698105,1.017696499824524,0.4765760004520416
759,1766573775.6964002,2428800,1.2992948293685913,0.045029982924461365,0.9869473576545715,0.5309789776802063,1.3469327688217163,0.042452361434698105,1.017696499824524,0.4765760004520416
760,1766573777.2480018,2432000,1.2992948293685913,0.045029982924461365,0.9869473576545715,0.5309789776802063,1.3469327688217163,0.042452361434698105,1.0437945127487183,0.4931875169277191
761,1766573781.4937613,2435200,1.2992948293685913,0.045029982924461365,0.9869473576545715,0.5309789776802063,1.326627492904663,0.046303100883960724,1.0437945127487183,0.4931875169277191
762,1766573781.7538345,2438400,1.2770674228668213,0.04797925800085068,0.9869473576545715,0.5309789776802063,1.326627492904663,0.046303100883960724,1.0437945127487183,0.4931875169277191
763,1766573788.22906,2441600,1.2770674228668213,0.04797925800085068,1.0126129388809204,0.4769780933856964,1.326627492904663,0.046303100883960724,1.0437945127487183,0.4931875169277191
764,1766573788.8583572,2444800,1.2770674228668213,0.04797925800085068,1.0126129388809204,0.4769780933856964,1.326627492904663,0.046303100883960724,1.0676213502883911,0.42806342244148254
765,1766573793.203307,2448000,1.2544007301330566,0.05210823565721512,1.0126129388809204,0.4769780933856964,1.326627492904663,0.046303100883960724,1.0676213502883911,0.42806342244148254
766,1766573793.3718302,2451200,1.2544007301330566,0.05210823565721512,1.0126129388809204,0.4769780933856964,1.305433988571167,0.04352357238531113,1.0676213502883911,0.42806342244148254
767,1766573801.5511963,2454400,1.2544007301330566,0.05210823565721512,1.0388777256011963,0.5959955453872681,1.305433988571167,0.04352357238531113,1.0676213502883911,0.42806342244148254
768,1766573801.883208,2457600,1.2544007301330566,0.05210823565721512,1.0388777256011963,0.5959955453872681,1.305433988571167,0.04352357238531113,1.0925787687301636,0.5752865672111511
769,1766573804.7028937,2460800,1.232442855834961,0.05771180987358093,1.0388777256011963,0.5959955453872681,1.305433988571167,0.04352357238531113,1.0925787687301636,0.5752865672111511
770,1766573805.5517294,2464000,1.232442855834961,0.05771180987358093,1.0388777256011963,0.5959955453872681,1.2839068174362183,0.047749295830726624,1.0925787687301636,0.5752865672111511
771,1766573813.8698692,2467200,1.232442855834961,0.05771180987358093,1.0388777256011963,0.5959955453872681,1.2839068174362183,0.047749295830726624,1.1188974380493164,0.5159963369369507
772,1766573814.932415,2470400,1.232442855834961,0.05771180987358093,1.0624152421951294,0.5225152373313904,1.2839068174362183,0.047749295830726624,1.1188974380493164,0.5159963369369507
773,1766573816.3637314,2473600,1.2117433547973633,0.05771166831254959,1.0624152421951294,0.5225152373313904,1.2839068174362183,0.047749295830726624,1.1188974380493164,0.5159963369369507
774,1766573817.5116043,2476800,1.2117433547973633,0.05771166831254959,1.0624152421951294,0.5225152373313904,1.2618898153305054,0.04558102414011955,1.1188974380493164,0.5159963369369507
775,1766573826.587504,2480000,1.2117433547973633,0.05771166831254959,1.0887163877487183,0.4120461046695709,1.2618898153305054,0.04558102414011955,1.1188974380493164,0.5159963369369507
776,1766573826.6257966,2483200,1.2117433547973633,0.05771166831254959,1.0887163877487183,0.4120461046695709,1.2618898153305054,0.04558102414011955,1.145959734916687,0.3900260329246521
777,1766573827.8133395,2486400,1.1907378435134888,0.023204993456602097,1.0887163877487183,0.4120461046695709,1.2618898153305054,0.04558102414011955,1.145959734916687,0.3900260329246521
778,1766573830.0176961,2489600,1.1907378435134888,0.023204993456602097,1.0887163877487183,0.4120461046695709,1.2431367635726929,0.02867717668414116,1.145959734916687,0.3900260329246521
779,1766573839.161269,2492800,1.1907378435134888,0.023204993456602097,1.115212082862854,0.46748092770576477,1.2431367635726929,0.02867717668414116,1.145959734916687,0.3900260329246521
780,1766573839.1953938,2496000,1.1907378435134888,0.023204993456602097,1.115212082862854,0.46748092770576477,1.2431367635726929,0.02867717668414116,1.1699250936508179,0.4696413576602936
781,1766573840.0931582,2499200,1.1697490215301514,0.05476227030158043,1.115212082862854,0.46748092770576477,1.2431367635726929,0.02867717668414116,1.1699250936508179,0.4696413576602936
782,1766573842.3196127,2502400,1.1697490215301514,0.05476227030158043,1.115212082862854,0.46748092770576477,1.2235666513442993,0.04268382489681244,1.1699250936508179,0.4696413576602936
783,1766573851.6662476,2505600,1.1697490215301514,0.05476227030158043,1.115212082862854,0.46748092770576477,1.2235666513442993,0.04268382489681244,1.1956279277801514,0.4968913793563843
784,1766573852.0693784,2508800,1.1480237245559692,0.06272517144680023,1.115212082862854,0.46748092770576477,1.2235666513442993,0.04268382489681244,1.1956279277801514,0.4968913793563843
785,1766573852.363861,2512000,1.1480237245559692,0.06272517144680023,1.1414684057235718,0.5733254551887512,1.2235666513442993,0.04268382489681244,1.1956279277801514,0.4968913793563843
786,1766573855.0389886,2515200,1.1480237245559692,0.06272517144680023,1.1414684057235718,0.5733254551887512,1.2030550241470337,0.04541748762130737,1.1956279277801514,0.4968913793563843
787,1766573863.5222092,2518400,1.1259397268295288,0.033822331577539444,1.1414684057235718,0.5733254551887512,1.2030550241470337,0.04541748762130737,1.1956279277801514,0.4968913793563843
788,1766573864.6420655,2521600,1.1259397268295288,0.033822331577539444,1.1414684057235718,0.5733254551887512,1.2030550241470337,0.04541748762130737,1.2228608131408691,0.37346288561820984
789,1766573865.2810512,2524800,1.1259397268295288,0.033822331577539444,1.1667349338531494,0.4262350797653198,1.2030550241470337,0.04541748762130737,1.2228608131408691,0.37346288561820984
790,1766573868.1414006,2528000,1.1259397268295288,0.033822331577539444,1.1667349338531494,0.4262350797653198,1.181187391281128,0.03932598605751991,1.2228608131408691,0.37346288561820984
791,1766573875.6687567,2531200,1.1050589084625244,0.045914240181446075,1.1667349338531494,0.4262350797653198,1.181187391281128,0.03932598605751991,1.2228608131408691,0.37346288561820984
792,1766573877.8088264,2534400,1.1050589084625244,0.045914240181446075,1.1667349338531494,0.4262350797653198,1.181187391281128,0.03932598605751991,1.2497764825820923,0.42680442333221436
793,1766573879.078743,2537600,1.1050589084625244,0.045914240181446075,1.1924296617507935,0.5218201875686646,1.181187391281128,0.03932598605751991,1.2497764825820923,0.42680442333221436
794,1766573881.7115114,2540800,1.1050589084625244,0.045914240181446075,1.1924296617507935,0.5218201875686646,1.1596648693084717,0.044924378395080566,1.2497764825820923,0.42680442333221436
795,1766573888.6491213,2544000,1.0837633609771729,0.05535173416137695,1.1924296617507935,0.5218201875686646,1.1596648693084717,0.044924378395080566,1.2497764825820923,0.42680442333221436
796,1766573890.9414842,2547200,1.0837633609771729,0.05535173416137695,1.1924296617507935,0.5218201875686646,1.1596648693084717,0.044924378395080566,1.2758897542953491,0.4198625087738037
797,1766573892.696418,2550400,1.0837633609771729,0.05535173416137695,1.219345211982727,0.4844418168067932,1.1596648693084717,0.044924378395080566,1.2758897542953491,0.4198625087738037
798,1766573895.0361454,2553600,1.0837633609771729,0.05535173416137695,1.219345211982727,0.4844418168067932,1.1385176181793213,0.0327773354947567,1.2758897542953491,0.4198625087738037
799,1766573900.521603,2556800,1.061919093132019,0.04591409116983414,1.219345211982727,0.4844418168067932,1.1385176181793213,0.0327773354947567,1.2758897542953491,0.4198625087738037
800,1766573903.8390884,2560000,1.061919093132019,0.04591409116983414,1.219345211982727,0.4844418168067932,1.1385176181793213,0.0327773354947567,1.302382230758667,0.44327956438064575
801,1766573905.0934136,2563200,1.061919093132019,0.04591409116983414,1.2467705011367798,0.5182740092277527,1.1385176181793213,0.0327773354947567,1.302382230758667,0.44327956438064575
802,1766573907.051257,2566400,1.061919093132019,0.04591409116983414,1.2467705011367798,0.5182740092277527,1.1167229413986206,0.03763116896152496,1.302382230758667,0.44327956438064575
803,1766573912.6081944,2569600,1.0416812896728516,0.033822253346443176,1.2467705011367798,0.5182740092277527,1.1167229413986206,0.03763116896152496,1.302382230758667,0.44327956438064575
804,1766573916.1753118,2572800,1.0416812896728516,0.033822253346443176,1.2467705011367798,0.5182740092277527,1.1167229413986206,0.03763116896152496,1.329540729522705,0.32585403323173523
805,1766573917.8574758,2576000,1.0416812896728516,0.033822253346443176,1.273206353187561,0.48102957010269165,1.1167229413986206,0.03763116896152496,1.329540729522705,0.32585403323173523
806,1766573919.4438531,2579200,1.0416812896728516,0.033822253346443176,1.273206353187561,0.48102957010269165,1.0964078903198242,0.03305801376700401,1.329540729522705,0.32585403323173523
807,1766573924.1789155,2582400,1.0211193561553955,0.031167957931756973,1.273206353187561,0.48102957010269165,1.0964078903198242,0.03305801376700401,1.329540729522705,0.32585403323173523
808,1766573928.9865358,2585600,1.0211193561553955,0.031167957931756973,1.273206353187561,0.48102957010269165,1.0964078903198242,0.03305801376700401,1.3569082021713257,0.469186931848526
809,1766573931.132643,2588800,1.0211193561553955,0.031167957931756973,1.300431489944458,0.43284258246421814,1.0964078903198242,0.03305801376700401,1.3569082021713257,0.469186931848526
810,1766573932.0050025,2592000,1.0211193561553955,0.031167957931756973,1.300431489944458,0.43284258246421814,1.0754843950271606,0.03691454976797104,1.3569082021713257,0.469186931848526
811,1766573936.7182724,2595200,1.0019099712371826,0.030283192172646523,1.300431489944458,0.43284258246421814,1.0754843950271606,0.03691454976797104,1.3569082021713257,0.469186931848526
812,1766573942.1004133,2598400,1.0019099712371826,0.030283192172646523,1.300431489944458,0.43284258246421814,1.0754843950271606,0.03691454976797104,1.3835818767547607,0.4659968316555023
813,1766573944.914763,2601600,1.0019099712371826,0.030283192172646523,1.300431489944458,0.43284258246421814,1.0534042119979858,0.019731668755412102,1.3835818767547607,0.4659968316555023
814,1766573945.211636,2604800,1.0019099712371826,0.030283192172646523,1.3268972635269165,0.43490737676620483,1.0534042119979858,0.019731668755412102,1.3835818767547607,0.4659968316555023
815,1766573949.5708766,2608000,0.9811918139457703,0.024089856073260307,1.3268972635269165,0.43490737676620483,1.0534042119979858,0.019731668755412102,1.3835818767547607,0.4659968316555023
816,1766573955.1449628,2611200,0.9811918139457703,0.024089856073260307,1.3268972635269165,0.43490737676620483,1.0534042119979858,0.019731668755412102,1.4113879203796387,0.2746293246746063
817,1766573956.964499,2614400,0.9811918139457703,0.024089856073260307,1.3268972635269165,0.43490737676620483,1.0316866636276245,0.01619573123753071,1.4113879203796387,0.2746293246746063
818,1766573958.4858665,2617600,0.9811918139457703,0.024089856073260307,1.3549364805221558,0.2856273353099823,1.0316866636276245,0.01619573123753071,1.4113879203796387,0.2746293246746063
819,1766573961.1832633,2620800,0.9600664377212524,0.031167959794402122,1.3549364805221558,0.2856273353099823,1.0316866636276245,0.01619573123753071,1.4113879203796387,0.2746293246746063
820,1766573967.5028467,2624000,0.9600664377212524,0.031167959794402122,1.3549364805221558,0.2856273353099823,1.0316866636276245,0.01619573123753071,1.4392918348312378,0.3261054456233978
821,1766573969.3729577,2627200,0.9600664377212524,0.031167959794402122,1.3549364805221558,0.2856273353099823,1.0127602815628052,0.02103804051876068,1.4392918348312378,0.3261054456233978
822,1766573971.9265018,2630400,0.9600664377212524,0.031167959794402122,1.3828312158584595,0.3116501271724701,1.0127602815628052,0.02103804051876068,1.4392918348312378,0.3261054456233978
823,1766573973.0958605,2633600,0.9373458623886108,0.01612699404358864,1.3828312158584595,0.3116501271724701,1.0127602815628052,0.02103804051876068,1.4392918348312378,0.3261054456233978
824,1766573980.2326055,2636800,0.9373458623886108,0.01612699404358864,1.3828312158584595,0.3116501271724701,1.0127602815628052,0.02103804051876068,1.4668316841125488,0.2734610438346863
825,1766573981.6387053,2640000,0.9373458623886108,0.01612699404358864,1.3828312158584595,0.3116501271724701,0.9906734228134155,0.015435210429131985,1.4668316841125488,0.2734610438346863
826,1766573984.6866894,2643200,0.9154638648033142,0.017306655645370483,1.3828312158584595,0.3116501271724701,0.9906734228134155,0.015435210429131985,1.4668316841125488,0.2734610438346863
827,1766573984.803436,2646400,0.9154638648033142,0.017306655645370483,1.4105992317199707,0.25401371717453003,0.9906734228134155,0.015435210429131985,1.4668316841125488,0.2734610438346863
828,1766573992.8157635,2649600,0.9154638648033142,0.017306655645370483,1.4105992317199707,0.25401371717453003,0.9676620364189148,0.016185054555535316,1.4668316841125488,0.2734610438346863
829,1766573992.856438,2652800,0.9154638648033142,0.017306655645370483,1.4105992317199707,0.25401371717453003,0.9676620364189148,0.016185054555535316,1.4951084852218628,0.26132211089134216
830,1766573996.574924,2656000,0.8937971591949463,0.01199804712086916,1.4105992317199707,0.25401371717453003,0.9676620364189148,0.016185054555535316,1.4951084852218628,0.26132211089134216
831,1766573997.406776,2659200,0.8937971591949463,0.01199804712086916,1.4393277168273926,0.26649120450019836,0.9676620364189148,0.016185054555535316,1.4951084852218628,0.26132211089134216
832,1766574004.5837724,2662400,0.8937971591949463,0.01199804712086916,1.4393277168273926,0.26649120450019836,0.9471877217292786,0.010782979428768158,1.4951084852218628,0.26132211089134216
833,1766574004.9463615,2665600,0.8937971591949463,0.01199804712086916,1.4393277168273926,0.26649120450019836,0.9471877217292786,0.010782979428768158,1.5242893695831299,0.216648131608963
834,1766574007.196168,2668800,0.8729903101921082,0.012587851844727993,1.4393277168273926,0.26649120450019836,0.9471877217292786,0.010782979428768158,1.5242893695831299,0.216648131608963
835,1766574009.3616672,2672000,0.8729903101921082,0.012587851844727993,1.4673025608062744,0.20930081605911255,0.9471877217292786,0.010782979428768158,1.5242893695831299,0.216648131608963
836,1766574015.90166,2675200,0.8729903101921082,0.012587851844727993,1.4673025608062744,0.20930081605911255,0.9248492121696472,0.0069745550863444805,1.5242893695831299,0.216648131608963
837,1766574016.8513951,2678400,0.8729903101921082,0.012587851844727993,1.4673025608062744,0.20930081605911255,0.9248492121696472,0.0069745550863444805,1.5508615970611572,0.2046421766281128
838,1766574018.2001774,2681600,0.8511626720428467,0.008458889089524746,1.4673025608062744,0.20930081605911255,0.9248492121696472,0.0069745550863444805,1.5508615970611572,0.2046421766281128
839,1766574022.1429567,2684800,0.8511626720428467,0.008458889089524746,1.4959371089935303,0.2804800570011139,0.9248492121696472,0.0069745550863444805,1.5508615970611572,0.2046421766281128
840,1766574027.8726223,2688000,0.8511626720428467,0.008458889089524746,1.4959371089935303,0.2804800570011139,0.9018713235855103,0.01368789840489626,1.5508615970611572,0.2046421766281128
841,1766574028.8848639,2691200,0.8511626720428467,0.008458889089524746,1.4959371089935303,0.2804800570011139,0.9018713235855103,0.01368789840489626,1.5790159702301025,0.22921577095985413
842,1766574029.9714034,2694400,0.8290039896965027,0.01583193428814411,1.4959371089935303,0.2804800570011139,0.9018713235855103,0.01368789840489626,1.5790159702301025,0.22921577095985413
843,1766574035.3106403,2697600,0.8290039896965027,0.01583193428814411,1.5248067378997803,0.19938136637210846,0.9018713235855103,0.01368789840489626,1.5790159702301025,0.22921577095985413
844,1766574040.6156192,2700800,0.8290039896965027,0.01583193428814411,1.5248067378997803,0.19938136637210846,0.880900502204895,0.0005301380879245698,1.5790159702301025,0.22921577095985413
845,1766574040.7988384,2704000,0.8290039896965027,0.01583193428814411,1.5248067378997803,0.19938136637210846,0.880900502204895,0.0005301380879245698,1.6078693866729736,0.16046246886253357
846,1766574041.643927,2707200,0.8078888654708862,0.004034917335957289,1.5248067378997803,0.19938136637210846,0.880900502204895,0.0005301380879245698,1.6078693866729736,0.16046246886253357
847,1766574048.0076525,2710400,0.8078888654708862,0.004034917335957289,1.5519006252288818,0.19687345623970032,0.880900502204895,0.0005301380879245698,1.6078693866729736,0.16046246886253357
848,1766574053.760089,2713600,0.8078888654708862,0.004034917335957289,1.5519006252288818,0.19687345623970032,0.8591735363006592,0.013057217001914978,1.6078693866729736,0.16046246886253357
849,1766574053.88976,2716800,0.7883554697036743,0.011997828260064125,1.5519006252288818,0.19687345623970032,0.8591735363006592,0.013057217001914978,1.6078693866729736,0.16046246886253357
850,1766574054.1886203,2720000,0.7883554697036743,0.011997828260064125,1.5519006252288818,0.19687345623970032,0.8591735363006592,0.013057217001914978,1.636453628540039,0.2204739898443222
851,1766574061.3712773,2723200,0.7883554697036743,0.011997828260064125,1.5803345441818237,0.1894073188304901,0.8591735363006592,0.013057217001914978,1.636453628540039,0.2204739898443222
852,1766574065.3966546,2726400,0.7683914303779602,0.004624616354703903,1.5803345441818237,0.1894073188304901,0.8591735363006592,0.013057217001914978,1.636453628540039,0.2204739898443222
853,1766574065.4380198,2729600,0.7683914303779602,0.004624616354703903,1.5803345441818237,0.1894073188304901,0.837355375289917,0.0022152657620608807,1.636453628540039,0.2204739898443222
854,1766574066.7137616,2732800,0.7683914303779602,0.004624616354703903,1.5803345441818237,0.1894073188304901,0.837355375289917,0.0022152657620608807,1.665575385093689,0.18666154146194458
855,1766574073.774606,2736000,0.7683914303779602,0.004624616354703903,1.6091784238815308,0.20639623701572418,0.837355375289917,0.0022152657620608807,1.665575385093689,0.18666154146194458
856,1766574077.1482432,2739200,0.7480027079582214,0.004034670535475016,1.6091784238815308,0.20639623701572418,0.837355375289917,0.0022152657620608807,1.665575385093689,0.18666154146194458
857,1766574077.3641665,2742400,0.7480027079582214,0.004034670535475016,1.6091784238815308,0.20639623701572418,0.8152940273284912,0.004493402782827616,1.665575385093689,0.18666154146194458
858,1766574079.12991,2745600,0.7480027079582214,0.004034670535475016,1.6091784238815308,0.20639623701572418,0.8152940273284912,0.004493402782827616,1.6936601400375366,0.16584597527980804
859,1766574085.795862,2748800,0.7480027079582214,0.004034670535475016,1.6384345293045044,0.13941052556037903,0.8152940273284912,0.004493402782827616,1.6936601400375366,0.16584597527980804
860,1766574088.743196,2752000,0.7261511087417603,0.004624434746801853,1.6384345293045044,0.13941052556037903,0.8152940273284912,0.004493402782827616,1.6936601400375366,0.16584597527980804
861,1766574089.237046,2755200,0.7261511087417603,0.004624434746801853,1.6384345293045044,0.13941052556037903,0.79361492395401,0.0035961142275482416,1.6936601400375366,0.16584597527980804
862,1766574091.7278247,2758400,0.7261511087417603,0.004624434746801853,1.6384345293045044,0.13941052556037903,0.79361492395401,0.0035961142275482416,1.7228422164916992,0.17589420080184937
863,1766574099.108232,2761600,0.7261511087417603,0.004624434746801853,1.6677634716033936,0.15150433778762817,0.79361492395401,0.0035961142275482416,1.7228422164916992,0.17589420080184937
864,1766574100.9261277,2764800,0.7062236070632935,0.0007902487996034324,1.6677634716033936,0.15150433778762817,0.79361492395401,0.0035961142275482416,1.7228422164916992,0.17589420080184937
865,1766574101.8748121,2768000,0.7062236070632935,0.0007902487996034324,1.6677634716033936,0.15150433778762817,0.7713890075683594,0.003841531230136752,1.7228422164916992,0.17589420080184937
866,1766574104.406893,2771200,0.7062236070632935,0.0007902487996034324,1.6677634716033936,0.15150433778762817,0.7713890075683594,0.003841531230136752,1.7521417140960693,0.16157859563827515
867,1766574112.2077382,2774400,0.6853114366531372,0.008458350785076618,1.6677634716033936,0.15150433778762817,0.7713890075683594,0.003841531230136752,1.7521417140960693,0.16157859563827515
868,1766574112.2864377,2777600,0.6853114366531372,0.008458350785076618,1.6964309215545654,0.127471461892128,0.7713890075683594,0.003841531230136752,1.7521417140960693,0.16157859563827515
869,1766574113.1265154,2780800,0.6853114366531372,0.008458350785076618,1.6964309215545654,0.127471461892128,0.7510948181152344,0.00014428341819439083,1.7521417140960693,0.16157859563827515
870,1766574116.287494,2784000,0.6853114366531372,0.008458350785076618,1.6964309215545654,0.127471461892128,0.7510948181152344,0.00014428341819439083,1.7809847593307495,0.17600062489509583
871,1766574123.9717011,2787200,0.6853114366531372,0.008458350785076618,1.7255526781082153,0.1510181427001953,0.7510948181152344,0.00014428341819439083,1.7809847593307495,0.17600062489509583
872,1766574124.0461237,2790400,0.6642244458198547,0.0007900359923951328,1.7255526781082153,0.1510181427001953,0.7510948181152344,0.00014428341819439083,1.7809847593307495,0.17600062489509583
873,1766574125.680194,2793600,0.6642244458198547,0.0007900359923951328,1.7255526781082153,0.1510181427001953,0.7303260564804077,0.0034878659062087536,1.7809847593307495,0.17600062489509583
874,1766574128.4127166,2796800,0.6642244458198547,0.0007900359923951328,1.7255526781082153,0.1510181427001953,0.7303260564804077,0.0034878659062087536,1.8100942373275757,0.139749214053154
875,1766574135.3252387,2800000,0.6437208652496338,0.0007899106713011861,1.7255526781082153,0.1510181427001953,0.7303260564804077,0.0034878659062087536,1.8100942373275757,0.139749214053154
876,1766574136.25874,2803200,0.6437208652496338,0.0007899106713011861,1.7551133632659912,0.10500872135162354,0.7303260564804077,0.0034878659062087536,1.8100942373275757,0.139749214053154
877,1766574137.0597131,2806400,0.6437208652496338,0.0007899106713011861,1.7551133632659912,0.10500872135162354,0.7095239758491516,8.702059858478606e-05,1.8100942373275757,0.139749214053154
878,1766574140.9186423,2809600,0.6437208652496338,0.0007899106713011861,1.7551133632659912,0.10500872135162354,0.7095239758491516,8.702059858478606e-05,1.8392407894134521,0.15168508887290955
879,1766574146.2352052,2812800,0.6235790252685547,0.0007897847681306303,1.7551133632659912,0.10500872135162354,0.7095239758491516,8.702059858478606e-05,1.8392407894134521,0.15168508887290955
880,1766574148.5895283,2816000,0.6235790252685547,0.0007897847681306303,1.7844069004058838,0.10946273803710938,0.7095239758491516,8.702059858478606e-05,1.8392407894134521,0.15168508887290955
881,1766574148.9811118,2819200,0.6235790252685547,0.0007897847681306303,1.7844069004058838,0.10946273803710938,0.6870497465133667,9.22128529055044e-05,1.8392407894134521,0.15168508887290955
882,1766574153.260285,2822400,0.6235790252685547,0.0007897847681306303,1.7844069004058838,0.10946273803710938,0.6870497465133667,9.22128529055044e-05,1.8685314655303955,0.13867640495300293
883,1766574157.9555004,2825600,0.6043143272399902,0.0007896581082604825,1.7844069004058838,0.10946273803710938,0.6870497465133667,9.22128529055044e-05,1.8685314655303955,0.13867640495300293
884,1766574160.5756598,2828800,0.6043143272399902,0.0007896581082604825,1.7844069004058838,0.10946273803710938,0.6654535531997681,0.00016745175526011735,1.8685314655303955,0.13867640495300293
885,1766574161.6747177,2832000,0.6043143272399902,0.0007896581082604825,1.8134397268295288,0.09976587444543839,0.6654535531997681,0.00016745175526011735,1.8685314655303955,0.13867640495300293
886,1766574165.7486463,2835200,0.6043143272399902,0.0007896581082604825,1.8134397268295288,0.09976587444543839,0.6654535531997681,0.00016745175526011735,1.8980343341827393,0.14891807734966278
887,1766574170.4481158,2838400,0.5826841592788696,0.004623729735612869,1.8134397268295288,0.09976587444543839,0.6654535531997681,0.00016745175526011735,1.8980343341827393,0.14891807734966278
888,1766574172.459824,2841600,0.5826841592788696,0.004623729735612869,1.8134397268295288,0.09976587444543839,0.6439784169197083,0.0028568964917212725,1.8980343341827393,0.14891807734966278
889,1766574174.0196466,2844800,0.5826841592788696,0.004623729735612869,1.8423703908920288,0.10887706279754639,0.6439784169197083,0.0028568964917212725,1.8980343341827393,0.14891807734966278
890,1766574177.8613324,2848000,0.5826841592788696,0.004623729735612869,1.8423703908920288,0.10887706279754639,0.6439784169197083,0.0028568964917212725,1.9275273084640503,0.11408910155296326
891,1766574181.1045008,2851200,0.5616769790649414,0.0007894217851571739,1.8423703908920288,0.10887706279754639,0.6439784169197083,0.0028568964917212725,1.9275273084640503,0.11408910155296326
892,1766574184.3797202,2854400,0.5616769790649414,0.0007894217851571739,1.8423703908920288,0.10887706279754639,0.62159264087677,3.23791173286736e-05,1.9275273084640503,0.11408910155296326
893,1766574186.2055836,2857600,0.5616769790649414,0.0007894217851571739,1.8719068765640259,0.09716752916574478,0.62159264087677,3.23791173286736e-05,1.9275273084640503,0.11408910155296326
894,1766574190.110873,2860800,0.5616769790649414,0.0007894217851571739,1.8719068765640259,0.09716752916574478,0.62159264087677,3.23791173286736e-05,1.956791639328003,0.12133912742137909
895,1766574193.0676675,2864000,0.5403147339820862,0.00432858569547534,1.8719068765640259,0.09716752916574478,0.62159264087677,3.23791173286736e-05,1.956791639328003,0.12133912742137909
896,1766574196.7820137,2867200,0.5403147339820862,0.00432858569547534,1.8719068765640259,0.09716752916574478,0.6004216074943542,0.003484418848529458,1.956791639328003,0.12133912742137909
897,1766574199.388926,2870400,0.5403147339820862,0.00432858569547534,1.9012326002120972,0.09873027354478836,0.6004216074943542,0.003484418848529458,1.956791639328003,0.12133912742137909
898,1766574203.5990956,2873600,0.5403147339820862,0.00432858569547534,1.9012326002120972,0.09873027354478836,0.6004216074943542,0.003484418848529458,1.9862133264541626,0.0842074602842331
899,1766574205.1507447,2876800,0.5203146934509277,0.000789181562140584,1.9012326002120972,0.09873027354478836,0.6004216074943542,0.003484418848529458,1.9862133264541626,0.0842074602842331
900,1766574209.0167918,2880000,0.5203146934509277,0.000789181562140584,1.9012326002120972,0.09873027354478836,0.5804215669631958,8.808927668724209e-05,1.9862133264541626,0.0842074602842331
901,1766574212.2956827,2883200,0.5203146934509277,0.000789181562140584,1.9308929443359375,0.0949871614575386,0.5804215669631958,8.808927668724209e-05,1.9862133264541626,0.0842074602842331
902,1766574215.8010306,2886400,0.5203146934509277,0.000789181562140584,1.9308929443359375,0.0949871614575386,0.5804215669631958,8.808927668724209e-05,2.0152833461761475,0.07186388969421387
903,1766574217.028701,2889600,0.49988922476768494,0.0007890518754720688,1.9308929443359375,0.0949871614575386,0.5804215669631958,8.808927668724209e-05,2.0152833461761475,0.07186388969421387
904,1766574221.8422058,2892800,0.49988922476768494,0.0007890518754720688,1.9308929443359375,0.0949871614575386,0.560264527797699,4.174535570200533e-05,2.0152833461761475,0.07186388969421387
905,1766574224.638613,2896000,0.49988922476768494,0.0007890518754720688,1.9603796005249023,0.09931959956884384,0.560264527797699,4.174535570200533e-05,2.0152833461761475,0.07186388969421387
906,1766574228.986656,2899200,0.49988922476768494,0.0007890518754720688,1.9603796005249023,0.09931959956884384,0.560264527797699,4.174535570200533e-05,2.043301582336426,0.059812210500240326
907,1766574229.207765,2902400,0.4803787171840668,0.0007889216067269444,1.9603796005249023,0.09931959956884384,0.560264527797699,4.174535570200533e-05,2.043301582336426,0.059812210500240326
908,1766574234.6098676,2905600,0.4803787171840668,0.0007889216067269444,1.9603796005249023,0.09931959956884384,0.5389525890350342,0.002964798826724291,2.043301582336426,0.059812210500240326
909,1766574238.0138376,2908800,0.4803787171840668,0.0007889216067269444,1.9893920421600342,0.11789127439260483,0.5389525890350342,0.002964798826724291,2.043301582336426,0.059812210500240326
910,1766574241.0877552,2912000,0.4803787171840668,0.0007889216067269444,1.9893920421600342,0.11789127439260483,0.5389525890350342,0.002964798826724291,2.0728957653045654,0.0787728875875473
911,1766574241.1183286,2915200,0.4588322043418884,0.004623096901923418,1.9893920421600342,0.11789127439260483,0.5389525890350342,0.002964798826724291,2.0728957653045654,0.0787728875875473
912,1766574247.016114,2918400,0.4588322043418884,0.004623096901923418,1.9893920421600342,0.11789127439260483,0.5183885097503662,4.4623080611927435e-05,2.0728957653045654,0.0787728875875473
913,1766574251.131093,2921600,0.4588322043418884,0.004623096901923418,2.018644094467163,0.11472121626138687,0.5183885097503662,4.4623080611927435e-05,2.0728957653045654,0.0787728875875473
914,1766574253.6298366,2924800,0.437494158744812,0.0007886780658736825,2.018644094467163,0.11472121626138687,0.5183885097503662,4.4623080611927435e-05,2.0728957653045654,0.0787728875875473
915,1766574254.0007331,2928000,0.437494158744812,0.0007886780658736825,2.018644094467163,0.11472121626138687,0.5183885097503662,4.4623080611927435e-05,2.1018333435058594,0.059192121028900146
916,1766574259.8173585,2931200,0.437494158744812,0.0007886780658736825,2.018644094467163,0.11472121626138687,0.4973060190677643,2.4308737920364365e-05,2.1018333435058594,0.059192121028900146
917,1766574264.3570356,2934400,0.437494158744812,0.0007886780658736825,2.0465495586395264,0.08566276729106903,0.4973060190677643,2.4308737920364365e-05,2.1018333435058594,0.059192121028900146
918,1766574264.9630291,2937600,0.4180697202682495,0.000788545876275748,2.0465495586395264,0.08566276729106903,0.4973060190677643,2.4308737920364365e-05,2.1018333435058594,0.059192121028900146
919,1766574266.6534667,2940800,0.4180697202682495,0.000788545876275748,2.0465495586395264,0.08566276729106903,0.4973060190677643,2.4308737920364365e-05,2.131270408630371,0.05496641993522644
920,1766574271.6710317,2944000,0.4180697202682495,0.000788545876275748,2.0465495586395264,0.08566276729106903,0.4770534336566925,2.0082827177247964e-05,2.131270408630371,0.05496641993522644
921,1766574276.9380581,2947200,0.3975767493247986,0.0007884130463935435,2.0465495586395264,0.08566276729106903,0.4770534336566925,2.0082827177247964e-05,2.131270408630371,0.05496641993522644
922,1766574277.7686195,2950400,0.3975767493247986,0.0007884130463935435,2.076284170150757,0.0908045768737793,0.4770534336566925,2.0082827177247964e-05,2.131270408630371,0.05496641993522644
923,1766574280.2891736,2953600,0.3975767493247986,0.0007884130463935435,2.076284170150757,0.0908045768737793,0.4770534336566925,2.0082827177247964e-05,2.16103458404541,0.055588528513908386
924,1766574284.6058338,2956800,0.3975767493247986,0.0007884130463935435,2.076284170150757,0.0908045768737793,0.4570534825325012,1.3505919923773035e-05,2.16103458404541,0.055588528513908386
925,1766574289.2028363,2960000,0.37793391942977905,0.0007882795762270689,2.076284170150757,0.0908045768737793,0.4570534825325012,1.3505919923773035e-05,2.16103458404541,0.055588528513908386
926,1766574290.8425536,2963200,0.37793391942977905,0.0007882795762270689,2.1053173542022705,0.07366893440485,0.4570534825325012,1.3505919923773035e-05,2.16103458404541,0.055588528513908386
927,1766574293.2388363,2966400,0.37793391942977905,0.0007882795762270689,2.1053173542022705,0.07366893440485,0.4570534825325012,1.3505919923773035e-05,2.1897428035736084,0.05657169222831726
928,1766574297.0970452,2969600,0.37793391942977905,0.0007882795762270689,2.1053173542022705,0.07366893440485,0.436447411775589,1.9489894839352928e-05,2.1897428035736084,0.05657169222831726
929,1766574301.1281178,2972800,0.3580767810344696,0.0007881453493610024,2.1053173542022705,0.07366893440485,0.436447411775589,1.9489894839352928e-05,2.1897428035736084,0.05657169222831726
930,1766574303.1631768,2976000,0.3580767810344696,0.0007881453493610024,2.134683132171631,0.07404566556215286,0.436447411775589,1.9489894839352928e-05,2.1897428035736084,0.05657169222831726
931,1766574305.4700787,2979200,0.3580767810344696,0.0007881453493610024,2.134683132171631,0.07404566556215286,0.436447411775589,1.9489894839352928e-05,2.2184321880340576,0.05935423821210861
932,1766574308.952142,2982400,0.3580767810344696,0.0007881453493610024,2.134683132171631,0.07404566556215286,0.41538354754447937,2.185884295613505e-05,2.2184321880340576,0.05935423821210861
933,1766574313.1995826,2985600,0.33612021803855896,0.0007880105404183269,2.134683132171631,0.07404566556215286,0.41538354754447937,2.185884295613505e-05,2.2184321880340576,0.05935423821210861
934,1766574316.787426,2988800,0.33612021803855896,0.0007880105404183269,2.164416551589966,0.06406811624765396,0.41538354754447937,2.185884295613505e-05,2.2184321880340576,0.05935423821210861
935,1766574317.4973254,2992000,0.33612021803855896,0.0007880105404183269,2.164416551589966,0.06406811624765396,0.41538354754447937,2.185884295613505e-05,2.2477943897247314,0.05295048654079437
936,1766574320.1720302,2995200,0.33612021803855896,0.0007880105404183269,2.164416551589966,0.06406811624765396,0.39421284198760986,7.69165581004927e-06,2.2477943897247314,0.05295048654079437
937,1766574324.0795856,2998400,0.3153563439846039,0.0007878750911913812,2.164416551589966,0.06406811624765396,0.39421284198760986,7.69165581004927e-06,2.2477943897247314,0.05295048654079437
938,1766574328.8725512,3001600,0.3153563439846039,0.0007878750911913812,2.193183183670044,0.06495886296033859,0.39421284198760986,7.69165581004927e-06,2.2477943897247314,0.05295048654079437
939,1766574330.3763216,3004800,0.3153563439846039,0.0007878750911913812,2.193183183670044,0.06495886296033859,0.39421284198760986,7.69165581004927e-06,2.2773325443267822,0.04978932440280914
940,1766574332.6384747,3008000,0.3153563439846039,0.0007878750911913812,2.193183183670044,0.06495886296033859,0.37457937002182007,3.8545727875316516e-05,2.2773325443267822,0.04978932440280914
941,1766574336.2492898,3011200,0.2970465123653412,0.0007877390016801655,2.193183183670044,0.06495886296033859,0.37457937002182007,3.8545727875316516e-05,2.2773325443267822,0.04978932440280914
942,1766574341.5552237,3014400,0.2970465123653412,0.0007877390016801655,2.2218916416168213,0.056496188044548035,0.37457937002182007,3.8545727875316516e-05,2.2773325443267822,0.04978932440280914
943,1766574343.210142,3017600,0.2970465123653412,0.0007877390016801655,2.2218916416168213,0.056496188044548035,0.37457937002182007,3.8545727875316516e-05,2.3070945739746094,0.051144301891326904
944,1766574344.5424573,3020800,0.2970465123653412,0.0007877390016801655,2.2218916416168213,0.056496188044548035,0.3537503480911255,2.125309947587084e-05,2.3070945739746094,0.051144301891326904
945,1766574348.0127985,3024000,0.2775464951992035,0.0007876022718846798,2.2218916416168213,0.056496188044548035,0.3537503480911255,2.125309947587084e-05,2.3070945739746094,0.051144301891326904
946,1766574354.106259,3027200,0.2775464951992035,0.0007876022718846798,2.251270294189453,0.06004687026143074,0.3537503480911255,2.125309947587084e-05,2.3070945739746094,0.051144301891326904
947,1766574355.9829335,3030400,0.2775464951992035,0.0007876022718846798,2.251270294189453,0.06004687026143074,0.3537503480911255,2.125309947587084e-05,2.3364577293395996,0.05669071897864342
948,1766574357.0471091,3033600,0.2775464951992035,0.0007876022718846798,2.251270294189453,0.06004687026143074,0.3323797881603241,8.58068870002171e-06,2.3364577293395996,0.05669071897864342
949,1766574360.1141257,3036800,0.2585255205631256,0.0007874647271819413,2.251270294189453,0.06004687026143074,0.3323797881603241,8.58068870002171e-06,2.3364577293395996,0.05669071897864342
950,1766574366.8621817,3040000,0.2585255205631256,0.0007874647271819413,2.280860185623169,0.06117323786020279,0.3323797881603241,8.58068870002171e-06,2.3364577293395996,0.05669071897864342
951,1766574368.2264898,3043200,0.2585255205631256,0.0007874647271819413,2.280860185623169,0.06117323786020279,0.3323797881603241,8.58068870002171e-06,2.3651647567749023,0.0515606589615345
952,1766574368.7460713,3046400,0.2585255205631256,0.0007874647271819413,2.280860185623169,0.06117323786020279,0.312632292509079,2.524451701901853e-05,2.3651647567749023,0.0515606589615345
953,1766574371.86816,3049600,0.23760353028774261,0.0007873267750255764,2.280860185623169,0.06117323786020279,0.312632292509079,2.524451701901853e-05,2.3651647567749023,0.0515606589615345
954,1766574381.1997306,3052800,0.23760353028774261,0.0007873267750255764,2.3105287551879883,0.06642128527164459,0.312632292509079,2.524451701901853e-05,2.3651647567749023,0.0515606589615345
955,1766574382.0962853,3056000,0.23760353028774261,0.0007873267750255764,2.3105287551879883,0.06642128527164459,0.2925799489021301,4.754085966851562e-05,2.3651647567749023,0.0515606589615345
956,1766574382.3880622,3059200,0.23760353028774261,0.0007873267750255764,2.3105287551879883,0.06642128527164459,0.2925799489021301,4.754085966851562e-05,2.394859790802002,0.061698589473962784
957,1766574384.751632,3062400,0.21876294910907745,0.0007871879497542977,2.3105287551879883,0.06642128527164459,0.2925799489021301,4.754085966851562e-05,2.394859790802002,0.061698589473962784
958,1766574394.397236,3065600,0.21876294910907745,0.0007871879497542977,2.3105287551879883,0.06642128527164459,0.27281615138053894,0.0028325363527983427,2.394859790802002,0.061698589473962784
959,1766574394.7666433,3068800,0.21876294910907745,0.0007871879497542977,2.339555263519287,0.08540557324886322,0.27281615138053894,0.0028325363527983427,2.394859790802002,0.061698589473962784
960,1766574395.5795717,3072000,0.21876294910907745,0.0007871879497542977,2.339555263519287,0.08540557324886322,0.27281615138053894,0.0028325363527983427,2.423696279525757,0.07774733006954193
961,1766574396.804929,3075200,0.19914601743221283,0.004621606320142746,2.339555263519287,0.08540557324886322,0.27281615138053894,0.0028325363527983427,2.423696279525757,0.07774733006954193
962,1766574407.0707805,3078400,0.19914601743221283,0.004621606320142746,2.339555263519287,0.08540557324886322,0.25202667713165283,2.1003754227422178e-05,2.423696279525757,0.07774733006954193
963,1766574407.370818,3081600,0.19914601743221283,0.004621606320142746,2.3683886528015137,0.09101258963346481,0.25202667713165283,2.1003754227422178e-05,2.423696279525757,0.07774733006954193
964,1766574408.376325,3084800,0.17869247496128082,0.004326536785811186,2.3683886528015137,0.09101258963346481,0.25202667713165283,2.1003754227422178e-05,2.423696279525757,0.07774733006954193
965,1766574408.7074463,3088000,0.17869247496128082,0.004326536785811186,2.3683886528015137,0.09101258963346481,0.25202667713165283,2.1003754227422178e-05,2.453216791152954,0.071947380900383
966,1766574418.8644087,3091200,0.17869247496128082,0.004326536785811186,2.3683886528015137,0.09101258963346481,0.23121105134487152,0.003142561763525009,2.453216791152954,0.071947380900383
967,1766574419.8580027,3094400,0.15954354405403137,0.0007868066313676536,2.3683886528015137,0.09101258963346481,0.23121105134487152,0.003142561763525009,2.453216791152954,0.071947380900383
968,1766574420.364712,3097600,0.15954354405403137,0.0007868066313676536,2.3981518745422363,0.05889509245753288,0.23121105134487152,0.003142561763525009,2.453216791152954,0.071947380900383
969,1766574420.7012434,3100800,0.15954354405403137,0.0007868066313676536,2.3981518745422363,0.05889509245753288,0.23121105134487152,0.003142561763525009,2.4824306964874268,0.045583683997392654
970,1766574431.8129716,3104000,0.15954354405403137,0.0007868066313676536,2.3981518745422363,0.05889509245753288,0.21232806146144867,6.0059528550482355e-06,2.4824306964874268,0.045583683997392654
971,1766574432.2210155,3107200,0.1406702995300293,0.0007866651867516339,2.3981518745422363,0.05889509245753288,0.21232806146144867,6.0059528550482355e-06,2.4824306964874268,0.045583683997392654
972,1766574433.9206326,3110400,0.1406702995300293,0.0007866651867516339,2.426788330078125,0.07431798428297043,0.21232806146144867,6.0059528550482355e-06,2.4824306964874268,0.045583683997392654
973,1766574433.9752913,3113600,0.1406702995300293,0.0007866651867516339,2.426788330078125,0.07431798428297043,0.21232806146144867,6.0059528550482355e-06,2.5108518600463867,0.05059477314352989
974,1766574444.3114505,3116800,0.12230149656534195,0.0007865229854360223,2.426788330078125,0.07431798428297043,0.21232806146144867,6.0059528550482355e-06,2.5108518600463867,0.05059477314352989
975,1766574444.4412303,3120000,0.12230149656534195,0.0007865229854360223,2.426788330078125,0.07431798428297043,0.19321811199188232,1.3938266420154832e-05,2.5108518600463867,0.05059477314352989
976,1766574446.8804677,3123200,0.12230149656534195,0.0007865229854360223,2.426788330078125,0.07431798428297043,0.19321811199188232,1.3938266420154832e-05,2.5401759147644043,0.04614155367016792
977,1766574447.3564951,3126400,0.12230149656534195,0.0007865229854360223,2.4567883014678955,0.06530482321977615,0.19321811199188232,1.3938266420154832e-05,2.5401759147644043,0.04614155367016792
978,1766574455.643297,3129600,0.10556391626596451,0.0007863800274208188,2.4567883014678955,0.06530482321977615,0.19321811199188232,1.3938266420154832e-05,2.5401759147644043,0.04614155367016792
979,1766574456.669452,3132800,0.10556391626596451,0.0007863800274208188,2.4567883014678955,0.06530482321977615,0.17369939386844635,1.5963172700139694e-05,2.5401759147644043,0.04614155367016792
980,1766574459.3842833,3136000,0.10556391626596451,0.0007863800274208188,2.4567883014678955,0.06530482321977615,0.17369939386844635,1.5963172700139694e-05,2.568851947784424,0.04988594725728035
981,1766574459.808243,3139200,0.10556391626596451,0.0007863800274208188,2.485921621322632,0.07818543910980225,0.17369939386844635,1.5963172700139694e-05,2.568851947784424,0.04988594725728035
982,1766574467.5648947,3142400,0.0871836319565773,0.0007862364873290062,2.485921621322632,0.07818543910980225,0.17369939386844635,1.5963172700139694e-05,2.568851947784424,0.04988594725728035
983,1766574468.3252103,3145600,0.0871836319565773,0.0007862364873290062,2.485921621322632,0.07818543910980225,0.15401354432106018,8.96129677130375e-06,2.568851947784424,0.04988594725728035
984,1766574471.6056192,3148800,0.0871836319565773,0.0007862364873290062,2.485921621322632,0.07818543910980225,0.15401354432106018,8.96129677130375e-06,2.5978710651397705,0.04624089226126671
985,1766574472.2437003,3152000,0.0871836319565773,0.0007862364873290062,2.5143983364105225,0.07367512583732605,0.15401354432106018,8.96129677130375e-06,2.5978710651397705,0.04624089226126671
986,1766574479.4762495,3155200,0.07074528187513351,0.0007860922487452626,2.5143983364105225,0.07367512583732605,0.15401354432106018,8.96129677130375e-06,2.5978710651397705,0.04624089226126671
987,1766574480.9785542,3158400,0.07074528187513351,0.0007860922487452626,2.5143983364105225,0.07367512583732605,0.13380302488803864,2.6898575015366077e-05,2.5978710651397705,0.04624089226126671
988,1766574483.5946803,3161600,0.07074528187513351,0.0007860922487452626,2.5143983364105225,0.07367512583732605,0.13380302488803864,2.6898575015366077e-05,2.6271474361419678,0.05479464307427406
989,1766574484.5556982,3164800,0.07074528187513351,0.0007860922487452626,2.5437982082366943,0.08367753028869629,0.13380302488803864,2.6898575015366077e-05,2.6271474361419678,0.05479464307427406
990,1766574490.726579,3168000,0.05413728579878807,0.00462066475301981,2.5437982082366943,0.08367753028869629,0.13380302488803864,2.6898575015366077e-05,2.6271474361419678,0.05479464307427406
991,1766574492.8200617,3171200,0.05413728579878807,0.00462066475301981,2.5437982082366943,0.08367753028869629,0.11484299600124359,0.0037526446394622326,2.6271474361419678,0.05479464307427406
992,1766574495.359402,3174400,0.05413728579878807,0.00462066475301981,2.5437982082366943,0.08367753028869629,0.11484299600124359,0.0037526446394622326,2.6562530994415283,0.07447640597820282
993,1766574497.1332915,3177600,0.05413728579878807,0.00462066475301981,2.5724847316741943,0.11508148908615112,0.11484299600124359,0.0037526446394622326,2.6562530994415283,0.07447640597820282
994,1766574502.5463855,3180800,0.04017895460128784,0.0007858226890675724,2.5724847316741943,0.11508148908615112,0.11484299600124359,0.0037526446394622326,2.6562530994415283,0.07447640597820282
995,1766574504.586214,3184000,0.04017895460128784,0.0007858226890675724,2.5724847316741943,0.11508148908615112,0.09649193286895752,1.1846659617731348e-05,2.6562530994415283,0.07447640597820282
996,1766574507.8180904,3187200,0.04017895460128784,0.0007858226890675724,2.5724847316741943,0.11508148908615112,0.09649193286895752,1.1846659617731348e-05,2.685279369354248,0.04874013736844063
997,1766574509.4188013,3190400,0.04017895460128784,0.0007858226890675724,2.6012182235717773,0.0955122634768486,0.09649193286895752,1.1846659617731348e-05,2.685279369354248,0.04874013736844063
998,1766574514.0807042,3193600,0.025516793131828308,0.0007856763550080359,2.6012182235717773,0.0955122634768486,0.09649193286895752,1.1846659617731348e-05,2.685279369354248,0.04874013736844063
999,1766574516.3069956,3196800,0.025516793131828308,0.0007856763550080359,2.6012182235717773,0.0955122634768486,0.07831484824419022,9.927181054081302e-06,2.685279369354248,0.04874013736844063
1000,1766574519.7603934,3200000,0.025516793131828308,0.0007856763550080359,2.6012182235717773,0.0955122634768486,0.07831484824419022,9.927181054081302e-06,2.714197874069214,0.04607608541846275
1001,1766574522.0768244,3203200,0.025516793131828308,0.0007856763550080359,2.6304235458374023,0.08837898075580597,0.07831484824419022,9.927181054081302e-06,2.714197874069214,0.04607608541846275
1002,1766574525.4629564,3206400,0.017129696905612946,0.0007855291478335857,2.6304235458374023,0.08837898075580597,0.07831484824419022,9.927181054081302e-06,2.714197874069214,0.04607608541846275
1003,1766574528.513144,3209600,0.017129696905612946,0.0007855291478335857,2.6304235458374023,0.08837898075580597,0.06159442290663719,1.5410814739880152e-05,2.714197874069214,0.04607608541846275
1004,1766574531.8548548,3212800,0.017129696905612946,0.0007855291478335857,2.6304235458374023,0.08837898075580597,0.06159442290663719,1.5410814739880152e-05,2.743170738220215,0.04744913801550865
1005,1766574533.9781544,3216000,0.017129696905612946,0.0007855291478335857,2.659595251083374,0.12193138152360916,0.06159442290663719,1.5410814739880152e-05,2.743170738220215,0.04744913801550865
1006,1766574536.6822686,3219200,0.012766060419380665,0.0007853813003748655,2.659595251083374,0.12193138152360916,0.06159442290663719,1.5410814739880152e-05,2.743170738220215,0.04744913801550865
1007,1766574539.9324827,3222400,0.012766060419380665,0.0007853813003748655,2.659595251083374,0.12193138152360916,0.0452786348760128,2.425715501885861e-05,2.743170738220215,0.04744913801550865
1008,1766574543.96839,3225600,0.012766060419380665,0.0007853813003748655,2.659595251083374,0.12193138152360916,0.0452786348760128,2.425715501885861e-05,2.7714173793792725,0.04988481476902962
1009,1766574546.9026616,3228800,0.012766060419380665,0.0007853813003748655,2.6886961460113525,0.09879158437252045,0.0452786348760128,2.425715501885861e-05,2.7714173793792725,0.04988481476902962
1010,1766574548.618049,3232000,0.012577380985021591,0.0007852327544242144,2.6886961460113525,0.09879158437252045,0.0452786348760128,2.425715501885861e-05,2.7714173793792725,0.04988481476902962
1011,1766574551.5509994,3235200,0.012577380985021591,0.0007852327544242144,2.6886961460113525,0.09879158437252045,0.031216135248541832,4.796467692358419e-06,2.7714173793792725,0.04988481476902962
1012,1766574556.5547109,3238400,0.012577380985021591,0.0007852327544242144,2.6886961460113525,0.09879158437252045,0.031216135248541832,4.796467692358419e-06,2.7985384464263916,0.05587958171963692
1013,1766574559.725861,3241600,0.012577380985021591,0.0007852327544242144,2.717824697494507,0.11716105788946152,0.031216135248541832,4.796467692358419e-06,2.7985384464263916,0.05587958171963692
1014,1766574560.0835378,3244800,0.012577380985021591,0.0007850836263969541,2.717824697494507,0.11716105788946152,0.031216135248541832,4.796467692358419e-06,2.7985384464263916,0.05587958171963692
1015,1766574563.941156,3248000,0.012577380985021591,0.0007850836263969541,2.717824697494507,0.11716105788946152,0.018875163048505783,0.0034431612584739923,2.7985384464263916,0.05587958171963692
1016,1766574569.2307558,3251200,0.012577380985021591,0.0007850836263969541,2.717824697494507,0.11716105788946152,0.018875163048505783,0.0034431612584739923,2.8266215324401855,0.07043817639350891
1017,1766574571.9099348,3254400,0.01261284202337265,0.0043248082511126995,2.717824697494507,0.11716105788946152,0.018875163048505783,0.0034431612584739923,2.8266215324401855,0.07043817639350891
1018,1766574572.4967105,3257600,0.01261284202337265,0.0043248082511126995,2.746589183807373,0.1177251785993576,0.018875163048505783,0.0034431612584739923,2.8266215324401855,0.07043817639350891
1019,1766574576.9127023,3260800,0.01261284202337265,0.0043248082511126995,2.746589183807373,0.1177251785993576,0.01304628700017929,1.057231111190049e-05,2.8266215324401855,0.07043817639350891
1020,1766574581.9212935,3264000,0.01261284202337265,0.0043248082511126995,2.746589183807373,0.1177251785993576,0.01304628700017929,1.057231111190049e-05,2.8534164428710938,0.05162498727440834
1021,1766574583.250373,3267200,0.012539582327008247,0.0007848030072636902,2.746589183807373,0.1177251785993576,0.01304628700017929,1.057231111190049e-05,2.8534164428710938,0.05162498727440834
1022,1766574585.7977383,3270400,0.012539582327008247,0.0007848030072636902,2.7747180461883545,0.11335936933755875,0.01304628700017929,1.057231111190049e-05,2.8534164428710938,0.05162498727440834
1023,1766574588.5836961,3273600,0.012539582327008247,0.0007848030072636902,2.7747180461883545,0.11335936933755875,0.012102889828383923,9.732188118505292e-06,2.8534164428710938,0.05162498727440834
1024,1766574594.2076182,3276800,0.012539582327008247,0.0007848030072636902,2.7747180461883545,0.11335936933755875,0.012102889828383923,9.732188118505292e-06,2.8786633014678955,0.04838177189230919
1025,1766574594.6659536,3280000,0.012539582327008247,0.0007846516091376543,2.7747180461883545,0.11335936933755875,0.012102889828383923,9.732188118505292e-06,2.8786633014678955,0.04838177189230919
1026,1766574598.3505,3283200,0.012539582327008247,0.0007846516091376543,2.802718162536621,0.09254384785890579,0.012102889828383923,9.732188118505292e-06,2.8786633014678955,0.04838177189230919
1027,1766574600.868733,3286400,0.012539582327008247,0.0007846516091376543,2.802718162536621,0.09254384785890579,0.01206639502197504,1.0203893907601014e-05,2.8786633014678955,0.04838177189230919
1028,1766574606.3581812,3289600,0.012575168162584305,0.004914420656859875,2.802718162536621,0.09254384785890579,0.01206639502197504,1.0203893907601014e-05,2.8786633014678955,0.04838177189230919
1029,1766574606.6621385,3292800,0.012575168162584305,0.004914420656859875,2.802718162536621,0.09254384785890579,0.01206639502197504,1.0203893907601014e-05,2.8966479301452637,0.07406769692897797
1030,1766574611.5708177,3296000,0.012575168162584305,0.004914420656859875,2.8302159309387207,0.12421531230211258,0.01206639502197504,1.0203893907601014e-05,2.8966479301452637,0.07406769692897797
1031,1766574613.0372913,3299200,0.012575168162584305,0.004914420656859875,2.8302159309387207,0.12421531230211258,0.01210111565887928,0.0040544187650084496,2.8966479301452637,0.07406769692897797
1032,1766574618.313778,3302400,0.012531878426671028,0.0007843704079277813,2.8302159309387207,0.12421531230211258,0.01210111565887928,0.0040544187650084496,2.8966479301452637,0.07406769692897797
1033,1766574619.279438,3305600,0.012531878426671028,0.0007843704079277813,2.8302159309387207,0.12421531230211258,0.01210111565887928,0.0040544187650084496,2.9037907123565674,0.05149288475513458
1034,1766574624.1540782,3308800,0.012531878426671028,0.0007843704079277813,2.8571972846984863,0.07031232863664627,0.01210111565887928,0.0040544187650084496,2.9037907123565674,0.05149288475513458
1035,1766574625.0198016,3312000,0.012531878426671028,0.0007843704079277813,2.8571972846984863,0.07031232863664627,0.012031429447233677,1.940488255058881e-05,2.9037907123565674,0.05149288475513458
1036,1766574629.9958746,3315200,0.012531878426671028,0.0007842167397029698,2.8571972846984863,0.07031232863664627,0.012031429447233677,1.940488255058881e-05,2.9037907123565674,0.05149288475513458
1037,1766574631.8467607,3318400,0.012531878426671028,0.0007842167397029698,2.8571972846984863,0.07031232863664627,0.012031429447233677,1.940488255058881e-05,2.9042210578918457,0.057528719305992126
1038,1766574636.6609545,3321600,0.012531878426671028,0.0007842167397029698,2.8827056884765625,0.07812155783176422,0.012031429447233677,1.940488255058881e-05,2.9042210578918457,0.057528719305992126
1039,1766574637.122573,3324800,0.012531878426671028,0.0007842167397029698,2.8827056884765625,0.07812155783176422,0.012031429447233677,0.0002286385279148817,2.9042210578918457,0.057528719305992126
1040,1766574642.2221584,3328000,0.01245090737938881,0.0007840622565709054,2.8827056884765625,0.07812155783176422,0.012031429447233677,0.0002286385279148817,2.9042210578918457,0.057528719305992126
1041,1766574644.7390149,3331200,0.01245090737938881,0.0007840622565709054,2.8827056884765625,0.07812155783176422,0.012031429447233677,0.0002286385279148817,2.904489040374756,0.06011311337351799
1042,1766574648.4112415,3334400,0.01245090737938881,0.0007840622565709054,2.8827056884765625,0.07812155783176422,0.012031429447233677,1.1983769582002424e-05,2.904489040374756,0.06011311337351799
1043,1766574649.7741623,3337600,0.01245090737938881,0.0007840622565709054,2.9019534587860107,0.06752269715070724,0.012031429447233677,1.1983769582002424e-05,2.904489040374756,0.06011311337351799
1044,1766574654.2041576,3340800,0.01245090737938881,0.0007839071331545711,2.9019534587860107,0.06752269715070724,0.012031429447233677,1.1983769582002424e-05,2.904489040374756,0.06011311337351799
1045,1766574657.4361706,3344000,0.01245090737938881,0.0007839071331545711,2.9019534587860107,0.06752269715070724,0.012031429447233677,1.1983769582002424e-05,2.90483021736145,0.07072822749614716
1046,1766574660.6450171,3347200,0.01245090737938881,0.0007839071331545711,2.9019534587860107,0.06752269715070724,0.011989588849246502,2.664945350261405e-05,2.90483021736145,0.07072822749614716
1047,1766574662.4956598,3350400,0.01245090737938881,0.0007839071331545711,2.9076292514801025,0.06546510756015778,0.011989588849246502,2.664945350261405e-05,2.90483021736145,0.07072822749614716
1048,1766574665.2094245,3353600,0.012411844916641712,0.0007837513112463057,2.9076292514801025,0.06546510756015778,0.011989588849246502,2.664945350261405e-05,2.90483021736145,0.07072822749614716
1049,1766574670.1562917,3356800,0.012411844916641712,0.0007837513112463057,2.9076292514801025,0.06546510756015778,0.011989588849246502,2.664945350261405e-05,2.9056084156036377,0.08916675299406052
1050,1766574672.0757525,3360000,0.012411844916641712,0.0007837513112463057,2.9076292514801025,0.06546510756015778,0.011989588849246502,1.590589999977965e-05,2.9056084156036377,0.08916675299406052
1051,1766574674.8883486,3363200,0.012411844916641712,0.0007837513112463057,2.9081945419311523,0.06223446875810623,0.011989588849246502,1.590589999977965e-05,2.9056084156036377,0.08916675299406052
1052,1766574677.0145524,3366400,0.012411845847964287,0.0007835946162231266,2.9081945419311523,0.06223446875810623,0.011989588849246502,1.590589999977965e-05,2.9056084156036377,0.08916675299406052
1053,1766574682.4591985,3369600,0.012411845847964287,0.0007835946162231266,2.9081945419311523,0.06223446875810623,0.011989588849246502,1.590589999977965e-05,2.9064323902130127,0.09993928670883179
1054,1766574684.069781,3372800,0.012411845847964287,0.0007835946162231266,2.9081945419311523,0.06223446875810623,0.011909907683730125,6.6681600401352625e-06,2.9064323902130127,0.09993928670883179
1055,1766574686.6393669,3376000,0.012411845847964287,0.0007835946162231266,2.9083969593048096,0.06277300417423248,0.011909907683730125,6.6681600401352625e-06,2.9064323902130127,0.09993928670883179
1056,1766574688.025511,3379200,0.012374390847980976,0.0007834372227080166,2.9083969593048096,0.06277300417423248,0.011909907683730125,6.6681600401352625e-06,2.9064323902130127,0.09993928670883179
1057,1766574694.851067,3382400,0.012374390847980976,0.0007834372227080166,2.9083969593048096,0.06277300417423248,0.011909907683730125,6.6681600401352625e-06,2.907627582550049,0.14374452829360962
1058,1766574696.3690464,3385600,0.012374390847980976,0.0007834372227080166,2.9083969593048096,0.06277300417423248,0.011909907683730125,2.634190968819894e-05,2.907627582550049,0.14374452829360962
1059,1766574699.5811734,3388800,0.012374390847980976,0.0007834372227080166,2.908759593963623,0.057217929512262344,0.011909907683730125,2.634190968819894e-05,2.907627582550049,0.14374452829360962
1060,1766574699.8119242,3392000,0.012293090112507343,0.0007832790724933147,2.908759593963623,0.057217929512262344,0.011909907683730125,2.634190968819894e-05,2.907627582550049,0.14374452829360962
1061,1766574706.323812,3395200,0.012293090112507343,0.0007832790724933147,2.908759593963623,0.057217929512262344,0.011909907683730125,2.634190968819894e-05,2.9084815979003906,0.13294166326522827
1062,1766574708.2113662,3398400,0.012293090112507343,0.0007832790724933147,2.908759593963623,0.057217929512262344,0.011872172355651855,9.864922503766138e-06,2.9084815979003906,0.13294166326522827
1063,1766574711.0841322,3401600,0.012293090112507343,0.0007831202237866819,2.908759593963623,0.057217929512262344,0.011872172355651855,9.864922503766138e-06,2.9084815979003906,0.13294166326522827
1064,1766574712.11424,3404800,0.012293090112507343,0.0007831202237866819,2.9097204208374023,0.046926964074373245,0.011872172355651855,9.864922503766138e-06,2.9084815979003906,0.13294166326522827
1065,1766574718.9622092,3408000,0.012293090112507343,0.0007831202237866819,2.9097204208374023,0.046926964074373245,0.011872172355651855,9.864922503766138e-06,2.9100537300109863,0.20197145640850067
1066,1766574719.9286354,3411200,0.012293090112507343,0.0007831202237866819,2.9097204208374023,0.046926964074373245,0.011872172355651855,1.0574406587693375e-05,2.9100537300109863,0.20197145640850067
1067,1766574722.5254617,3414400,0.01225276943296194,0.0007829605601727962,2.9097204208374023,0.046926964074373245,0.011872172355651855,1.0574406587693375e-05,2.9100537300109863,0.20197145640850067
1068,1766574724.6320484,3417600,0.01225276943296194,0.0007829605601727962,2.9103310108184814,0.046151332557201385,0.011872172355651855,1.0574406587693375e-05,2.9100537300109863,0.20197145640850067
1069,1766574730.4115455,3420800,0.01225276943296194,0.0007829605601727962,2.9103310108184814,0.046151332557201385,0.011872172355651855,1.0574406587693375e-05,2.910902738571167,0.14642757177352905
1070,1766574731.8823256,3424000,0.01225276943296194,0.0007829605601727962,2.9103310108184814,0.046151332557201385,0.011834719218313694,4.894175617664587e-06,2.910902738571167,0.14642757177352905
1071,1766574733.6162462,3427200,0.01221640594303608,0.0007828001398593187,2.9103310108184814,0.046151332557201385,0.011834719218313694,4.894175617664587e-06,2.910902738571167,0.14642757177352905
1072,1766574736.9192214,3430400,0.01221640594303608,0.0007828001398593187,2.911769390106201,0.04439196363091469,0.011834719218313694,4.894175617664587e-06,2.910902738571167,0.14642757177352905
1073,1766574742.156202,3433600,0.01221640594303608,0.0007828001398593187,2.911769390106201,0.04439196363091469,0.011834719218313694,4.894175617664587e-06,2.9113011360168457,0.17967380583286285
1074,1766574742.5438833,3436800,0.01221640594303608,0.0007828001398593187,2.911769390106201,0.04439196363091469,0.011757795698940754,1.1078098395955749e-05,2.9113011360168457,0.17967380583286285
1075,1766574744.4000485,3440000,0.012177795171737671,0.0007826389046385884,2.911769390106201,0.04439196363091469,0.011757795698940754,1.1078098395955749e-05,2.9113011360168457,0.17967380583286285
1076,1766574748.6816678,3443200,0.012177795171737671,0.0007826389046385884,2.9126296043395996,0.04790022596716881,0.011757795698940754,1.1078098395955749e-05,2.9113011360168457,0.17967380583286285
1077,1766574753.4435563,3446400,0.012177795171737671,0.0007826389046385884,2.9126296043395996,0.04790022596716881,0.011757795698940754,1.1078098395955749e-05,2.9117300510406494,0.12116704881191254
1078,1766574754.315434,3449600,0.012177795171737671,0.0007826389046385884,2.9126296043395996,0.04790022596716881,0.011757795698940754,7.579857538075885e-06,2.9117300510406494,0.12116704881191254
1079,1766574755.8736203,3452800,0.012141299434006214,0.0007824768545106053,2.9126296043395996,0.04790022596716881,0.011757795698940754,7.579857538075885e-06,2.9117300510406494,0.12116704881191254
1080,1766574760.765459,3456000,0.012141299434006214,0.0007824768545106053,2.914138078689575,0.04179660230875015,0.011757795698940754,7.579857538075885e-06,2.9117300510406494,0.12116704881191254
1081,1766574766.3508282,3459200,0.012141299434006214,0.0007824768545106053,2.914138078689575,0.04179660230875015,0.011719916947185993,0.00012350441829767078,2.9117300510406494,0.12116704881191254
1082,1766574766.5512881,3462400,0.012141299434006214,0.0007824768545106053,2.914138078689575,0.04179660230875015,0.011719916947185993,0.00012350441829767078,2.9120724201202393,0.14611124992370605
1083,1766574767.2599025,3465600,0.012141299434006214,0.0007823140476830304,2.914138078689575,0.04179660230875015,0.011719916947185993,0.00012350441829767078,2.9120724201202393,0.14611124992370605
1084,1766574773.3235183,3468800,0.012141299434006214,0.0007823140476830304,2.9143199920654297,0.04191622510552406,0.011719916947185993,0.00012350441829767078,2.9120724201202393,0.14611124992370605
1085,1766574778.550578,3472000,0.012104801833629608,0.0007821504841558635,2.9143199920654297,0.04191622510552406,0.011719916947185993,0.00012350441829767078,2.9120724201202393,0.14611124992370605
1086,1766574778.553684,3475200,0.012104801833629608,0.0007821504841558635,2.9143199920654297,0.04191622510552406,0.011683551594614983,0.0001110822195187211,2.9120724201202393,0.14611124992370605
1087,1766574779.0536425,3478400,0.012104801833629608,0.0007821504841558635,2.9143199920654297,0.04191622510552406,0.011683551594614983,0.0001110822195187211,2.912572145462036,0.10027101635932922
1088,1766574786.4203982,3481600,0.012104801833629608,0.0007821504841558635,2.9148247241973877,0.044389162212610245,0.011683551594614983,0.0001110822195187211,2.912572145462036,0.10027101635932922
1089,1766574790.266245,3484800,0.012104801833629608,0.0007821504841558635,2.9148247241973877,0.044389162212610245,0.01164718996733427,0.00010764243052108213,2.912572145462036,0.10027101635932922
1090,1766574790.6694841,3488000,0.012067901901900768,0.0007819861057214439,2.9148247241973877,0.044389162212610245,0.01164718996733427,0.00010764243052108213,2.912572145462036,0.10027101635932922
1091,1766574792.360604,3491200,0.012067901901900768,0.0007819861057214439,2.9148247241973877,0.044389162212610245,0.01164718996733427,0.00010764243052108213,2.9130630493164062,0.09920365363359451
1092,1766574799.6800296,3494400,0.012067901901900768,0.0007819861057214439,2.915208101272583,0.040410641580820084,0.01164718996733427,0.00010764243052108213,2.9130630493164062,0.09920365363359451
1093,1766574802.6193352,3497600,0.012067901901900768,0.0007818209123797715,2.915208101272583,0.040410641580820084,0.01164718996733427,0.00010764243052108213,2.9130630493164062,0.09920365363359451
1094,1766574803.3223777,3500800,0.012067901901900768,0.0007818209123797715,2.915208101272583,0.040410641580820084,0.011611218564212322,1.5448535123141482e-05,2.9130630493164062,0.09920365363359451
1095,1766574804.8799121,3504000,0.012067901901900768,0.0007818209123797715,2.915208101272583,0.040410641580820084,0.011611218564212322,1.5448535123141482e-05,2.9133477210998535,0.06717967987060547
1096,1766574813.2431114,3507200,0.012067901901900768,0.0007818209123797715,2.9158172607421875,0.044869210571050644,0.011611218564212322,1.5448535123141482e-05,2.9133477210998535,0.06717967987060547
1097,1766574815.2955463,3510400,0.011845679953694344,0.0007816550205461681,2.9158172607421875,0.044869210571050644,0.011611218564212322,1.5448535123141482e-05,2.9133477210998535,0.06717967987060547
1098,1766574815.8391597,3513600,0.011845679953694344,0.0007816550205461681,2.9158172607421875,0.044869210571050644,0.011611218564212322,1.338737547484925e-05,2.9133477210998535,0.06717967987060547
1099,1766574817.5389972,3516800,0.011845679953694344,0.0007816550205461681,2.9158172607421875,0.044869210571050644,0.011611218564212322,1.338737547484925e-05,2.9135355949401855,0.08021756261587143
1100,1766574826.1643624,3520000,0.011845679953694344,0.0007816550205461681,2.9161932468414307,0.046065788716077805,0.011611218564212322,1.338737547484925e-05,2.9135355949401855,0.08021756261587143
1101,1766574826.8759072,3523200,0.011808643117547035,0.000781488255597651,2.9161932468414307,0.046065788716077805,0.011611218564212322,1.338737547484925e-05,2.9135355949401855,0.08021756261587143
1102,1766574827.9177842,3526400,0.011808643117547035,0.000781488255597651,2.9161932468414307,0.046065788716077805,0.011540044099092484,1.0213429959549103e-05,2.9135355949401855,0.08021756261587143
1103,1766574830.477238,3529600,0.011808643117547035,0.000781488255597651,2.9161932468414307,0.046065788716077805,0.011540044099092484,1.0213429959549103e-05,2.913922071456909,0.07485239952802658
1104,1766574839.0558615,3532800,0.011735113337635994,0.0007813206175342202,2.9161932468414307,0.046065788716077805,0.011540044099092484,1.0213429959549103e-05,2.913922071456909,0.07485239952802658
1105,1766574839.2498412,3536000,0.011735113337635994,0.0007813206175342202,2.916329860687256,0.04927079752087593,0.011540044099092484,1.0213429959549103e-05,2.913922071456909,0.07485239952802658
1106,1766574839.9400845,3539200,0.011735113337635994,0.0007813206175342202,2.916329860687256,0.04927079752087593,0.011540043167769909,4.599275143846171e-06,2.913922071456909,0.07485239952802658
1107,1766574843.6641257,3542400,0.011735113337635994,0.0007813206175342202,2.916329860687256,0.04927079752087593,0.011540043167769909,4.599275143846171e-06,2.914510488510132,0.08782529830932617
1108,1766574850.0477712,3545600,0.01177081186324358,0.008747011423110962,2.916329860687256,0.04927079752087593,0.011540043167769909,4.599275143846171e-06,2.914510488510132,0.08782529830932617
1109,1766574851.2018723,3548800,0.01177081186324358,0.008747011423110962,2.9165310859680176,0.1001901626586914,0.011540043167769909,4.599275143846171e-06,2.914510488510132,0.08782529830932617
1110,1766574851.9881372,3552000,0.01177081186324358,0.008747011423110962,2.9165310859680176,0.1001901626586914,0.011537563987076283,0.006561550311744213,2.914510488510132,0.08782529830932617
1111,1766574855.7812517,3555200,0.01177081186324358,0.008747011423110962,2.9165310859680176,0.1001901626586914,0.011537563987076283,0.006561550311744213,2.9145567417144775,0.12777981162071228
1112,1766574861.9714985,3558400,0.011626927182078362,0.004616464953869581,2.9165310859680176,0.1001901626586914,0.011537563987076283,0.006561550311744213,2.9145567417144775,0.12777981162071228
1113,1766574863.845663,3561600,0.011626927182078362,0.004616464953869581,2.9165310859680176,0.1001901626586914,0.011393475346267223,0.003243423067033291,2.9145567417144775,0.12777981162071228
1114,1766574864.3218539,3564800,0.011626927182078362,0.004616464953869581,2.9168355464935303,0.07342513650655746,0.011393475346267223,0.003243423067033291,2.9145567417144775,0.12777981162071228
1115,1766574867.8496244,3568000,0.011626927182078362,0.004616464953869581,2.9168355464935303,0.07342513650655746,0.011393475346267223,0.003243423067033291,2.9148378372192383,0.12020072340965271
1116,1766574873.5424297,3571200,0.011438957415521145,0.0007808889495208859,2.9168355464935303,0.07342513650655746,0.011393475346267223,0.003243423067033291,2.9148378372192383,0.12020072340965271
1117,1766574876.1118352,3574400,0.011438957415521145,0.0007808889495208859,2.9168355464935303,0.07342513650655746,0.011357632465660572,1.6761448932811618e-05,2.9148378372192383,0.12020072340965271
1118,1766574877.381474,3577600,0.011438957415521145,0.0007808889495208859,2.9172685146331787,0.04466353356838226,0.011357632465660572,1.6761448932811618e-05,2.9148378372192383,0.12020072340965271
1119,1766574880.4006712,3580800,0.011438957415521145,0.0007808889495208859,2.9172685146331787,0.04466353356838226,0.011357632465660572,1.6761448932811618e-05,2.9149813652038574,0.07297952473163605
1120,1766574885.0897412,3584000,0.01096450537443161,0.0007807181100361049,2.9172685146331787,0.04466353356838226,0.011357632465660572,1.6761448932811618e-05,2.9149813652038574,0.07297952473163605
1121,1766574888.1115804,3587200,0.01096450537443161,0.0007807181100361049,2.9172685146331787,0.04466353356838226,0.011286203749477863,5.709256583941169e-06,2.9149813652038574,0.07297952473163605
1122,1766574890.4437957,3590400,0.01096450537443161,0.0007807181100361049,2.9175658226013184,0.03682943806052208,0.011286203749477863,5.709256583941169e-06,2.9149813652038574,0.07297952473163605
1123,1766574893.1995327,3593600,0.01096450537443161,0.0007807181100361049,2.9175658226013184,0.03682943806052208,0.011286203749477863,5.709256583941169e-06,2.915811777114868,0.06798984110355377
1124,1766574896.643446,3596800,0.01033487543463707,0.0007805463974364102,2.9175658226013184,0.03682943806052208,0.011286203749477863,5.709256583941169e-06,2.915811777114868,0.06798984110355377
1125,1766574900.4510477,3600000,0.01033487543463707,0.0007805463974364102,2.9175658226013184,0.03682943806052208,0.011216272599995136,5.039875304646557e-06,2.915811777114868,0.06798984110355377
1126,1766574904.0314524,3603200,0.01033487543463707,0.0007805463974364102,2.91792631149292,0.040125809609889984,0.011216272599995136,5.039875304646557e-06,2.915811777114868,0.06798984110355377
1127,1766574906.2162967,3606400,0.01033487543463707,0.0007805463974364102,2.91792631149292,0.040125809609889984,0.011216272599995136,5.039875304646557e-06,2.916365385055542,0.061514824628829956
1128,1766574908.9899037,3609600,0.009840578772127628,0.0007803739281371236,2.91792631149292,0.040125809609889984,0.011216272599995136,5.039875304646557e-06,2.916365385055542,0.061514824628829956
1129,1766574912.892293,3612800,0.009840578772127628,0.0007803739281371236,2.91792631149292,0.040125809609889984,0.010968047194182873,5.073295596957905e-06,2.916365385055542,0.061514824628829956
1130,1766574917.532892,3616000,0.009840578772127628,0.0007803739281371236,2.9181909561157227,0.04221614822745323,0.010968047194182873,5.073295596957905e-06,2.916365385055542,0.061514824628829956
1131,1766574919.9943464,3619200,0.009840578772127628,0.0007803739281371236,2.9181909561157227,0.04221614822745323,0.010968047194182873,5.073295596957905e-06,2.9173498153686523,0.07171563804149628
1132,1766574921.6456673,3622400,0.009194190613925457,0.0007802007021382451,2.9181909561157227,0.04221614822745323,0.010968047194182873,5.073295596957905e-06,2.9173498153686523,0.07171563804149628
1133,1766574925.5489323,3625600,0.009194190613925457,0.0007802007021382451,2.9181909561157227,0.04221614822745323,0.010582081973552704,5.008611424273113e-06,2.9173498153686523,0.07171563804149628
1134,1766574929.8438482,3628800,0.009194190613925457,0.0007802007021382451,2.9191365242004395,0.043732546269893646,0.010582081973552704,5.008611424273113e-06,2.9173498153686523,0.07171563804149628
1135,1766574932.0096583,3632000,0.009194190613925457,0.0007802007021382451,2.9191365242004395,0.043732546269893646,0.010582081973552704,5.008611424273113e-06,2.918044328689575,0.08624660223722458
1136,1766574932.9013002,3635200,0.008779163472354412,0.004320559557527304,2.9191365242004395,0.043732546269893646,0.010582081973552704,5.008611424273113e-06,2.918044328689575,0.08624660223722458
1137,1766574937.202404,3638400,0.008779163472354412,0.004320559557527304,2.9191365242004395,0.043732546269893646,0.010118583217263222,0.002829912817105651,2.918044328689575,0.08624660223722458
1138,1766574942.44299,3641600,0.008779163472354412,0.004320559557527304,2.9196743965148926,0.06744290888309479,0.010118583217263222,0.002829912817105651,2.918044328689575,0.08624660223722458
1139,1766574944.014304,3644800,0.008329725824296474,0.0007798750302754343,2.9196743965148926,0.06744290888309479,0.010118583217263222,0.002829912817105651,2.918044328689575,0.08624660223722458
1140,1766574944.5277658,3648000,0.008329725824296474,0.0007798750302754343,2.9196743965148926,0.06744290888309479,0.010118583217263222,0.002829912817105651,2.9192094802856445,0.07089285552501678
1141,1766574950.0126657,3651200,0.008329725824296474,0.0007798750302754343,2.9196743965148926,0.06744290888309479,0.009577067568898201,4.53767461294774e-06,2.9192094802856445,0.07089285552501678
1142,1766574955.530902,3654400,0.008329725824296474,0.0007798750302754343,2.9205846786499023,0.039326660335063934,0.009577067568898201,4.53767461294774e-06,2.9192094802856445,0.07089285552501678
1143,1766574956.5548239,3657600,0.0078428341075778,0.0007796992431394756,2.9205846786499023,0.039326660335063934,0.009577067568898201,4.53767461294774e-06,2.9192094802856445,0.07089285552501678
1144,1766574957.7180064,3660800,0.0078428341075778,0.0007796992431394756,2.9205846786499023,0.039326660335063934,0.009577067568898201,4.53767461294774e-06,2.9210102558135986,0.06649459898471832
1145,1766574961.8846629,3664000,0.0078428341075778,0.0007796992431394756,2.9205846786499023,0.039326660335063934,0.009106053039431572,4.015443664684426e-06,2.9210102558135986,0.06649459898471832
1146,1766574967.9493961,3667200,0.0078428341075778,0.0007796992431394756,2.9215481281280518,0.041801631450653076,0.009106053039431572,4.015443664684426e-06,2.9210102558135986,0.06649459898471832
1147,1766574968.020206,3670400,0.007366644684225321,0.0007795226410962641,2.9215481281280518,0.041801631450653076,0.009106053039431572,4.015443664684426e-06,2.9210102558135986,0.06649459898471832
1148,1766574970.049395,3673600,0.007366644684225321,0.0007795226410962641,2.9215481281280518,0.041801631450653076,0.009106053039431572,4.015443664684426e-06,2.924126625061035,0.08028413355350494
1149,1766574974.777362,3676800,0.007366644684225321,0.0007795226410962641,2.9215481281280518,0.041801631450653076,0.008570338599383831,2.2354864995577373e-05,2.924126625061035,0.08028413355350494
1150,1766574980.2477958,3680000,0.006734673865139484,0.0007793449913151562,2.9215481281280518,0.041801631450653076,0.008570338599383831,2.2354864995577373e-05,2.924126625061035,0.08028413355350494
1151,1766574981.5759592,3683200,0.006734673865139484,0.0007793449913151562,2.922741651535034,0.04622868448495865,0.008570338599383831,2.2354864995577373e-05,2.924126625061035,0.08028413355350494
1152,1766574982.8757546,3686400,0.006734673865139484,0.0007793449913151562,2.922741651535034,0.04622868448495865,0.008570338599383831,2.2354864995577373e-05,2.9279720783233643,0.06083574518561363
1153,1766574987.990991,3689600,0.006734673865139484,0.0007793449913151562,2.922741651535034,0.04622868448495865,0.007996861822903156,4.500590421230299e-06,2.9279720783233643,0.06083574518561363
1154,1766574992.8481317,3692800,0.006166492123156786,0.0007791668176651001,2.922741651535034,0.04622868448495865,0.007996861822903156,4.500590421230299e-06,2.9279720783233643,0.06083574518561363
1155,1766574994.8401222,3696000,0.006166492123156786,0.0007791668176651001,2.9253015518188477,0.03731415048241615,0.007996861822903156,4.500590421230299e-06,2.9279720783233643,0.06083574518561363
1156,1766574995.979709,3699200,0.006166492123156786,0.0007791668176651001,2.9253015518188477,0.03731415048241615,0.007996861822903156,4.500590421230299e-06,2.9315919876098633,0.055883441120386124
1157,1766574999.9678001,3702400,0.006166492123156786,0.0007791668176651001,2.9253015518188477,0.03731415048241615,0.007502162363380194,1.9557017367333174e-05,2.9315919876098633,0.055883441120386124
1158,1766575005.229758,3705600,0.00594007782638073,0.0007789875380694866,2.9253015518188477,0.03731415048241615,0.007502162363380194,1.9557017367333174e-05,2.9315919876098633,0.055883441120386124
1159,1766575008.5102863,3708800,0.00594007782638073,0.0007789875380694866,2.9253015518188477,0.03731415048241615,0.007502162363380194,1.9557017367333174e-05,2.9354965686798096,0.04976387694478035
1160,1766575008.7850974,3712000,0.00594007782638073,0.0007789875380694866,2.9287939071655273,0.044282130897045135,0.007502162363380194,1.9557017367333174e-05,2.9354965686798096,0.04976387694478035
1161,1766575012.1864204,3715200,0.00594007782638073,0.0007789875380694866,2.9287939071655273,0.044282130897045135,0.007044415920972824,2.188630332966568e-06,2.9354965686798096,0.04976387694478035
1162,1766575016.5561166,3718400,0.005429127719253302,0.0007788074435666203,2.9287939071655273,0.044282130897045135,0.007044415920972824,2.188630332966568e-06,2.9354965686798096,0.04976387694478035
1163,1766575020.477664,3721600,0.005429127719253302,0.0007788074435666203,2.9287939071655273,0.044282130897045135,0.007044415920972824,2.188630332966568e-06,2.939082622528076,0.054009005427360535
1164,1766575021.0271168,3724800,0.005429127719253302,0.0007788074435666203,2.932796001434326,0.048471130430698395,0.007044415920972824,2.188630332966568e-06,2.939082622528076,0.054009005427360535
1165,1766575023.8794534,3728000,0.005429127719253302,0.0007788074435666203,2.932796001434326,0.048471130430698395,0.006439434364438057,0.00011884648847626522,2.939082622528076,0.054009005427360535
1166,1766575027.824336,3731200,0.00479715783149004,0.0007786264759488404,2.932796001434326,0.048471130430698395,0.006439434364438057,0.00011884648847626522,2.939082622528076,0.054009005427360535
1167,1766575032.5267236,3734400,0.00479715783149004,0.0007786264759488404,2.932796001434326,0.048471130430698395,0.006439434364438057,0.00011884648847626522,2.942613124847412,0.04950622469186783
1168,1766575033.0614085,3737600,0.00479715783149004,0.0007786264759488404,2.9366817474365234,0.04853405803442001,0.006439434364438057,0.00011884648847626522,2.942613124847412,0.04950622469186783
1169,1766575035.0604937,3740800,0.00479715783149004,0.0007786264759488404,2.9366817474365234,0.04853405803442001,0.005935837049037218,2.541431604186073e-05,2.942613124847412,0.04950622469186783
1170,1766575038.8432174,3744000,0.004469885490834713,0.0007784446934238076,2.9366817474365234,0.04853405803442001,0.005935837049037218,2.541431604186073e-05,2.942613124847412,0.04950622469186783
1171,1766575044.518909,3747200,0.004469885490834713,0.0007784446934238076,2.9366817474365234,0.04853405803442001,0.005935837049037218,2.541431604186073e-05,2.946086883544922,0.04511396959424019
1172,1766575045.917765,3750400,0.004469885490834713,0.0007784446934238076,2.940228223800659,0.04919742792844772,0.005935837049037218,2.541431604186073e-05,2.946086883544922,0.04511396959424019
1173,1766575047.5580947,3753600,0.004469885490834713,0.0007784446934238076,2.940228223800659,0.04919742792844772,0.005583723541349173,4.228485067869769e-06,2.946086883544922,0.04511396959424019
1174,1766575050.789652,3756800,0.004027080722153187,0.0007782619795762002,2.940228223800659,0.04919742792844772,0.005583723541349173,4.228485067869769e-06,2.946086883544922,0.04511396959424019
1175,1766575056.7290742,3760000,0.004027080722153187,0.0007782619795762002,2.940228223800659,0.04919742792844772,0.005583723541349173,4.228485067869769e-06,2.9502391815185547,0.04259783774614334
1176,1766575057.7371938,3763200,0.004027080722153187,0.0007782619795762002,2.9438860416412354,0.05558635666966438,0.005583723541349173,4.228485067869769e-06,2.9502391815185547,0.04259783774614334
1177,1766575059.0075333,3766400,0.004027080722153187,0.0007782619795762002,2.9438860416412354,0.05558635666966438,0.005097613204270601,2.3831432827137178e-06,2.9502391815185547,0.04259783774614334
1178,1766575062.034173,3769600,0.0034344883169978857,0.0007780783926136792,2.9438860416412354,0.05558635666966438,0.005097613204270601,2.3831432827137178e-06,2.9502391815185547,0.04259783774614334
1179,1766575069.0922165,3772800,0.0034344883169978857,0.0007780783926136792,2.9438860416412354,0.05558635666966438,0.005097613204270601,2.3831432827137178e-06,2.9537854194641113,0.047376785427331924
1180,1766575069.7786188,3776000,0.0034344883169978857,0.0007780783926136792,2.947690725326538,0.07502365112304688,0.005097613204270601,2.3831432827137178e-06,2.9537854194641113,0.047376785427331924
1181,1766575070.3001022,3779200,0.0034344883169978857,0.0007780783926136792,2.947690725326538,0.07502365112304688,0.004567577503621578,3.7465349578269524e-06,2.9537854194641113,0.047376785427331924
1182,1766575073.2122297,3782400,0.0029600353445857763,0.0007778939325362444,2.947690725326538,0.07502365112304688,0.004567577503621578,3.7465349578269524e-06,2.9537854194641113,0.047376785427331924
1183,1766575080.8142178,3785600,0.0029600353445857763,0.0007778939325362444,2.947690725326538,0.07502365112304688,0.004567577503621578,3.7465349578269524e-06,2.9565258026123047,0.05022942274808884
1184,1766575081.5435624,3788800,0.0029600353445857763,0.0007778939325362444,2.947690725326538,0.07502365112304688,0.004146524704992771,1.3182089787733275e-05,2.9565258026123047,0.05022942274808884
1185,1766575082.2970872,3792000,0.0029600353445857763,0.0007778939325362444,2.951292037963867,0.08173003792762756,0.004146524704992771,1.3182089787733275e-05,2.9565258026123047,0.05022942274808884
1186,1766575083.636836,3795200,0.0026303655467927456,0.0007777086575515568,2.951292037963867,0.08173003792762756,0.004146524704992771,1.3182089787733275e-05,2.9565258026123047,0.05022942274808884
1187,1766575090.4919953,3798400,0.0026303655467927456,0.0007777086575515568,2.951292037963867,0.08173003792762756,0.004146524704992771,1.3182089787733275e-05,2.9599111080169678,0.050820741802453995
1188,1766575090.5830076,3801600,0.0026303655467927456,0.0007777086575515568,2.951292037963867,0.08173003792762756,0.0036604139022529125,6.205225872690789e-06,2.9599111080169678,0.050820741802453995
1189,1766575091.660821,3804800,0.0026303655467927456,0.0007777086575515568,2.954784870147705,0.10395633429288864,0.0036604139022529125,6.205225872690789e-06,2.9599111080169678,0.050820741802453995
1190,1766575092.3829048,3808000,0.002335162367671728,0.0007775223930366337,2.954784870147705,0.10395633429288864,0.0036604139022529125,6.205225872690789e-06,2.9599111080169678,0.050820741802453995
1191,1766575099.793428,3811200,0.002335162367671728,0.0007775223930366337,2.954784870147705,0.10395633429288864,0.0036604139022529125,6.205225872690789e-06,2.9632372856140137,0.06870000809431076
1192,1766575100.003145,3814400,0.002335162367671728,0.0007775223930366337,2.954784870147705,0.10395633429288864,0.003263005753979087,0.0034372254740446806,2.9632372856140137,0.06870000809431076
1193,1766575100.7134733,3817600,0.002335162367671728,0.0007775223930366337,2.957618236541748,0.1352435052394867,0.003263005753979087,0.0034372254740446806,2.9632372856140137,0.06870000809431076
1194,1766575100.8123648,3820800,0.002077016280964017,0.004613304045051336,2.957618236541748,0.1352435052394867,0.003263005753979087,0.0034372254740446806,2.9632372856140137,0.06870000809431076
1195,1766575108.2730782,3824000,0.002077016280964017,0.004613304045051336,2.957618236541748,0.1352435052394867,0.0028448873199522495,4.161792730883462e-06,2.9632372856140137,0.06870000809431076
1196,1766575108.8854158,3827200,0.002077016280964017,0.004613304045051336,2.957618236541748,0.1352435052394867,0.0028448873199522495,4.161792730883462e-06,2.965869903564453,0.04832258075475693
1197,1766575109.0691772,3830400,0.0018531355308368802,0.0007771748350933194,2.957618236541748,0.1352435052394867,0.0028448873199522495,4.161792730883462e-06,2.965869903564453,0.04832258075475693
1198,1766575109.721182,3833600,0.0018531355308368802,0.0007771748350933194,2.960850477218628,0.16759055852890015,0.0028448873199522495,4.161792730883462e-06,2.965869903564453,0.04832258075475693
1199,1766575117.7957356,3836800,0.0018531355308368802,0.0007771748350933194,2.960850477218628,0.16759055852890015,0.002453428227454424,3.5430518892098917e-06,2.965869903564453,0.04832258075475693
1200,1766575118.3062801,3840000,0.0015600951155647635,0.0007769857766106725,2.960850477218628,0.16759055852890015,0.002453428227454424,3.5430518892098917e-06,2.965869903564453,0.04832258075475693
1201,1766575118.8667347,3843200,0.0015600951155647635,0.0007769857766106725,2.960850477218628,0.16759055852890015,0.002453428227454424,3.5430518892098917e-06,2.9686553478240967,0.0511024184525013
1202,1766575120.2253892,3846400,0.0015600951155647635,0.0007769857766106725,2.9643335342407227,0.1661129742860794,0.002453428227454424,3.5430518892098917e-06,2.9686553478240967,0.0511024184525013
1203,1766575129.514575,3849600,0.0015600951155647635,0.0007769857766106725,2.9643335342407227,0.1661129742860794,0.0020367612596601248,3.588923163988511e-06,2.9686553478240967,0.0511024184525013
1204,1766575129.9276292,3852800,0.0014135749079287052,0.0007767959614284337,2.9643335342407227,0.1661129742860794,0.0020367612596601248,3.588923163988511e-06,2.9686553478240967,0.0511024184525013
1205,1766575131.0261662,3856000,0.0014135749079287052,0.0007767959614284337,2.9643335342407227,0.1661129742860794,0.0020367612596601248,3.588923163988511e-06,2.971653938293457,0.05367831140756607
1206,1766575133.2479146,3859200,0.0014135749079287052,0.0007767959614284337,2.9669435024261475,0.24114812910556793,0.0020367612596601248,3.588923163988511e-06,2.971653938293457,0.05367831140756607
1207,1766575141.4375665,3862400,0.0012675896286964417,0.000776605389546603,2.9669435024261475,0.24114812910556793,0.0020367612596601248,3.588923163988511e-06,2.971653938293457,0.05367831140756607
1208,1766575141.8228202,3865600,0.0012675896286964417,0.000776605389546603,2.9669435024261475,0.24114812910556793,0.0018209341214969754,5.817155397380702e-06,2.971653938293457,0.05367831140756607
1209,1766575143.4595726,3868800,0.0012675896286964417,0.000776605389546603,2.9669435024261475,0.24114812910556793,0.0018209341214969754,5.817155397380702e-06,2.974405527114868,0.06132384017109871
1210,1766575146.2357051,3872000,0.0012675896286964417,0.000776605389546603,2.9698405265808105,0.1601303666830063,0.0018209341214969754,5.817155397380702e-06,2.974405527114868,0.06132384017109871
1211,1766575152.8973835,3875200,0.0011226619826629758,0.000776413653511554,2.9698405265808105,0.1601303666830063,0.0018209341214969754,5.817155397380702e-06,2.974405527114868,0.06132384017109871
1212,1766575153.8960028,3878400,0.0011226619826629758,0.000776413653511554,2.9698405265808105,0.1601303666830063,0.0016467180103063583,3.881189968524268e-06,2.974405527114868,0.06132384017109871
1213,1766575155.441363,3881600,0.0011226619826629758,0.000776413653511554,2.9698405265808105,0.1601303666830063,0.0016467180103063583,3.881189968524268e-06,2.9763858318328857,0.07007746398448944
1214,1766575158.6274834,3884800,0.0011226619826629758,0.000776413653511554,2.9728243350982666,0.21002806723117828,0.0016467180103063583,3.881189968524268e-06,2.9763858318328857,0.07007746398448944
1215,1766575164.1070793,3888000,0.0010493019362911582,0.004317265469580889,2.9728243350982666,0.21002806723117828,0.0016467180103063583,3.881189968524268e-06,2.9763858318328857,0.07007746398448944
1216,1766575165.7466764,3891200,0.0010493019362911582,0.004317265469580889,2.9728243350982666,0.21002806723117828,0.0014677970902994275,0.0034795785322785378,2.9763858318328857,0.07007746398448944
1217,1766575167.8473048,3894400,0.0010493019362911582,0.004317265469580889,2.9728243350982666,0.21002806723117828,0.0014677970902994275,0.0034795785322785378,2.978717565536499,0.08529626578092575
1218,1766575170.6726496,3897600,0.0010493019362911582,0.004317265469580889,2.9751031398773193,0.13988228142261505,0.0014677970902994275,0.0034795785322785378,2.978717565536499,0.08529626578092575
1219,1766575175.434847,3900800,0.0010114724282175303,0.004907298367470503,2.9751031398773193,0.13988228142261505,0.0014677970902994275,0.0034795785322785378,2.978717565536499,0.08529626578092575
1220,1766575178.0382612,3904000,0.0010114724282175303,0.004907298367470503,2.9751031398773193,0.13988228142261505,0.001360467984341085,0.004050583578646183,2.978717565536499,0.08529626578092575
1221,1766575180.9763782,3907200,0.0010114724282175303,0.004907298367470503,2.9751031398773193,0.13988228142261505,0.001360467984341085,0.004050583578646183,2.981316566467285,0.08702827990055084
1222,1766575183.044964,3910400,0.0010114724282175303,0.004907298367470503,2.977362871170044,0.15031102299690247,0.001360467984341085,0.004050583578646183,2.981316566467285,0.08702827990055084
1223,1766575187.2280757,3913600,0.0008681033505126834,0.0007758899009786546,2.977362871170044,0.15031102299690247,0.001360467984341085,0.004050583578646183,2.981316566467285,0.08702827990055084
1224,1766575189.9581237,3916800,0.0008681033505126834,0.0007758899009786546,2.977362871170044,0.15031102299690247,0.0011514087673276663,0.00021909287897869945,2.981316566467285,0.08702827990055084
1225,1766575193.0938513,3920000,0.0008681033505126834,0.0007758899009786546,2.977362871170044,0.15031102299690247,0.0011514087673276663,0.00021909287897869945,2.9829742908477783,0.05891140177845955
1226,1766575195.8774936,3923200,0.0008681033505126834,0.0007758899009786546,2.979496955871582,0.0766570195555687,0.0011514087673276663,0.00021909287897869945,2.9829742908477783,0.05891140177845955
1227,1766575198.6708546,3926400,0.000832132063806057,0.000775694556068629,2.979496955871582,0.0766570195555687,0.0011514087673276663,0.00021909287897869945,2.9829742908477783,0.05891140177845955
1228,1766575201.709728,3929600,0.000832132063806057,0.000775694556068629,2.979496955871582,0.0766570195555687,0.0010468792170286179,2.5033055862877518e-05,2.9829742908477783,0.05891140177845955
1229,1766575205.393175,3932800,0.000832132063806057,0.000775694556068629,2.979496955871582,0.0766570195555687,0.0010468792170286179,2.5033055862877518e-05,2.984801769256592,0.05897216498851776
1230,1766575208.7700822,3936000,0.000832132063806057,0.000775694556068629,2.982293128967285,0.07102525979280472,0.0010468792170286179,2.5033055862877518e-05,2.984801769256592,0.05897216498851776
1231,1766575210.8500335,3939200,0.0007226431043818593,0.000775498163420707,2.982293128967285,0.07102525979280472,0.0010468792170286179,2.5033055862877518e-05,2.984801769256592,0.05897216498851776
1232,1766575213.637286,3942400,0.0007226431043818593,0.000775498163420707,2.982293128967285,0.07102525979280472,0.0009769489988684654,2.973696609842591e-06,2.984801769256592,0.05897216498851776
1233,1766575218.3151207,3945600,0.0007226431043818593,0.000775498163420707,2.982293128967285,0.07102525979280472,0.0009769489988684654,2.973696609842591e-06,2.9863739013671875,0.06601103395223618
1234,1766575221.3746872,3948800,0.0007226431043818593,0.000775498163420707,2.98398494720459,0.06735839694738388,0.0009769489988684654,2.973696609842591e-06,2.9863739013671875,0.06601103395223618
1235,1766575222.1927116,3952000,0.0006866718758828938,0.0007753010140731931,2.98398494720459,0.06735839694738388,0.0009769489988684654,2.973696609842591e-06,2.9863739013671875,0.06601103395223618
1236,1766575225.5930245,3955200,0.0006866718758828938,0.0007753010140731931,2.98398494720459,0.06735839694738388,0.0008695044671185315,0.0028652388136833906,2.9863739013671875,0.06601103395223618
1237,1766575230.9359217,3958400,0.0006866718758828938,0.0007753010140731931,2.98398494720459,0.06735839694738388,0.0008695044671185315,0.0028652388136833906,2.9876649379730225,0.08794324845075607
1238,1766575233.7844534,3961600,0.0006866718758828938,0.0007753010140731931,2.98539137840271,0.08364610373973846,0.0008695044671185315,0.0028652388136833906,2.9876649379730225,0.08794324845075607
1239,1766575233.9837878,3964800,0.0006852428195998073,0.004316297825425863,2.98539137840271,0.08364610373973846,0.0008695044671185315,0.0028652388136833906,2.9876649379730225,0.08794324845075607
1240,1766575237.3811426,3968000,0.0006852428195998073,0.004316297825425863,2.98539137840271,0.08364610373973846,0.0008695046417415142,4.276024810678791e-06,2.9876649379730225,0.08794324845075607
1241,1766575243.03364,3971200,0.0006852428195998073,0.004316297825425863,2.98539137840271,0.08364610373973846,0.0008695046417415142,4.276024810678791e-06,2.9884166717529297,0.06350366771221161
1242,1766575245.9694147,3974400,0.0006487464997917414,0.0007749305223114789,2.98539137840271,0.08364610373973846,0.0008695046417415142,4.276024810678791e-06,2.9884166717529297,0.06350366771221161
1243,1766575246.0883732,3977600,0.0006487464997917414,0.0007749305223114789,2.986987352371216,0.04679945856332779,0.0008695046417415142,4.276024810678791e-06,2.9884166717529297,0.06350366771221161
1244,1766575249.2095854,3980800,0.0006487464997917414,0.0007749305223114789,2.986987352371216,0.04679945856332779,0.0007655790541321039,0.003454062854871154,2.9884166717529297,0.06350366771221161
1245,1766575255.0696404,3984000,0.0006487464997917414,0.0007749305223114789,2.986987352371216,0.04679945856332779,0.0007655790541321039,0.003454062854871154,2.9893975257873535,0.09084077924489975
1246,1766575257.3845816,3987200,0.0006847177282907069,0.004611079581081867,2.986987352371216,0.04679945856332779,0.0007655790541321039,0.003454062854871154,2.9893975257873535,0.09084077924489975
1247,1766575258.3329303,3990400,0.0006847177282907069,0.004611079581081867,2.988029718399048,0.07657044380903244,0.0007655790541321039,0.003454062854871154,2.9893975257873535,0.09084077924489975
1248,1766575261.0839014,3993600,0.0006847177282907069,0.004611079581081867,2.988029718399048,0.07657044380903244,0.0007655790541321039,4.467838152777404e-06,2.9893975257873535,0.09084077924489975
1249,1766575266.9275043,3996800,0.0006847177282907069,0.004611079581081867,2.988029718399048,0.07657044380903244,0.0007655790541321039,4.467838152777404e-06,2.9904568195343018,0.052247218787670135
1250,1766575268.646183,4000000,0.0006109169917181134,0.0007745587499812245,2.988029718399048,0.07657044380903244,0.0007655790541321039,4.467838152777404e-06,2.9904568195343018,0.052247218787670135
1251,1766575270.5225835,4003200,0.0006109169917181134,0.0007745587499812245,2.9890573024749756,0.047768522053956985,0.0007655790541321039,4.467838152777404e-06,2.9904568195343018,0.052247218787670135
1252,1766575273.203976,4006400,0.0006109169917181134,0.0007745587499812245,2.9890573024749756,0.047768522053956985,0.0006949075614102185,7.153246406232938e-05,2.9904568195343018,0.052247218787670135
1253,1766575279.8178847,4009600,0.0006109169917181134,0.0007745587499812245,2.9890573024749756,0.047768522053956985,0.0006949075614102185,7.153246406232938e-05,2.9912126064300537,0.055734846740961075
1254,1766575280.8823068,4012800,0.0006109169917181134,0.0007743568276055157,2.9890573024749756,0.047768522053956985,0.0006949075614102185,7.153246406232938e-05,2.9912126064300537,0.055734846740961075
1255,1766575283.7194455,4016000,0.0006109169917181134,0.0007743568276055157,2.9901585578918457,0.04011933133006096,0.0006949075614102185,7.153246406232938e-05,2.9912126064300537,0.055734846740961075
1256,1766575285.8219151,4019200,0.0006109169917181134,0.0007743568276055157,2.9901585578918457,0.04011933133006096,0.0006596963503398001,4.464544872462284e-06,2.9912126064300537,0.055734846740961075
1257,1766575292.4832518,4022400,0.0006109169917181134,0.0007741539156995714,2.9901585578918457,0.04011933133006096,0.0006596963503398001,4.464544872462284e-06,2.9912126064300537,0.055734846740961075
1258,1766575292.9778538,4025600,0.0006109169917181134,0.0007741539156995714,2.9901585578918457,0.04011933133006096,0.0006596963503398001,4.464544872462284e-06,2.9921557903289795,0.04659770056605339
1259,1766575296.7187202,4028800,0.0006109169917181134,0.0007741539156995714,2.9910888671875,0.03890711069107056,0.0006596963503398001,4.464544872462284e-06,2.9921557903289795,0.04659770056605339
1260,1766575298.3800063,4032000,0.0006109169917181134,0.0007741539156995714,2.9910888671875,0.03890711069107056,0.0006244851392693818,5.930658062425209e-06,2.9921557903289795,0.04659770056605339
1261,1766575304.6343954,4035200,0.0006462527089752257,0.00461041321977973,2.9910888671875,0.03890711069107056,0.0006244851392693818,5.930658062425209e-06,2.9921557903289795,0.04659770056605339
1262,1766575305.9461727,4038400,0.0006462527089752257,0.00461041321977973,2.9910888671875,0.03890711069107056,0.0006244851392693818,5.930658062425209e-06,2.992642641067505,0.08478555828332901
1263,1766575309.8168814,4041600,0.0006462527089752257,0.00461041321977973,2.991724729537964,0.07666409015655518,0.0006244851392693818,5.930658062425209e-06,2.992642641067505,0.08478555828332901
1264,1766575310.6950445,4044800,0.0006462527089752257,0.00461041321977973,2.991724729537964,0.07666409015655518,0.0006587317329831421,0.0034333928488194942,2.992642641067505,0.08478555828332901
1265,1766575316.1417973,4048000,0.0006462527089752257,0.0007737751002423465,2.991724729537964,0.07666409015655518,0.0006587317329831421,0.0034333928488194942,2.992642641067505,0.08478555828332901
1266,1766575317.8223722,4051200,0.0006462527089752257,0.0007737751002423465,2.991724729537964,0.07666409015655518,0.0006587317329831421,0.0034333928488194942,2.9933269023895264,0.058371350169181824
1267,1766575321.8416948,4054400,0.0006462527089752257,0.0007737751002423465,2.992520332336426,0.03993314132094383,0.0006587317329831421,0.0034333928488194942,2.9933269023895264,0.058371350169181824
1268,1766575322.4635322,4057600,0.0006462527089752257,0.0007737751002423465,2.992520332336426,0.03993314132094383,0.0006233960157260299,0.0001840507029555738,2.9933269023895264,0.058371350169181824
1269,1766575327.4519157,4060800,0.0006097563309594989,0.0007735692779533565,2.992520332336426,0.03993314132094383,0.0006233960157260299,0.0001840507029555738,2.9933269023895264,0.058371350169181824
1270,1766575329.8409073,4064000,0.0006097563309594989,0.0007735692779533565,2.992520332336426,0.03993314132094383,0.0006233960157260299,0.0001840507029555738,2.9936764240264893,0.06872496753931046
1271,1766575334.4062514,4067200,0.0006097563309594989,0.0007735692779533565,2.992520332336426,0.03993314132094383,0.0006233960157260299,8.377772246603854e-06,2.9936764240264893,0.06872496753931046
1272,1766575334.7891881,4070400,0.0006097563309594989,0.0007735692779533565,2.993189573287964,0.045488737523555756,0.0006233960157260299,8.377772246603854e-06,2.9936764240264893,0.06872496753931046
1273,1766575339.1684678,4073600,0.0006097563309594989,0.0007733621750958264,2.993189573287964,0.045488737523555756,0.0006233960157260299,8.377772246603854e-06,2.9936764240264893,0.06872496753931046
1274,1766575342.5609338,4076800,0.0006097563309594989,0.0007733621750958264,2.993189573287964,0.045488737523555756,0.0006233960157260299,8.377772246603854e-06,2.9939815998077393,0.06264708191156387
1275,1766575346.47572,4080000,0.0006097563309594989,0.0007733621750958264,2.993189573287964,0.045488737523555756,0.0006233960157260299,2.8139352252765093e-06,2.9939815998077393,0.06264708191156387
1276,1766575347.6331012,4083200,0.0006097563309594989,0.0007733621750958264,2.9934933185577393,0.03101998195052147,0.0006233960157260299,2.8139352252765093e-06,2.9939815998077393,0.06264708191156387
1277,1766575350.5907865,4086400,0.0005733927246183157,0.0007731544901616871,2.9934933185577393,0.03101998195052147,0.0006233960157260299,2.8139352252765093e-06,2.9939815998077393,0.06264708191156387
1278,1766575355.3811028,4089600,0.0005733927246183157,0.0007731544901616871,2.9934933185577393,0.03101998195052147,0.0006233960157260299,2.8139352252765093e-06,2.9942944049835205,0.08223162591457367
1279,1766575358.6207266,4092800,0.0005733927246183157,0.0007731544901616871,2.9934933185577393,0.03101998195052147,0.0006233960157260299,2.779364695015829e-05,2.9942944049835205,0.08223162591457367
1280,1766575360.7160664,4096000,0.0005733927246183157,0.0007731544901616871,2.9937963485717773,0.04103337973356247,0.0006233960157260299,2.779364695015829e-05,2.9942944049835205,0.08223162591457367
1281,1766575362.581592,4099200,0.0005733926664106548,0.0007729456992819905,2.9937963485717773,0.04103337973356247,0.0006233960157260299,2.779364695015829e-05,2.9942944049835205,0.08223162591457367
1282,1766575367.5695772,4102400,0.0005733926664106548,0.0007729456992819905,2.9937963485717773,0.04103337973356247,0.0006233960157260299,2.779364695015829e-05,2.99446702003479,0.08561239391565323
1283,1766575370.2108557,4105600,0.0005733926664106548,0.0007729456992819905,2.9937963485717773,0.04103337973356247,0.0005880602984689176,1.5803656197022065e-06,2.99446702003479,0.08561239391565323
1284,1766575372.8610733,4108800,0.0005733926664106548,0.0007729456992819905,2.9941375255584717,0.03913427144289017,0.0005880602984689176,1.5803656197022065e-06,2.99446702003479,0.08561239391565323
1285,1766575373.6493416,4112000,0.0005733926664106548,0.0007727359188720584,2.9941375255584717,0.03913427144289017,0.0005880602984689176,1.5803656197022065e-06,2.99446702003479,0.08561239391565323
1286,1766575379.9128754,4115200,0.0005733926664106548,0.0007727359188720584,2.9941375255584717,0.03913427144289017,0.0005880602984689176,1.5803656197022065e-06,2.994502544403076,0.10439132153987885
1287,1766575382.0983915,4118400,0.0005733926664106548,0.0007727359188720584,2.9941375255584717,0.03913427144289017,0.0005880602984689176,2.841285549948225e-06,2.994502544403076,0.10439132153987885
1288,1766575385.3433068,4121600,0.0005733926664106548,0.0028384248726069927,2.9941375255584717,0.03913427144289017,0.0005880602984689176,2.841285549948225e-06,2.994502544403076,0.10439132153987885
1289,1766575385.9327967,4124800,0.0005733926664106548,0.0028384248726069927,2.9944753646850586,0.03432710841298103,0.0005880602984689176,2.841285549948225e-06,2.994502544403076,0.10439132153987885
1290,1766575392.212797,4128000,0.0005733926664106548,0.0028384248726069927,2.9944753646850586,0.03432710841298103,0.0005880602984689176,2.841285549948225e-06,2.994638681411743,0.1010800451040268
1291,1766575393.5863175,4131200,0.0005733926664106548,0.0028384248726069927,2.9944753646850586,0.03432710841298103,0.0005878175143152475,0.0027376306243240833,2.994638681411743,0.1010800451040268
1292,1766575396.877279,4134400,0.0005726218223571777,0.002247983356937766,2.9944753646850586,0.03432710841298103,0.0005878175143152475,0.0027376306243240833,2.994638681411743,0.1010800451040268
1293,1766575397.878182,4137600,0.0005726218223571777,0.002247983356937766,2.994446277618408,0.06415306776762009,0.0005878175143152475,0.0027376306243240833,2.994638681411743,0.1010800451040268
1294,1766575404.2862763,4140800,0.0005726218223571777,0.002247983356937766,2.994446277618408,0.06415306776762009,0.0005878175143152475,0.0027376306243240833,2.9947078227996826,0.10863595455884933
1295,1766575405.6553018,4144000,0.0005726218223571777,0.002247983356937766,2.994446277618408,0.06415306776762009,0.0005878175143152475,3.57984026777558e-05,2.9947078227996826,0.10863595455884933
1296,1766575408.8655868,4147200,0.0005726218223571777,0.0007721289875917137,2.994446277618408,0.06415306776762009,0.0005878175143152475,3.57984026777558e-05,2.9947078227996826,0.10863595455884933
1297,1766575410.2100415,4150400,0.0005726218223571777,0.0007721289875917137,2.9946436882019043,0.04946618899703026,0.0005878175143152475,3.57984026777558e-05,2.9947078227996826,0.10863595455884933
1298,1766575416.6425812,4153600,0.0005726218223571777,0.0007721289875917137,2.9946436882019043,0.04946618899703026,0.0005878175143152475,3.57984026777558e-05,2.994743585586548,0.08590474724769592
1299,1766575417.8511183,4156800,0.0005726218223571777,0.0007721289875917137,2.9946436882019043,0.04946618899703026,0.0005878175143152475,8.794703899184242e-05,2.994743585586548,0.08590474724769592
1300,1766575419.5678487,4160000,0.0005726217641495168,0.0007719152490608394,2.9946436882019043,0.04946618899703026,0.0005878175143152475,8.794703899184242e-05,2.994743585586548,0.08590474724769592
1301,1766575422.7349567,4163200,0.0005726217641495168,0.0007719152490608394,2.994645595550537,0.048027846962213516,0.0005878175143152475,8.794703899184242e-05,2.994743585586548,0.08590474724769592
1302,1766575428.8118155,4166400,0.0005726217641495168,0.0007719152490608394,2.994645595550537,0.048027846962213516,0.0005878175143152475,8.794703899184242e-05,2.9948790073394775,0.10659263283014297
1303,1766575429.3978884,4169600,0.0005726217641495168,0.0007719152490608394,2.994645595550537,0.048027846962213516,0.0005526062450371683,5.301123110257322e-06,2.9948790073394775,0.10659263283014297
1304,1766575431.1012297,4172800,0.0005726217641495168,0.000771700288169086,2.994645595550537,0.048027846962213516,0.0005526062450371683,5.301123110257322e-06,2.9948790073394775,0.10659263283014297
1305,1766575434.8444405,4176000,0.0005726217641495168,0.000771700288169086,2.9948484897613525,0.059023354202508926,0.0005526062450371683,5.301123110257322e-06,2.9948790073394775,0.10659263283014297
1306,1766575440.5141633,4179200,0.0005726217641495168,0.000771700288169086,2.9948484897613525,0.059023354202508926,0.0005526062450371683,5.301123110257322e-06,2.994913339614868,0.07636652886867523
1307,1766575441.1073997,4182400,0.0005726217641495168,0.000771700288169086,2.9948484897613525,0.059023354202508926,0.0005526062450371683,2.6309051463613287e-05,2.994913339614868,0.07636652886867523
1308,1766575442.2921844,4185600,0.0005726218223571777,0.0007714845123700798,2.9948484897613525,0.059023354202508926,0.0005526062450371683,2.6309051463613287e-05,2.994913339614868,0.07636652886867523
1309,1766575447.2489488,4188800,0.0005726218223571777,0.0007714845123700798,2.9948484897613525,0.06346925348043442,0.0005526062450371683,2.6309051463613287e-05,2.994913339614868,0.07636652886867523
1310,1766575452.3538716,4192000,0.0005726218223571777,0.0007714845123700798,2.9948484897613525,0.06346925348043442,0.0005526062450371683,2.6309051463613287e-05,2.994946241378784,0.08978534489870071
1311,1766575452.7129767,4195200,0.0005726218223571777,0.0007714845123700798,2.9948484897613525,0.06346925348043442,0.0005526062450371683,2.8655679216171848e-06,2.994946241378784,0.08978534489870071
1312,1766575454.253257,4198400,0.0005726218223571777,0.0007712676306255162,2.9948484897613525,0.06346925348043442,0.0005526062450371683,2.8655679216171848e-06,2.994946241378784,0.08978534489870071
1313,1766575459.65372,4201600,0.0005726218223571777,0.0007712676306255162,2.9949822425842285,0.0747840479016304,0.0005526062450371683,2.8655679216171848e-06,2.994946241378784,0.08978534489870071
1314,1766575462.1143315,4204800,0.0005726218223571777,0.0007712676306255162,2.9949822425842285,0.0747840479016304,0.0005526062450371683,1.857161805673968e-06,2.994946241378784,0.08978534489870071
1315,1766575462.6542532,4208000,0.0005726218223571777,0.0007712676306255162,2.9949822425842285,0.0747840479016304,0.0005526062450371683,1.857161805673968e-06,2.995049476623535,0.07049841433763504
1316,1766575463.3879979,4211200,0.0005726217641495168,0.0007710497011430562,2.9949822425842285,0.0747840479016304,0.0005526062450371683,1.857161805673968e-06,2.995049476623535,0.07049841433763504
1317,1766575468.7071915,4214400,0.0005726217641495168,0.0007710497011430562,2.9950170516967773,0.07411333918571472,0.0005526062450371683,1.857161805673968e-06,2.995049476623535,0.07049841433763504
1318,1766575471.3235745,4217600,0.0005726217641495168,0.0007710497011430562,2.9950170516967773,0.07411333918571472,0.0005526062450371683,1.054407584888395e-05,2.995049476623535,0.07049841433763504
1319,1766575471.8737264,4220800,0.0005726217641495168,0.0007708306657150388,2.9950170516967773,0.07411333918571472,0.0005526062450371683,1.054407584888395e-05,2.995049476623535,0.07049841433763504
1320,1766575471.903918,4224000,0.0005726217641495168,0.0007708306657150388,2.9950170516967773,0.07411333918571472,0.0005526062450371683,1.054407584888395e-05,2.9951536655426025,0.07695958018302917
1321,1766575479.3782213,4227200,0.0005726217641495168,0.0007708306657150388,2.995051145553589,0.09486506879329681,0.0005526062450371683,1.054407584888395e-05,2.9951536655426025,0.07695958018302917
1322,1766575481.9098568,4230400,0.0005726217641495168,0.0007708306657150388,2.995051145553589,0.09486506879329681,0.0005526062450371683,1.985320068342844e-06,2.9951536655426025,0.07695958018302917
1323,1766575482.1104267,4233600,0.0005726218223571777,0.0007706106989644468,2.995051145553589,0.09486506879329681,0.0005526062450371683,1.985320068342844e-06,2.9951536655426025,0.07695958018302917
1324,1766575483.4074473,4236800,0.0005726218223571777,0.0007706106989644468,2.995051145553589,0.09486506879329681,0.0005526062450371683,1.985320068342844e-06,2.995222330093384,0.05825133994221687
1325,1766575491.4849043,4240000,0.0005726218223571777,0.0007706106989644468,2.995183229446411,0.09479646384716034,0.0005526062450371683,1.985320068342844e-06,2.995222330093384,0.05825133994221687
1326,1766575493.6448867,4243200,0.0005726218223571777,0.0007703895680606365,2.995183229446411,0.09479646384716034,0.0005526062450371683,1.985320068342844e-06,2.995222330093384,0.05825133994221687
1327,1766575493.8425639,4246400,0.0005726218223571777,0.0007703895680606365,2.995183229446411,0.09479646384716034,0.0005526062450371683,1.6074978702818044e-05,2.995222330093384,0.05825133994221687
1328,1766575494.9436812,4249600,0.0005726218223571777,0.0007703895680606365,2.995183229446411,0.09479646384716034,0.0005526062450371683,1.6074978702818044e-05,2.995189666748047,0.06251890957355499
1329,1766575503.795535,4252800,0.0005726218223571777,0.0007703895680606365,2.995251178741455,0.11590220034122467,0.0005526062450371683,1.6074978702818044e-05,2.995189666748047,0.06251890957355499
1330,1766575504.9723468,4256000,0.0005726217641495168,0.0007701675640419126,2.995251178741455,0.11590220034122467,0.0005526062450371683,1.6074978702818044e-05,2.995189666748047,0.06251890957355499
1331,1766575505.066166,4259200,0.0005726217641495168,0.0007701675640419126,2.995251178741455,0.11590220034122467,0.0005526062450371683,6.696932814520551e-06,2.995189666748047,0.06251890957355499
1332,1766575507.3767984,4262400,0.0005726217641495168,0.0007701675640419126,2.995251178741455,0.11590220034122467,0.0005526062450371683,6.696932814520551e-06,2.9951908588409424,0.04909316822886467
1333,1766575516.5033014,4265600,0.0005726217641495168,0.0007701675640419126,2.995218515396118,0.08785708248615265,0.0005526062450371683,6.696932814520551e-06,2.9951908588409424,0.04909316822886467
1334,1766575517.0230978,4268800,0.0005726217641495168,0.0007699443376623094,2.995218515396118,0.08785708248615265,0.0005526062450371683,6.696932814520551e-06,2.9951908588409424,0.04909316822886467
1335,1766575517.527067,4272000,0.0005726217641495168,0.0007699443376623094,2.995218515396118,0.08785708248615265,0.0005526062450371683,2.2968556550040375e-06,2.9951908588409424,0.04909316822886467
1336,1766575519.3517818,4275200,0.0005726217641495168,0.0007699443376623094,2.995218515396118,0.08785708248615265,0.0005526062450371683,2.2968556550040375e-06,2.995224952697754,0.051233530044555664
1337,1766575527.6803918,4278400,0.0006085930508561432,0.0034261613618582487,2.995218515396118,0.08785708248615265,0.0005526062450371683,2.2968556550040375e-06,2.995224952697754,0.051233530044555664
1338,1766575528.7699306,4281600,0.0006085930508561432,0.0034261613618582487,2.9952855110168457,0.1023622453212738,0.0005526062450371683,2.2968556550040375e-06,2.995224952697754,0.051233530044555664
1339,1766575528.8740304,4284800,0.0006085930508561432,0.0034261613618582487,2.9952855110168457,0.1023622453212738,0.0005868528387509286,0.0026873284950852394,2.995224952697754,0.051233530044555664
1340,1766575531.1101902,4288000,0.0006085930508561432,0.0034261613618582487,2.9952855110168457,0.1023622453212738,0.0005868528387509286,0.0026873284950852394,2.995227098464966,0.06826059520244598
1341,1766575538.9384847,4291200,0.0005727506941184402,0.0031308168545365334,2.9952855110168457,0.1023622453212738,0.0005868528387509286,0.0026873284950852394,2.995227098464966,0.06826059520244598
1342,1766575540.4515982,4294400,0.0005727506941184402,0.0031308168545365334,2.9952855110168457,0.1023622453212738,0.0005868527805432677,2.0514041807473404e-06,2.995227098464966,0.06826059520244598
1343,1766575540.7550402,4297600,0.0005727506941184402,0.0031308168545365334,2.995220899581909,0.10891860723495483,0.0005868527805432677,2.0514041807473404e-06,2.995227098464966,0.06826059520244598
1344,1766575543.5275886,4300800,0.0005727506941184402,0.0031308168545365334,2.995220899581909,0.10891860723495483,0.0005868527805432677,2.0514041807473404e-06,2.9952609539031982,0.041183385998010635
1345,1766575549.2577267,4304000,0.0005721151828765869,0.0016548058483749628,2.995220899581909,0.10891860723495483,0.0005868527805432677,2.0514041807473404e-06,2.9952609539031982,0.041183385998010635
1346,1766575551.0901988,4307200,0.0005721151828765869,0.0016548058483749628,2.995220899581909,0.10891860723495483,0.0006209824932739139,0.0031218656804412603,2.9952609539031982,0.041183385998010635
1347,1766575552.0521982,4310400,0.0005721151828765869,0.0016548058483749628,2.9952244758605957,0.12655316293239594,0.0006209824932739139,0.0031218656804412603,2.9952609539031982,0.041183385998010635
1348,1766575554.2881896,4313600,0.0005721151828765869,0.0016548058483749628,2.9952244758605957,0.12655316293239594,0.0006209824932739139,0.0031218656804412603,2.9952285289764404,0.0659160390496254
1349,1766575558.5876083,4316800,0.0005721151828765869,0.0007690920028835535,2.9952244758605957,0.12655316293239594,0.0006209824932739139,0.0031218656804412603,2.9952285289764404,0.0659160390496254
1350,1766575561.7092726,4320000,0.0005721151828765869,0.0007690920028835535,2.9952244758605957,0.12655316293239594,0.0006209824932739139,1.4358109183376655e-05,2.9952285289764404,0.0659160390496254
1351,1766575563.2417905,4323200,0.0005721151828765869,0.0007690920028835535,2.9952242374420166,0.07690262794494629,0.0006209824932739139,1.4358109183376655e-05,2.9952285289764404,0.0659160390496254
1352,1766575565.6135488,4326400,0.0005721151828765869,0.0007690920028835535,2.9952242374420166,0.07690262794494629,0.0006209824932739139,1.4358109183376655e-05,2.995262622833252,0.044963061809539795
1353,1766575569.6842864,4329600,0.0005721151828765869,0.0007688634213991463,2.9952242374420166,0.07690262794494629,0.0006209824932739139,1.4358109183376655e-05,2.995262622833252,0.044963061809539795
1354,1766575573.2083397,4332800,0.0005721151828765869,0.0007688634213991463,2.9952242374420166,0.07690262794494629,0.0005857712822034955,8.570855243306141e-06,2.995262622833252,0.044963061809539795
1355,1766575574.8347883,4336000,0.0005721151828765869,0.0007688634213991463,2.9952917098999023,0.08353574573993683,0.0005857712822034955,8.570855243306141e-06,2.995262622833252,0.044963061809539795
1356,1766575577.9682863,4339200,0.0005721151828765869,0.0007688634213991463,2.9952917098999023,0.08353574573993683,0.0005857712822034955,8.570855243306141e-06,2.995262384414673,0.03978739306330681
1357,1766575581.5518029,4342400,0.0005721151828765869,0.0007686338503845036,2.9952917098999023,0.08353574573993683,0.0005857712822034955,8.570855243306141e-06,2.995262384414673,0.03978739306330681
1358,1766575584.8252156,4345600,0.0005721151828765869,0.0007686338503845036,2.9952917098999023,0.08353574573993683,0.0005857711657881737,2.889978168241214e-05,2.995262384414673,0.03978739306330681
1359,1766575587.456917,4348800,0.0005721151828765869,0.0007686338503845036,2.995260000228882,0.07287980616092682,0.0005857711657881737,2.889978168241214e-05,2.995262384414673,0.03978739306330681
1360,1766575589.254871,4352000,0.0005721151828765869,0.0007686338503845036,2.995260000228882,0.07287980616092682,0.0005857711657881737,2.889978168241214e-05,2.9952309131622314,0.04315095767378807
1361,1766575592.2661858,4355200,0.0005721151828765869,0.0007684031734243035,2.995260000228882,0.07287980616092682,0.0005857711657881737,2.889978168241214e-05,2.9952309131622314,0.04315095767378807
1362,1766575595.5842133,4358400,0.0005721151828765869,0.0007684031734243035,2.995260000228882,0.07287980616092682,0.0005514069343917072,3.257183607274783e-06,2.9952309131622314,0.04315095767378807
1363,1766575598.2433567,4361600,0.0005721151828765869,0.0007684031734243035,2.995293140411377,0.08244273066520691,0.0005514069343917072,3.257183607274783e-06,2.9952309131622314,0.04315095767378807
1364,1766575599.6129885,4364800,0.0005721151828765869,0.0007684031734243035,2.995293140411377,0.08244273066520691,0.0005514069343917072,3.257183607274783e-06,2.9953320026397705,0.036153245717287064
1365,1766575602.0312705,4368000,0.0005721151828765869,0.0007681713905185461,2.995293140411377,0.08244273066520691,0.0005514069343917072,3.257183607274783e-06,2.9953320026397705,0.036153245717287064
1366,1766575605.3360288,4371200,0.0005721151828765869,0.0007681713905185461,2.995293140411377,0.08244273066520691,0.0005514069925993681,1.8500370060792193e-05,2.9953320026397705,0.036153245717287064
1367,1766575608.3999214,4374400,0.0005721151828765869,0.0007681713905185461,2.995326280593872,0.06402413547039032,0.0005514069925993681,1.8500370060792193e-05,2.9953320026397705,0.036153245717287064
1368,1766575610.335378,4377600,0.0005721151828765869,0.0007681713905185461,2.995326280593872,0.06402413547039032,0.0005514069925993681,1.8500370060792193e-05,2.9954686164855957,0.03732356056571007
1369,1766575612.0789728,4380800,0.0005721151828765869,0.0007679385016672313,2.995326280593872,0.06402413547039032,0.0005514069925993681,1.8500370060792193e-05,2.9954686164855957,0.03732356056571007
1370,1766575615.6709383,4384000,0.0005721151828765869,0.0007679385016672313,2.995326280593872,0.06402413547039032,0.0005514069925993681,4.386395175970392e-06,2.9954686164855957,0.03732356056571007
1371,1766575620.3760495,4387200,0.0005721151828765869,0.0007679385016672313,2.9953927993774414,0.05720957741141319,0.0005514069925993681,4.386395175970392e-06,2.9954686164855957,0.03732356056571007
1372,1766575621.238255,4390400,0.0005721151828765869,0.0007679385016672313,2.9953927993774414,0.05720957741141319,0.0005514069925993681,4.386395175970392e-06,2.995435953140259,0.03304019570350647
1373,1766575622.9465652,4393600,0.0005362728843465447,0.0007677046814933419,2.9953927993774414,0.05720957741141319,0.0005514069925993681,4.386395175970392e-06,2.995435953140259,0.03304019570350647
1374,1766575626.452818,4396800,0.0005362728843465447,0.0007677046814933419,2.9953927993774414,0.05720957741141319,0.0005514069925993681,9.532360309094656e-06,2.995435953140259,0.03304019570350647
1375,1766575632.9465065,4400000,0.0005362728843465447,0.0007677046814933419,2.9953927993774414,0.05720957741141319,0.0005514069925993681,9.532360309094656e-06,2.9955685138702393,0.034069620072841644
1376,1766575633.076027,4403200,0.0005362728843465447,0.0007677046814933419,2.995522975921631,0.05538235977292061,0.0005514069925993681,9.532360309094656e-06,2.9955685138702393,0.034069620072841644
1377,1766575633.9571333,4406400,0.0005362728843465447,0.0007674695225432515,2.995522975921631,0.05538235977292061,0.0005514069925993681,9.532360309094656e-06,2.9955685138702393,0.034069620072841644
1378,1766575639.0054998,4409600,0.0005362728843465447,0.0007674695225432515,2.995522975921631,0.05538235977292061,0.0005514069343917072,2.3555642201245064e-06,2.9955685138702393,0.034069620072841644
1379,1766575646.0081935,4412800,0.0005362728843465447,0.0007674695225432515,2.995622396469116,0.06420613825321198,0.0005514069343917072,2.3555642201245064e-06,2.9955685138702393,0.034069620072841644
1380,1766575646.2364936,4416000,0.0005362728843465447,0.0007672332576476038,2.995622396469116,0.06420613825321198,0.0005514069343917072,2.3555642201245064e-06,2.9955685138702393,0.034069620072841644
1381,1766575646.8003578,4419200,0.0005362728843465447,0.0007672332576476038,2.995622396469116,0.06420613825321198,0.0005514069343917072,2.3555642201245064e-06,2.9955685138702393,0.029505524784326553
1382,1766575651.6582518,4422400,0.0005362728843465447,0.0007672332576476038,2.995622396469116,0.06420613825321198,0.0005514069925993681,7.927167644083966e-06,2.9955685138702393,0.029505524784326553
1383,1766575658.2407324,4425600,0.0005362728843465447,0.0007669960032217205,2.995622396469116,0.06420613825321198,0.0005514069925993681,7.927167644083966e-06,2.9955685138702393,0.029505524784326553
1384,1766575659.3324516,4428800,0.0005362728843465447,0.0007669960032217205,2.995622396469116,0.05535953491926193,0.0005514069925993681,7.927167644083966e-06,2.9955685138702393,0.029505524784326553
1385,1766575660.3153527,4432000,0.0005362728843465447,0.0007669960032217205,2.995622396469116,0.05535953491926193,0.0005514069925993681,7.927167644083966e-06,2.9955358505249023,0.039130616933107376
1386,1766575664.6918306,4435200,0.0005362728843465447,0.0007669960032217205,2.995622396469116,0.05535953491926193,0.0005164419999346137,3.543926140991971e-06,2.9955358505249023,0.039130616933107376
1387,1766575670.7236028,4438400,0.0005362728843465447,0.0007667575846426189,2.995622396469116,0.05535953491926193,0.0005164419999346137,3.543926140991971e-06,2.9955358505249023,0.039130616933107376
1388,1766575672.7022526,4441600,0.0005362728843465447,0.0007667575846426189,2.9956228733062744,0.05176355689764023,0.0005164419999346137,3.543926140991971e-06,2.9955358505249023,0.039130616933107376
1389,1766575673.3040926,4444800,0.0005362728843465447,0.0007667575846426189,2.9956228733062744,0.05176355689764023,0.0005164419999346137,3.543926140991971e-06,2.9955358505249023,0.03323138877749443
1390,1766575677.2631457,4448000,0.0005362728843465447,0.0007667575846426189,2.9956228733062744,0.05176355689764023,0.0005164419999346137,4.857000021729618e-06,2.9955358505249023,0.03323138877749443
1391,1766575682.2231812,4451200,0.0005362728843465447,0.0007665181183256209,2.9956228733062744,0.05176355689764023,0.0005164419999346137,4.857000021729618e-06,2.9955358505249023,0.03323138877749443
1392,1766575685.2967901,4454400,0.0005362728843465447,0.0007665181183256209,2.9956228733062744,0.05176355689764023,0.0005164419999346137,4.857000021729618e-06,2.9955358505249023,0.03410925716161728
1393,1766575685.505982,4457600,0.0005362728843465447,0.0007665181183256209,2.995622396469116,0.04701549559831619,0.0005164419999346137,4.857000021729618e-06,2.9955358505249023,0.03410925716161728
1394,1766575689.634999,4460800,0.0005362728843465447,0.0007665181183256209,2.995622396469116,0.04701549559831619,0.0005164419999346137,6.478608156612609e-06,2.9955358505249023,0.03410925716161728
1395,1766575694.7702906,4464000,0.0005362728843465447,0.0007662773714400828,2.995622396469116,0.04701549559831619,0.0005164419999346137,6.478608156612609e-06,2.9955358505249023,0.03410925716161728
1396,1766575698.330749,4467200,0.0005362728843465447,0.0007662773714400828,2.9955902099609375,0.05143697187304497,0.0005164419999346137,6.478608156612609e-06,2.9955358505249023,0.03410925716161728
1397,1766575698.3609335,4470400,0.0005362728843465447,0.0007662773714400828,2.9955902099609375,0.05143697187304497,0.0005164419999346137,6.478608156612609e-06,2.9955029487609863,0.036818377673625946
1398,1766575701.678997,4473600,0.0005362728843465447,0.0007662773714400828,2.9955902099609375,0.05143697187304497,0.0005164419417269528,1.8800017187459162e-06,2.9955029487609863,0.036818377673625946
1399,1766575705.909984,4476800,0.0005008119042031467,0.0007660355768166482,2.9955902099609375,0.05143697187304497,0.0005164419417269528,1.8800017187459162e-06,2.9955029487609863,0.036818377673625946
1400,1766575710.4255068,4480000,0.0005008119042031467,0.0007660355768166482,2.9955902099609375,0.05143697187304497,0.0005164419417269528,1.8800017187459162e-06,2.995673656463623,0.034707244485616684
1401,1766575711.0803032,4483200,0.0005008119042031467,0.0007660355768166482,2.9955902099609375,0.04486827924847603,0.0005164419417269528,1.8800017187459162e-06,2.995673656463623,0.034707244485616684
1402,1766575713.5173295,4486400,0.0005008119042031467,0.0007660355768166482,2.9955902099609375,0.04486827924847603,0.0005164419417269528,9.502073226030916e-06,2.995673656463623,0.034707244485616684
1403,1766575717.4088895,4489600,0.0005008119042031467,0.0007657927344553173,2.9955902099609375,0.04486827924847603,0.0005164419417269528,9.502073226030916e-06,2.995673656463623,0.034707244485616684
1404,1766575722.590386,4492800,0.0005008119042031467,0.0007657927344553173,2.9955902099609375,0.04486827924847603,0.0005164419417269528,9.502073226030916e-06,2.9956068992614746,0.03874322399497032
1405,1766575723.8356822,4496000,0.0005008119042031467,0.0007657927344553173,2.9954936504364014,0.05261951684951782,0.0005164419417269528,9.502073226030916e-06,2.9956068992614746,0.03874322399497032
1406,1766575725.4965243,4499200,0.0005008119042031467,0.0007657927344553173,2.9954936504364014,0.05261951684951782,0.0005164419417269528,5.999467248329893e-05,2.9956068992614746,0.03874322399497032
1407,1766575729.3292224,4502400,0.0005008119042031467,0.0007655486115254462,2.9954936504364014,0.05261951684951782,0.0005164419417269528,5.999467248329893e-05,2.9956068992614746,0.03874322399497032
1408,1766575735.394899,4505600,0.0005008119042031467,0.0007655486115254462,2.9954936504364014,0.05261951684951782,0.0005164419417269528,5.999467248329893e-05,2.9955737590789795,0.04333489388227463
1409,1766575736.4632375,4508800,0.0005008119042031467,0.0007655486115254462,2.9956588745117188,0.043734584003686905,0.0005164419417269528,5.999467248329893e-05,2.9955737590789795,0.04333489388227463
1410,1766575737.5434654,4512000,0.0005008119042031467,0.0007655486115254462,2.9956588745117188,0.043734584003686905,0.0004817197332158685,2.1414094589999877e-05,2.9955737590789795,0.04333489388227463
1411,1766575741.2834744,4515200,0.0004652247589547187,0.0007653033826500177,2.9956588745117188,0.043734584003686905,0.0004817197332158685,2.1414094589999877e-05,2.9955737590789795,0.04333489388227463
1412,1766575747.8815916,4518400,0.0004652247589547187,0.0007653033826500177,2.9956588745117188,0.043734584003686905,0.0004817197332158685,2.1414094589999877e-05,2.9955742359161377,0.04617095738649368
1413,1766575748.7656531,4521600,0.0004652247589547187,0.0007653033826500177,2.99562668800354,0.038394078612327576,0.0004817197332158685,2.1414094589999877e-05,2.9955742359161377,0.04617095738649368
1414,1766575749.6351976,4524800,0.0004652247589547187,0.0007653033826500177,2.99562668800354,0.038394078612327576,0.0004817197332158685,1.8903433556261007e-06,2.9955742359161377,0.04617095738649368
1415,1766575752.1864536,4528000,0.0004652247007470578,0.000765056989621371,2.99562668800354,0.038394078612327576,0.0004817197332158685,1.8903433556261007e-06,2.9955742359161377,0.04617095738649368
1416,1766575760.2092988,4531200,0.0004652247007470578,0.000765056989621371,2.99562668800354,0.038394078612327576,0.0004817197332158685,1.8903433556261007e-06,2.9955742359161377,0.05513764172792435
1417,1766575761.1096206,4534400,0.0004652247007470578,0.000765056989621371,2.9955945014953613,0.03783119097352028,0.0004817197332158685,1.8903433556261007e-06,2.9955742359161377,0.05513764172792435
1418,1766575761.3231483,4537600,0.0004652247007470578,0.000765056989621371,2.9955945014953613,0.03783119097352028,0.0004817197332158685,2.872532377296011e-06,2.9955742359161377,0.05513764172792435
1419,1766575763.2178805,4540800,0.0004652247589547187,0.0007648093742318451,2.9955945014953613,0.03783119097352028,0.0004817197332158685,2.872532377296011e-06,2.9955742359161377,0.05513764172792435
1420,1766575772.2731702,4544000,0.0004652247589547187,0.0007648093742318451,2.9955945014953613,0.03783119097352028,0.0004817197332158685,2.872532377296011e-06,2.995675802230835,0.06582508236169815
1421,1766575772.574984,4547200,0.0004652247589547187,0.0007648093742318451,2.9955945014953613,0.03783119097352028,0.0004817197332158685,2.5444226139370585e-06,2.995675802230835,0.06582508236169815
1422,1766575773.4921782,4550400,0.0004652247589547187,0.0007648093742318451,2.9956276416778564,0.03366667032241821,0.0004817197332158685,2.5444226139370585e-06,2.995675802230835,0.06582508236169815
1423,1766575774.4803686,4553600,0.0004652247007470578,0.0007645607111044228,2.9956276416778564,0.03366667032241821,0.0004817197332158685,2.5444226139370585e-06,2.995675802230835,0.06582508236169815
1424,1766575782.363453,4556800,0.0004652247007470578,0.0007645607111044228,2.9956276416778564,0.03366667032241821,0.0004469974956009537,4.14878741139546e-06,2.995675802230835,0.06582508236169815
1425,1766575782.8317235,4560000,0.0004652247007470578,0.0007645607111044228,2.9956276416778564,0.03366667032241821,0.0004469974956009537,4.14878741139546e-06,2.995809316635132,0.0899202898144722
1426,1766575783.8509922,4563200,0.0004652247007470578,0.0007643109420314431,2.9956276416778564,0.03366667032241821,0.0004469974956009537,4.14878741139546e-06,2.995809316635132,0.0899202898144722
1427,1766575784.216331,4566400,0.0004652247007470578,0.0007643109420314431,2.9956603050231934,0.0362447053194046,0.0004469974956009537,4.14878741139546e-06,2.995809316635132,0.0899202898144722
1428,1766575792.299495,4569600,0.0004652247007470578,0.0007643109420314431,2.9956603050231934,0.0362447053194046,0.0004469974956009537,7.910822205303703e-06,2.995809316635132,0.0899202898144722
1429,1766575792.754778,4572800,0.0004652247007470578,0.0007643109420314431,2.9956603050231934,0.0362447053194046,0.0004469974956009537,7.910822205303703e-06,2.995711088180542,0.09914472699165344
1430,1766575793.2854893,4576000,0.0004652247589547187,0.0007640597177669406,2.9956603050231934,0.0362447053194046,0.0004469974956009537,7.910822205303703e-06,2.995711088180542,0.09914472699165344
1431,1766575794.6474843,4579200,0.0004652247589547187,0.0007640597177669406,2.995628595352173,0.03895794227719307,0.0004469974956009537,7.910822205303703e-06,2.995711088180542,0.09914472699165344
1432,1766575802.9307756,4582400,0.0004652247589547187,0.0007640597177669406,2.995628595352173,0.03895794227719307,0.0004469974956009537,1.967696334759239e-06,2.995711088180542,0.09914472699165344
1433,1766575803.2273686,4585600,0.0004652247589547187,0.0007640597177669406,2.995628595352173,0.03895794227719307,0.0004469974956009537,1.967696334759239e-06,2.995677947998047,0.12183337658643723
1434,1766575803.666087,4588800,0.00046522467164322734,0.0007638075621798635,2.995628595352173,0.03895794227719307,0.0004469974956009537,1.967696334759239e-06,2.995677947998047,0.12183337658643723
1435,1766575805.2262092,4592000,0.00046522467164322734,0.0007638075621798635,2.9956936836242676,0.03849427402019501,0.0004469974956009537,1.967696334759239e-06,2.995677947998047,0.12183337658643723
1436,1766575813.1060598,4595200,0.0004652247007470578,0.0007635540096089244,2.9956936836242676,0.03849427402019501,0.0004469974956009537,1.967696334759239e-06,2.995677947998047,0.12183337658643723
1437,1766575813.391525,4598400,0.0004652247007470578,0.0007635540096089244,2.9956936836242676,0.03849427402019501,0.0004469974956009537,0.0002580388099886477,2.995677947998047,0.12183337658643723
1438,1766575813.9440432,4601600,0.0004652247007470578,0.0007635540096089244,2.9956936836242676,0.03849427402019501,0.0004469974956009537,0.0002580388099886477,2.9957144260406494,0.09969835728406906
1439,1766575815.9814153,4604800,0.0004652247007470578,0.0007635540096089244,2.9956612586975098,0.03842519223690033,0.0004469974956009537,0.0002580388099886477,2.9957144260406494,0.09969835728406906
1440,1766575822.7925909,4608000,0.0004652247007470578,0.000763299351092428,2.9956612586975098,0.03842519223690033,0.0004469974956009537,0.0002580388099886477,2.9957144260406494,0.09969835728406906
1441,1766575823.2060533,4611200,0.0004652247007470578,0.000763299351092428,2.9956612586975098,0.03842519223690033,0.0004469974956009537,3.886558261001483e-06,2.9957144260406494,0.09969835728406906
1442,1766575824.457723,4614400,0.0004652247007470578,0.000763299351092428,2.9956612586975098,0.03842519223690033,0.0004469974956009537,3.886558261001483e-06,2.9956822395324707,0.1272229701280594
1443,1766575825.8914828,4617600,0.0004652247007470578,0.000763299351092428,2.9956612586975098,0.040042709559202194,0.0004469974956009537,3.886558261001483e-06,2.9956822395324707,0.1272229701280594
1444,1766575831.6346464,4620800,0.0004652247007470578,0.0007630435866303742,2.9956612586975098,0.040042709559202194,0.0004469974956009537,3.886558261001483e-06,2.9956822395324707,0.1272229701280594
1445,1766575832.0068254,4624000,0.0004652247007470578,0.0007630435866303742,2.9956612586975098,0.040042709559202194,0.0004469974956009537,1.1703604286594782e-05,2.9956822395324707,0.1272229701280594
1446,1766575834.472846,4627200,0.0004652247007470578,0.0007630435866303742,2.9956612586975098,0.040042709559202194,0.0004469974956009537,1.1703604286594782e-05,2.9956514835357666,0.1002432256937027
1447,1766575835.53375,4630400,0.0004652247007470578,0.0007630435866303742,2.9956958293914795,0.043350160121917725,0.0004469974956009537,1.1703604286594782e-05,2.9956514835357666,0.1002432256937027
1448,1766575842.1659508,4633600,0.0004652247007470578,0.0007627865415997803,2.9956958293914795,0.043350160121917725,0.0004469974956009537,1.1703604286594782e-05,2.9956514835357666,0.1002432256937027
1449,1766575843.3287315,4636800,0.0004652247007470578,0.0007627865415997803,2.9956958293914795,0.043350160121917725,0.0004469974956009537,1.03134098026203e-05,2.9956514835357666,0.1002432256937027
1450,1766575846.9112082,4640000,0.0004652247007470578,0.0007627865415997803,2.9956958293914795,0.043350160121917725,0.0004469974956009537,1.03134098026203e-05,2.995652437210083,0.12718389928340912
1451,1766575848.351031,4643200,0.0004652247007470578,0.0007627865415997803,2.9956634044647217,0.042826566845178604,0.0004469974956009537,1.03134098026203e-05,2.995652437210083,0.12718389928340912
1452,1766575853.0394747,4646400,0.0004652247007470578,0.0007625283324159682,2.9956634044647217,0.042826566845178604,0.0004469974956009537,1.03134098026203e-05,2.995652437210083,0.12718389928340912
1453,1766575855.011985,4649600,0.0004652247007470578,0.0007625283324159682,2.9956634044647217,0.042826566845178604,0.0004469974956009537,1.4740826372872107e-05,2.995652437210083,0.12718389928340912
1454,1766575857.817558,4652800,0.0004652247007470578,0.0007625283324159682,2.9956634044647217,0.042826566845178604,0.0004469974956009537,1.4740826372872107e-05,2.9956512451171875,0.09119320660829544
1455,1766575858.9134939,4656000,0.0004652247007470578,0.0007625283324159682,2.9956319332122803,0.051060475409030914,0.0004469974956009537,1.4740826372872107e-05,2.9956512451171875,0.09119320660829544
1456,1766575863.7066522,4659200,0.0004652247007470578,0.0007622689008712769,2.9956319332122803,0.051060475409030914,0.0004469974956009537,1.4740826372872107e-05,2.9956512451171875,0.09119320660829544
1457,1766575864.433826,4662400,0.0004652247007470578,0.0007622689008712769,2.9956319332122803,0.051060475409030914,0.0004469974956009537,4.251976861269213e-06,2.9956512451171875,0.09119320660829544
1458,1766575868.0244617,4665600,0.0004652247007470578,0.0007622689008712769,2.9956319332122803,0.051060475409030914,0.0004469974956009537,4.251976861269213e-06,2.9956188201904297,0.09041052311658859
1459,1766575869.475871,4668800,0.0004652247007470578,0.0007622689008712769,2.9956963062286377,0.04963534697890282,0.0004469974956009537,4.251976861269213e-06,2.9956188201904297,0.09041052311658859
1460,1766575873.0997565,4672000,0.0004652247589547187,0.0007620082469657063,2.9956963062286377,0.04963534697890282,0.0004469974956009537,4.251976861269213e-06,2.9956188201904297,0.09041052311658859
1461,1766575874.3279786,4675200,0.0004652247589547187,0.0007620082469657063,2.9956963062286377,0.04963534697890282,0.0004469974956009537,2.0422252418939024e-05,2.9956188201904297,0.09041052311658859
1462,1766575879.0992622,4678400,0.0004652247589547187,0.0007620082469657063,2.9956963062286377,0.04963534697890282,0.0004469974956009537,2.0422252418939024e-05,2.995586395263672,0.07025834172964096
1463,1766575880.0039585,4681600,0.0004652247589547187,0.0007620082469657063,2.9955992698669434,0.05686235800385475,0.0004469974956009537,2.0422252418939024e-05,2.995586395263672,0.07025834172964096
1464,1766575883.171149,4684800,0.0004652247007470578,0.0007617464289069176,2.9955992698669434,0.05686235800385475,0.0004469974956009537,2.0422252418939024e-05,2.995586395263672,0.07025834172964096
1465,1766575884.8775425,4688000,0.0004652247007470578,0.0007617464289069176,2.9955992698669434,0.05686235800385475,0.0004469974956009537,2.173411985495477e-06,2.995586395263672,0.07025834172964096
1466,1766575890.7921197,4691200,0.0004652247007470578,0.0007617464289069176,2.9955992698669434,0.05686235800385475,0.0004469974956009537,2.173411985495477e-06,2.9955203533172607,0.07894580811262131
1467,1766575892.2338164,4694400,0.0004652247007470578,0.0007617464289069176,2.9955341815948486,0.05164465680718422,0.0004469974956009537,2.173411985495477e-06,2.9955203533172607,0.07894580811262131
1468,1766575894.6916778,4697600,0.0004652247589547187,0.0007614834466949105,2.9955341815948486,0.05164465680718422,0.0004469974956009537,2.173411985495477e-06,2.9955203533172607,0.07894580811262131
1469,1766575896.8855486,4700800,0.0004652247589547187,0.0007614834466949105,2.9955341815948486,0.05164465680718422,0.0004469974956009537,2.6042089302791283e-06,2.9955203533172607,0.07894580811262131
1470,1766575902.1244855,4704000,0.0004652247589547187,0.0007614834466949105,2.9955341815948486,0.05164465680718422,0.0004469974956009537,2.6042089302791283e-06,2.995487689971924,0.06218229606747627
1471,1766575904.4373868,4707200,0.0004652247589547187,0.0007614834466949105,2.995567560195923,0.050407931208610535,0.0004469974956009537,2.6042089302791283e-06,2.995487689971924,0.06218229606747627
1472,1766575906.067366,4710400,0.0004652247589547187,0.0007612191257067025,2.995567560195923,0.050407931208610535,0.0004469974956009537,2.6042089302791283e-06,2.995487689971924,0.06218229606747627
1473,1766575908.964998,4713600,0.0004652247589547187,0.0007612191257067025,2.995567560195923,0.050407931208610535,0.0004469974956009537,2.1434304926515324e-06,2.995487689971924,0.06218229606747627
1474,1766575913.4790843,4716800,0.0004652247589547187,0.0007612191257067025,2.995567560195923,0.050407931208610535,0.0004469974956009537,2.1434304926515324e-06,2.995286703109741,0.12290024757385254
1475,1766575917.1926494,4720000,0.0005371671286411583,0.009028209373354912,2.995567560195923,0.050407931208610535,0.0004469974956009537,2.1434304926515324e-06,2.995286703109741,0.12290024757385254
1476,1766575917.2702675,4723200,0.0005371671286411583,0.009028209373354912,2.9952733516693115,0.12338468432426453,0.0004469974956009537,2.1434304926515324e-06,2.995286703109741,0.12290024757385254
1477,1766575921.0335965,4726400,0.0005371671286411583,0.009028209373354912,2.9952733516693115,0.12338468432426453,0.0005166839109733701,0.007476672530174255,2.995286703109741,0.12290024757385254
1478,1766575926.243735,4729600,0.0005371671286411583,0.009028209373354912,2.9952733516693115,0.12338468432426453,0.0005166839109733701,0.007476672530174255,2.9951562881469727,0.042107097804546356
1479,1766575928.657948,4732800,0.0005371671868488193,0.0007607713923789561,2.9952733516693115,0.12338468432426453,0.0005166839109733701,0.007476672530174255,2.9951562881469727,0.042107097804546356
1480,1766575929.0583482,4736000,0.0005371671868488193,0.0007607713923789561,2.9951422214508057,0.08119986951351166,0.0005166839109733701,0.007476672530174255,2.9951562881469727,0.042107097804546356
1481,1766575932.2672687,4739200,0.0005371671868488193,0.0007607713923789561,2.9951422214508057,0.08119986951351166,0.0005166839109733701,1.247076943400316e-05,2.9951562881469727,0.042107097804546356
1482,1766575937.849052,4742400,0.0005371671868488193,0.0007607713923789561,2.9951422214508057,0.08119986951351166,0.0005166839109733701,1.247076943400316e-05,2.99505615234375,0.04434917867183685
1483,1766575939.342387,4745600,0.0005371671868488193,0.0007605034043081105,2.9951422214508057,0.08119986951351166,0.0005166839109733701,1.247076943400316e-05,2.99505615234375,0.04434917867183685
1484,1766575941.1048274,4748800,0.0005371671868488193,0.0007605034043081105,2.9951422214508057,0.06260435283184052,0.0005166839109733701,1.247076943400316e-05,2.99505615234375,0.04434917867183685
1485,1766575943.6312559,4752000,0.0005371671868488193,0.0007605034043081105,2.9951422214508057,0.06260435283184052,0.0005166839109733701,7.66026132623665e-05,2.99505615234375,0.04434917867183685
1486,1766575949.9574213,4755200,0.0005371671868488193,0.0007605034043081105,2.9951422214508057,0.06260435283184052,0.0005166839109733701,7.66026132623665e-05,2.995056629180908,0.03853844851255417
1487,1766575950.8506212,4758400,0.0005371671286411583,0.000760233961045742,2.9951422214508057,0.06260435283184052,0.0005166839109733701,7.66026132623665e-05,2.995056629180908,0.03853844851255417
1488,1766575953.290258,4761600,0.0005371671286411583,0.000760233961045742,2.995109796524048,0.07222222536802292,0.0005166839109733701,7.66026132623665e-05,2.995056629180908,0.03853844851255417
1489,1766575955.3227775,4764800,0.0005371671286411583,0.000760233961045742,2.995109796524048,0.07222222536802292,0.0005166839109733701,3.027566663149628e-06,2.995056629180908,0.03853844851255417
1490,1766575960.7794375,4768000,0.0004647033929359168,0.0007599635282531381,2.995109796524048,0.07222222536802292,0.0005166839109733701,3.027566663149628e-06,2.995056629180908,0.03853844851255417
1491,1766575961.2444818,4771200,0.0004647033929359168,0.0007599635282531381,2.995109796524048,0.07222222536802292,0.0005166839109733701,3.027566663149628e-06,2.995056629180908,0.03214113041758537
1492,1766575965.228097,4774400,0.0004647033929359168,0.0007599635282531381,2.995143175125122,0.06314517557621002,0.0005166839109733701,3.027566663149628e-06,2.995056629180908,0.03214113041758537
1493,1766575966.428819,4777600,0.0004647033929359168,0.0007599635282531381,2.995143175125122,0.06314517557621002,0.0005166839109733701,3.5170949104212923e-06,2.995056629180908,0.03214113041758537
1494,1766575971.0970485,4780800,0.0004287321353331208,0.0007596915820613503,2.995143175125122,0.06314517557621002,0.0005166839109733701,3.5170949104212923e-06,2.995056629180908,0.03214113041758537
1495,1766575972.514365,4784000,0.0004287321353331208,0.0007596915820613503,2.995143175125122,0.06314517557621002,0.0005166839109733701,3.5170949104212923e-06,2.995056629180908,0.033345695585012436
1496,1766575976.5559971,4787200,0.0004287321353331208,0.0007596915820613503,2.995143175125122,0.08149728924036026,0.0005166839109733701,3.5170949104212923e-06,2.995056629180908,0.033345695585012436
1497,1766575977.384297,4790400,0.0004287321353331208,0.0007596915820613503,2.995143175125122,0.08149728924036026,0.0005166839109733701,1.2398660146573093e-05,2.995056629180908,0.033345695585012436
1498,1766575981.0695002,4793600,0.0004287321353331208,0.0007594185881316662,2.995143175125122,0.08149728924036026,0.0005166839109733701,1.2398660146573093e-05,2.995056629180908,0.033345695585012436
1499,1766575983.5386882,4796800,0.0004287321353331208,0.0007594185881316662,2.995143175125122,0.08149728924036026,0.0005166839109733701,1.2398660146573093e-05,2.995023727416992,0.035148464143276215
1500,1766575987.1903877,4800000,0.0004287321353331208,0.0007594185881316662,2.995143175125122,0.08149728924036026,0.0005166839109733701,1.7981952851187089e-06,2.995023727416992,0.035148464143276215
1501,1766575987.2472568,4803200,0.0004287321353331208,0.0007594185881316662,2.9950780868530273,0.07947257161140442,0.0005166839109733701,1.7981952851187089e-06,2.995023727416992,0.035148464143276215
1502,1766575990.3729494,4806400,0.00046406782348640263,0.004302499815821648,2.9950780868530273,0.07947257161140442,0.0005166839109733701,1.7981952851187089e-06,2.995023727416992,0.035148464143276215
1503,1766575993.3079908,4809600,0.00046406782348640263,0.004302499815821648,2.9950780868530273,0.07947257161140442,0.0005166839109733701,1.7981952851187089e-06,2.994891881942749,0.057155635207891464
1504,1766575996.7087018,4812800,0.00046406782348640263,0.004302499815821648,2.9950780868530273,0.07947257161140442,0.0004813780833501369,0.0034331779461354017,2.994891881942749,0.057155635207891464
1505,1766575997.8752244,4816000,0.00046406782348640263,0.004302499815821648,2.994981527328491,0.11007434874773026,0.0004813780833501369,0.0034331779461354017,2.994891881942749,0.057155635207891464
1506,1766575999.7915535,4819200,0.00046406782348640263,0.0007589060114696622,2.994981527328491,0.11007434874773026,0.0004813780833501369,0.0034331779461354017,2.994891881942749,0.057155635207891464
1507,1766576004.5944963,4822400,0.00046406782348640263,0.0007589060114696622,2.994981527328491,0.11007434874773026,0.0004813780833501369,0.0034331779461354017,2.9949254989624023,0.036178406327962875
1508,1766576008.386385,4825600,0.00046406782348640263,0.0007589060114696622,2.994981527328491,0.11007434874773026,0.0004468953120522201,8.99250153452158e-06,2.9949254989624023,0.036178406327962875
1509,1766576010.982345,4828800,0.00046406782348640263,0.0007589060114696622,2.994981527328491,0.06526540964841843,0.0004468953120522201,8.99250153452158e-06,2.9949254989624023,0.036178406327962875
1510,1766576012.3640172,4832000,0.0004640678525902331,0.0007586291176266968,2.994981527328491,0.06526540964841843,0.0004468953120522201,8.99250153452158e-06,2.9949254989624023,0.036178406327962875
1511,1766576017.6264164,4835200,0.0004640678525902331,0.0007586291176266968,2.994981527328491,0.06526540964841843,0.0004468953120522201,8.99250153452158e-06,2.9949257373809814,0.035389494150877
1512,1766576020.114069,4838400,0.0004640678525902331,0.0007586291176266968,2.994981527328491,0.06526540964841843,0.0004468953120522201,2.452013904985506e-05,2.9949257373809814,0.035389494150877
1513,1766576022.9764776,4841600,0.0004640678525902331,0.0007586291176266968,2.9949162006378174,0.07401411980390549,0.0004468953120522201,2.452013904985506e-05,2.9949257373809814,0.035389494150877
1514,1766576023.6318655,4844800,0.0004640678525902331,0.0007583509432151914,2.9949162006378174,0.07401411980390549,0.0004468953120522201,2.452013904985506e-05,2.9949257373809814,0.035389494150877
1515,1766576028.739887,4848000,0.0004640678525902331,0.0007583509432151914,2.9949162006378174,0.07401411980390549,0.0004468953120522201,2.452013904985506e-05,2.9948949813842773,0.06594865769147873
1516,1766576030.2157006,4851200,0.0004640678525902331,0.0007583509432151914,2.9949162006378174,0.07401411980390549,0.0005146919284015894,0.007472839206457138,2.9948949813842773,0.06594865769147873
1517,1766576033.2619133,4854400,0.0004640678525902331,0.0007583509432151914,2.994718551635742,0.12071409076452255,0.0005146919284015894,0.007472839206457138,2.9948949813842773,0.06594865769147873
1518,1766576033.5828116,4857600,0.0004978968645446002,0.008730948902666569,2.994718551635742,0.12071409076452255,0.0005146919284015894,0.007472839206457138,2.9948949813842773,0.06594865769147873
1519,1766576039.0195608,4860800,0.0004978968645446002,0.008730948902666569,2.994718551635742,0.12071409076452255,0.0005146919284015894,0.007472839206457138,2.9949328899383545,0.05301260948181152
1520,1766576040.16291,4864000,0.0004978968645446002,0.008730948902666569,2.994718551635742,0.12071409076452255,0.0005146919284015894,7.56637882659561e-06,2.9949328899383545,0.05301260948181152
1521,1766576043.6682925,4867200,0.0004978968645446002,0.0007578764925710857,2.994718551635742,0.12071409076452255,0.0005146919284015894,7.56637882659561e-06,2.9949328899383545,0.05301260948181152
1522,1766576044.1771493,4870400,0.0004978968645446002,0.0007578764925710857,2.994751453399658,0.07665590196847916,0.0005146919284015894,7.56637882659561e-06,2.9949328899383545,0.05301260948181152
1523,1766576050.4183586,4873600,0.0004978968645446002,0.0007578764925710857,2.994751453399658,0.07665590196847916,0.0005146919284015894,7.56637882659561e-06,2.995035409927368,0.0380103662610054
1524,1766576051.029466,4876800,0.0004978968645446002,0.0007578764925710857,2.994751453399658,0.07665590196847916,0.0005146919284015894,5.859191878698766e-05,2.995035409927368,0.0380103662610054
1525,1766576053.528518,4880000,0.0004978968645446002,0.000757594418246299,2.994751453399658,0.07665590196847916,0.0005146919284015894,5.859191878698766e-05,2.995035409927368,0.0380103662610054
1526,1766576055.0789843,4883200,0.0004978968645446002,0.000757594418246299,2.9949493408203125,0.06213482841849327,0.0005146919284015894,5.859191878698766e-05,2.995035409927368,0.0380103662610054
1527,1766576061.0979993,4886400,0.0004978968645446002,0.000757594418246299,2.9949493408203125,0.06213482841849327,0.0005146919284015894,5.859191878698766e-05,2.9950358867645264,0.04065297916531563
1528,1766576061.1468854,4889600,0.0004978968645446002,0.000757594418246299,2.9949493408203125,0.06213482841849327,0.0005146919284015894,2.7820196919492446e-06,2.9950358867645264,0.04065297916531563
1529,1766576063.0459578,4892800,0.0004978968645446002,0.0007573108305223286,2.9949493408203125,0.06213482841849327,0.0005146919284015894,2.7820196919492446e-06,2.9950358867645264,0.04065297916531563
1530,1766576065.4376116,4896000,0.0004978968645446002,0.0007573108305223286,2.995046854019165,0.05701166018843651,0.0005146919284015894,2.7820196919492446e-06,2.9950358867645264,0.04065297916531563
1531,1766576071.9373739,4899200,0.0004978968645446002,0.0007573108305223286,2.995046854019165,0.05701166018843651,0.0004799697198905051,2.6858115234063007e-06,2.9950358867645264,0.04065297916531563
1532,1766576072.5609114,4902400,0.0004978968645446002,0.0007573108305223286,2.995046854019165,0.05701166018843651,0.0004799697198905051,2.6858115234063007e-06,2.994969367980957,0.0518961101770401
1533,1766576074.0266805,4905600,0.0004978968063369393,0.0007570261368528008,2.995046854019165,0.05701166018843651,0.0004799697198905051,2.6858115234063007e-06,2.994969367980957,0.0518961101770401
1534,1766576077.3525836,4908800,0.0004978968063369393,0.0007570261368528008,2.9950475692749023,0.05053166300058365,0.0004799697198905051,2.6858115234063007e-06,2.994969367980957,0.0518961101770401
1535,1766576084.0653977,4912000,0.0004978968063369393,0.0007570261368528008,2.9950475692749023,0.05053166300058365,0.0004799697198905051,2.236607770100818e-06,2.994969367980957,0.0518961101770401
1536,1766576084.7087963,4915200,0.0004978968063369393,0.0007570261368528008,2.9950475692749023,0.05053166300058365,0.0004799697198905051,2.236607770100818e-06,2.994936466217041,0.044056620448827744
1537,1766576085.779841,4918400,0.0004978968063369393,0.0007567399297840893,2.9950475692749023,0.05053166300058365,0.0004799697198905051,2.236607770100818e-06,2.994936466217041,0.044056620448827744
1538,1766576089.7739453,4921600,0.0004978968063369393,0.0007567399297840893,2.9950151443481445,0.04509434103965759,0.0004799697198905051,2.236607770100818e-06,2.994936466217041,0.044056620448827744
1539,1766576095.2083158,4924800,0.0004978968063369393,0.0007567399297840893,2.9950151443481445,0.04509434103965759,0.0004799697198905051,1.5117117072804831e-05,2.994936466217041,0.044056620448827744
1540,1766576095.5820096,4928000,0.0004978968063369393,0.0007567399297840893,2.9950151443481445,0.04509434103965759,0.0004799697198905051,1.5117117072804831e-05,2.994969606399536,0.044497065246105194
1541,1766576095.9699626,4931200,0.0004978968645446002,0.0007564525003544986,2.9950151443481445,0.04509434103965759,0.0004799697198905051,1.5117117072804831e-05,2.994969606399536,0.044497065246105194
1542,1766576101.6078265,4934400,0.0004978968645446002,0.0007564525003544986,2.995015859603882,0.039757680147886276,0.0004799697198905051,1.5117117072804831e-05,2.994969606399536,0.044497065246105194
1543,1766576107.206679,4937600,0.0004978968645446002,0.0007564525003544986,2.995015859603882,0.039757680147886276,0.00047996974899433553,1.532504757051356e-05,2.994969606399536,0.044497065246105194
1544,1766576107.8989348,4940800,0.0004978968645446002,0.0007561637321487069,2.995015859603882,0.039757680147886276,0.00047996974899433553,1.532504757051356e-05,2.994969606399536,0.044497065246105194
1545,1766576108.0921502,4944000,0.0004978968645446002,0.0007561637321487069,2.995015859603882,0.039757680147886276,0.00047996974899433553,1.532504757051356e-05,2.995070695877075,0.046429283916950226
1546,1766576113.7484534,4947200,0.0004978968645446002,0.0007561637321487069,2.9950480461120605,0.04234980419278145,0.00047996974899433553,1.532504757051356e-05,2.995070695877075,0.046429283916950226
1547,1766576118.9596946,4950400,0.0004978968645446002,0.0007558736251667142,2.9950480461120605,0.04234980419278145,0.00047996974899433553,1.532504757051356e-05,2.995070695877075,0.046429283916950226
1548,1766576119.0366948,4953600,0.0004978968645446002,0.0007558736251667142,2.9950480461120605,0.04234980419278145,0.0004799697198905051,1.9498233996273484e-06,2.995070695877075,0.046429283916950226
1549,1766576119.9961443,4956800,0.0004978968645446002,0.0007558736251667142,2.9950480461120605,0.04234980419278145,0.0004799697198905051,1.9498233996273484e-06,2.9950714111328125,0.05404506251215935
1550,1766576126.1966834,4960000,0.0004978968645446002,0.0007558736251667142,2.995016098022461,0.04034674912691116,0.0004799697198905051,1.9498233996273484e-06,2.9950714111328125,0.05404506251215935
1551,1766576130.1677275,4963200,0.0004978968063369393,0.0007555821212008595,2.995016098022461,0.04034674912691116,0.0004799697198905051,1.9498233996273484e-06,2.9950714111328125,0.05404506251215935
1552,1766576131.1666574,4966400,0.0004978968063369393,0.0007555821212008595,2.995016098022461,0.04034674912691116,0.00047996966168284416,2.0856464288954157e-06,2.9950714111328125,0.05404506251215935
1553,1766576132.104722,4969600,0.0004978968063369393,0.0007555821212008595,2.995016098022461,0.04034674912691116,0.00047996966168284416,2.0856464288954157e-06,2.9951045513153076,0.0501205250620842
1554,1766576137.8528354,4972800,0.0004978968063369393,0.0007555821212008595,2.995115041732788,0.043273985385894775,0.00047996966168284416,2.0856464288954157e-06,2.9951045513153076,0.0501205250620842
1555,1766576141.5826898,4976000,0.0004978968063369393,0.0007552893366664648,2.995115041732788,0.043273985385894775,0.00047996966168284416,2.0856464288954157e-06,2.9951045513153076,0.0501205250620842
1556,1766576142.141901,4979200,0.0004978968063369393,0.0007552893366664648,2.995115041732788,0.043273985385894775,0.0004799697198905051,6.161897181300446e-05,2.9951045513153076,0.0501205250620842
1557,1766576143.9406598,4982400,0.0004978968063369393,0.0007552893366664648,2.995115041732788,0.043273985385894775,0.0004799697198905051,6.161897181300446e-05,2.99513840675354,0.07381530851125717
1558,1766576150.0673716,4985600,0.0004978968063369393,0.0007552893366664648,2.995147705078125,0.061232201755046844,0.0004799697198905051,6.161897181300446e-05,2.99513840675354,0.07381530851125717
1559,1766576152.9446673,4988800,0.0005328618572093546,0.004594243131577969,2.995147705078125,0.061232201755046844,0.0004799697198905051,6.161897181300446e-05,2.99513840675354,0.07381530851125717
1560,1766576154.0438595,4992000,0.0005328618572093546,0.004594243131577969,2.995147705078125,0.061232201755046844,0.0005137535044923425,0.0037714275531470776,2.99513840675354,0.07381530851125717
1561,1766576156.102917,4995200,0.0005328618572093546,0.004594243131577969,2.995147705078125,0.061232201755046844,0.0005137535044923425,0.0037714275531470776,2.9950413703918457,0.10866734385490417
1562,1766576162.6837106,4998400,0.0005328618572093546,0.004594243131577969,2.9950168132781982,0.05843958631157875,0.0005137535044923425,0.0037714275531470776,2.9950413703918457,0.10866734385490417
1563,1766576163.93225,5001600,0.0005328618572093546,0.0007547431741841137,2.9950168132781982,0.05843958631157875,0.0005137535044923425,0.0037714275531470776,2.9950413703918457,0.10866734385490417
1564,1766576165.0259273,5004800,0.0005328618572093546,0.0007547431741841137,2.9950168132781982,0.05843958631157875,0.0005137535044923425,1.375361443933798e-05,2.9950413703918457,0.10866734385490417
1565,1766576167.0694513,5008000,0.0005328618572093546,0.0007547431741841137,2.9950168132781982,0.05843958631157875,0.0005137535044923425,1.375361443933798e-05,2.995107412338257,0.11625325679779053
1566,1766576173.518916,5011200,0.0005328618572093546,0.000754446373321116,2.9950168132781982,0.05843958631157875,0.0005137535044923425,1.375361443933798e-05,2.995107412338257,0.11625325679779053
1567,1766576173.6761868,5014400,0.0005328618572093546,0.000754446373321116,2.995082378387451,0.04361075162887573,0.0005137535044923425,1.375361443933798e-05,2.995107412338257,0.11625325679779053
1568,1766576175.3101246,5017600,0.0005328618572093546,0.000754446373321116,2.995082378387451,0.04361075162887573,0.0005137535044923425,3.029412482646876e-06,2.995107412338257,0.11625325679779053
1569,1766576178.2832763,5020800,0.0005328618572093546,0.000754446373321116,2.995082378387451,0.04361075162887573,0.0005137535044923425,3.029412482646876e-06,2.9951415061950684,0.09673167765140533
1570,1766576183.0340168,5024000,0.0005328618572093546,0.0007541478844359517,2.995082378387451,0.04361075162887573,0.0005137535044923425,3.029412482646876e-06,2.9951415061950684,0.09673167765140533
1571,1766576184.0751421,5027200,0.0005328618572093546,0.0007541478844359517,2.995115280151367,0.04898901656270027,0.0005137535044923425,3.029412482646876e-06,2.9951415061950684,0.09673167765140533
1572,1766576184.2472196,5030400,0.0005328618572093546,0.0007541478844359517,2.995115280151367,0.04898901656270027,0.0005137534462846816,4.606760285241762e-06,2.9951415061950684,0.09673167765140533
1573,1766576187.178534,5033600,0.0005328618572093546,0.0007541478844359517,2.995115280151367,0.04898901656270027,0.0005137534462846816,4.606760285241762e-06,2.995142698287964,0.12468137592077255
1574,1766576191.2717493,5036800,0.00049689068691805,0.0007538481731899083,2.995115280151367,0.04898901656270027,0.0005137534462846816,4.606760285241762e-06,2.995142698287964,0.12468137592077255
1575,1766576192.911296,5040000,0.00049689068691805,0.0007538481731899083,2.9951488971710205,0.05305850878357887,0.0005137534462846816,4.606760285241762e-06,2.995142698287964,0.12468137592077255
1576,1766576192.9421153,5043200,0.00049689068691805,0.0007538481731899083,2.9951488971710205,0.05305850878357887,0.0005137535044923425,1.674544250818144e-06,2.995142698287964,0.12468137592077255
1577,1766576197.159493,5046400,0.00049689068691805,0.0007538481731899083,2.9951488971710205,0.05305850878357887,0.0005137535044923425,1.674544250818144e-06,2.995241641998291,0.08910400420427322
1578,1766576201.8051245,5049600,0.00049689068691805,0.0007535470649600029,2.9951488971710205,0.05305850878357887,0.0005137535044923425,1.674544250818144e-06,2.995241641998291,0.08910400420427322
1579,1766576204.073194,5052800,0.00049689068691805,0.0007535470649600029,2.9951488971710205,0.05305850878357887,0.0005137535044923425,3.003191523021087e-06,2.995241641998291,0.08910400420427322
1580,1766576205.059606,5056000,0.00049689068691805,0.0007535470649600029,2.9952468872070312,0.06123732402920723,0.0005137535044923425,3.003191523021087e-06,2.995241641998291,0.08910400420427322
1581,1766576209.3496497,5059200,0.00049689068691805,0.0007535470649600029,2.9952468872070312,0.06123732402920723,0.0005137535044923425,3.003191523021087e-06,2.995309591293335,0.10581297427415848
1582,1766576213.086969,5062400,0.0004968906287103891,0.0007532446761615574,2.9952468872070312,0.06123732402920723,0.0005137535044923425,3.003191523021087e-06,2.995309591293335,0.10581297427415848
1583,1766576216.2480235,5065600,0.0004968906287103891,0.0007532446761615574,2.9952468872070312,0.06123732402920723,0.0005137534462846816,1.714097265903547e-06,2.995309591293335,0.10581297427415848
1584,1766576217.1140199,5068800,0.0004968906287103891,0.0007532446761615574,2.9953129291534424,0.0545402429997921,0.0005137534462846816,1.714097265903547e-06,2.995309591293335,0.10581297427415848
1585,1766576221.292352,5072000,0.0004968906287103891,0.0007532446761615574,2.9953129291534424,0.0545402429997921,0.0005137534462846816,1.714097265903547e-06,2.995309591293335,0.07026144117116928
1586,1766576224.8230095,5075200,0.0004968906287103891,0.0007529408321715891,2.9953129291534424,0.0545402429997921,0.0005137534462846816,1.714097265903547e-06,2.995309591293335,0.07026144117116928
1587,1766576228.4674444,5078400,0.0004968906287103891,0.0007529408321715891,2.9953129291534424,0.0545402429997921,0.0004795069107785821,1.3319021263669129e-06,2.995309591293335,0.07026144117116928
1588,1766576228.7711272,5081600,0.0004968906287103891,0.0007529408321715891,2.995378255844116,0.06646399199962616,0.0004795069107785821,1.3319021263669129e-06,2.995309591293335,0.07026144117116928
1589,1766576233.1894622,5084800,0.0004968906287103891,0.0007529408321715891,2.995378255844116,0.06646399199962616,0.0004795069107785821,1.3319021263669129e-06,2.99527645111084,0.07827901840209961
1590,1766576235.6466453,5088000,0.0004968906287103891,0.0007526355911977589,2.995378255844116,0.06646399199962616,0.0004795069107785821,1.3319021263669129e-06,2.99527645111084,0.07827901840209961
1591,1766576239.2415802,5091200,0.0004968906287103891,0.0007526355911977589,2.995378255844116,0.06646399199962616,0.0004795069107785821,1.8990361922988086e-06,2.99527645111084,0.07827901840209961
1592,1766576241.0238044,5094400,0.0004968906287103891,0.0007526355911977589,2.9953463077545166,0.07057446986436844,0.0004795069107785821,1.8990361922988086e-06,2.99527645111084,0.07827901840209961
1593,1766576245.6975772,5097600,0.0004968906287103891,0.0007526355911977589,2.9953463077545166,0.07057446986436844,0.0004795069107785821,1.8990361922988086e-06,2.995310068130493,0.062462277710437775
1594,1766576247.2287712,5100800,0.0004968906287103891,0.000752328778617084,2.9953463077545166,0.07057446986436844,0.0004795069107785821,1.8990361922988086e-06,2.995310068130493,0.062462277710437775
1595,1766576251.519762,5104000,0.0004968906287103891,0.000752328778617084,2.9953463077545166,0.07057446986436844,0.0004795069107785821,1.638928097236203e-06,2.995310068130493,0.062462277710437775
1596,1766576253.2307646,5107200,0.0004968906287103891,0.000752328778617084,2.9952805042266846,0.08907376229763031,0.0004795069107785821,1.638928097236203e-06,2.995310068130493,0.062462277710437775
1597,1766576257.7048986,5110400,0.0004968906287103891,0.000752328778617084,2.9952805042266846,0.08907376229763031,0.0004795069107785821,1.638928097236203e-06,2.9952800273895264,0.0852096751332283
1598,1766576259.184382,5113600,0.00049689068691805,0.004000987391918898,2.9952805042266846,0.08907376229763031,0.0004795069107785821,1.638928097236203e-06,2.9952800273895264,0.0852096751332283
1599,1766576263.852917,5116800,0.00049689068691805,0.004000987391918898,2.9952805042266846,0.08907376229763031,0.0005131769576109946,0.003119701985269785,2.9952800273895264,0.0852096751332283
1600,1766576265.5530531,5120000,0.00049689068691805,0.004000987391918898,2.995249032974243,0.09814334660768509,0.0005131769576109946,0.003119701985269785,2.9952800273895264,0.0852096751332283
1601,1766576269.8696082,5123200,0.0004609194293152541,0.0007517501362599432,2.995249032974243,0.09814334660768509,0.0005131769576109946,0.003119701985269785,2.9952800273895264,0.0852096751332283
1602,1766576269.9005842,5126400,0.0004609194293152541,0.0007517501362599432,2.995249032974243,0.09814334660768509,0.0005131769576109946,0.003119701985269785,2.995378255844116,0.04415005445480347
1603,1766576275.368363,5129600,0.0004609194293152541,0.0007517501362599432,2.995249032974243,0.09814334660768509,0.0005131768994033337,4.836555490328465e-06,2.995378255844116,0.04415005445480347
1604,1766576278.2458026,5132800,0.0004609194293152541,0.0007517501362599432,2.9953134059906006,0.09594022482633591,0.0005131768994033337,4.836555490328465e-06,2.995378255844116,0.04415005445480347
1605,1766576280.9717894,5136000,0.0004609194293152541,0.0007514391909353435,2.9953134059906006,0.09594022482633591,0.0005131768994033337,4.836555490328465e-06,2.995378255844116,0.04415005445480347
1606,1766576281.8220425,5139200,0.0004609194293152541,0.0007514391909353435,2.9953134059906006,0.09594022482633591,0.0005131768994033337,4.836555490328465e-06,2.9954447746276855,0.051480405032634735
1607,1766576286.8465312,5142400,0.0004609194293152541,0.0007514391909353435,2.9953134059906006,0.09594022482633591,0.0005131769576109946,5.6764660257613286e-05,2.9954447746276855,0.051480405032634735
1608,1766576289.9777465,5145600,0.0004609194293152541,0.0007514391909353435,2.995412588119507,0.075993113219738,0.0005131769576109946,5.6764660257613286e-05,2.9954447746276855,0.051480405032634735
1609,1766576292.2300692,5148800,0.0004609194293152541,0.002227981109172106,2.995412588119507,0.075993113219738,0.0005131769576109946,5.6764660257613286e-05,2.9954447746276855,0.051480405032634735
1610,1766576293.6065147,5152000,0.0004609194293152541,0.002227981109172106,2.995412588119507,0.075993113219738,0.0005131769576109946,5.6764660257613286e-05,2.9954452514648438,0.0445047989487648
1611,1766576298.4264665,5155200,0.0004609194293152541,0.002227981109172106,2.995412588119507,0.075993113219738,0.0005124732269905508,0.0034285287838429213,2.9954452514648438,0.0445047989487648
1612,1766576301.8715944,5158400,0.0004609194293152541,0.002227981109172106,2.9952831268310547,0.09967903792858124,0.0005124732269905508,0.0034285287838429213,2.9954452514648438,0.0445047989487648
1613,1766576303.8954422,5161600,0.000496506632771343,0.0031138244085013866,2.9952831268310547,0.09967903792858124,0.0005124732269905508,0.0034285287838429213,2.9954452514648438,0.0445047989487648
1614,1766576305.261984,5164800,0.000496506632771343,0.0031138244085013866,2.9952831268310547,0.09967903792858124,0.0005124732269905508,0.0034285287838429213,2.995312452316284,0.06759070605039597
1615,1766576309.4905167,5168000,0.000496506632771343,0.0031138244085013866,2.9952831268310547,0.09967903792858124,0.0004784595803357661,3.3726339552231366e-06,2.995312452316284,0.06759070605039597
1616,1766576314.1991713,5171200,0.000496506632771343,0.0031138244085013866,2.995347738265991,0.0492987334728241,0.0004784595803357661,3.3726339552231366e-06,2.995312452316284,0.06759070605039597
1617,1766576314.8543339,5174400,0.000496506632771343,0.0007505443645641208,2.995347738265991,0.0492987334728241,0.0004784595803357661,3.3726339552231366e-06,2.995312452316284,0.06759070605039597
1618,1766576316.616838,5177600,0.000496506632771343,0.0007505443645641208,2.995347738265991,0.0492987334728241,0.0004784595803357661,3.3726339552231366e-06,2.9953460693359375,0.03361082449555397
1619,1766576321.1696525,5180800,0.000496506632771343,0.0007505443645641208,2.995347738265991,0.0492987334728241,0.0004784595803357661,7.012250534899067e-06,2.9953460693359375,0.03361082449555397
1620,1766576325.4237669,5184000,0.00046117097372189164,0.0007502275402657688,2.995347738265991,0.0492987334728241,0.0004784595803357661,7.012250534899067e-06,2.9953460693359375,0.03361082449555397
1621,1766576326.3804498,5187200,0.00046117097372189164,0.0007502275402657688,2.995347738265991,0.04877088963985443,0.0004784595803357661,7.012250534899067e-06,2.9953460693359375,0.03361082449555397
1622,1766576328.231967,5190400,0.00046117097372189164,0.0007502275402657688,2.995347738265991,0.04877088963985443,0.0004784595803357661,7.012250534899067e-06,2.995379686355591,0.030163368210196495
1623,1766576332.0311892,5193600,0.00046117097372189164,0.0007502275402657688,2.995347738265991,0.04877088963985443,0.0004784595803357661,2.2730569071427453e-06,2.995379686355591,0.030163368210196495
1624,1766576336.542044,5196800,0.00046117097372189164,0.0007499094353988767,2.995347738265991,0.04877088963985443,0.0004784595803357661,2.2730569071427453e-06,2.995379686355591,0.030163368210196495
1625,1766576338.380769,5200000,0.00046117097372189164,0.0007499094353988767,2.995349168777466,0.05434824898838997,0.0004784595803357661,2.2730569071427453e-06,2.995379686355591,0.030163368210196495
1626,1766576340.1276505,5203200,0.00046117097372189164,0.0007499094353988767,2.995349168777466,0.05434824898838997,0.0004784595803357661,2.2730569071427453e-06,2.9954822063446045,0.035554710775613785
1627,1766576343.481348,5206400,0.00046117097372189164,0.0007499094353988767,2.995349168777466,0.05434824898838997,0.0004784595803357661,1.13844826046261e-05,2.9954822063446045,0.035554710775613785
1628,1766576347.6215618,5209600,0.0004251997161190957,0.000749589700717479,2.995349168777466,0.05434824898838997,0.0004784595803357661,1.13844826046261e-05,2.9954822063446045,0.035554710775613785
1629,1766576350.6228187,5212800,0.0004251997161190957,0.000749589700717479,2.995382070541382,0.05544155091047287,0.0004784595803357661,1.13844826046261e-05,2.9954822063446045,0.035554710775613785
1630,1766576352.9628851,5216000,0.0004251997161190957,0.000749589700717479,2.995382070541382,0.05544155091047287,0.0004784595803357661,1.13844826046261e-05,2.9955809116363525,0.0313115119934082
1631,1766576355.4975061,5219200,0.0004251997161190957,0.000749589700717479,2.995382070541382,0.05544155091047287,0.000444561243057251,1.3452902294375235e-06,2.9955809116363525,0.0313115119934082
1632,1766576359.322079,5222400,0.0004251997161190957,0.0007492685108445585,2.995382070541382,0.05544155091047287,0.000444561243057251,1.3452902294375235e-06,2.9955809116363525,0.0313115119934082
1633,1766576363.549703,5225600,0.0004251997161190957,0.0007492685108445585,2.9954800605773926,0.05827299878001213,0.000444561243057251,1.3452902294375235e-06,2.9955809116363525,0.0313115119934082
1634,1766576366.3982034,5228800,0.0004251997161190957,0.0007492685108445585,2.9954800605773926,0.05827299878001213,0.000444561243057251,1.3452902294375235e-06,2.995614528656006,0.03179497271776199
1635,1766576367.5978093,5232000,0.0004251997161190957,0.0007492685108445585,2.9954800605773926,0.05827299878001213,0.000444561243057251,1.4381820392372902e-06,2.995614528656006,0.03179497271776199
1636,1766576370.7978983,5235200,0.0004251997161190957,0.000748945923987776,2.9954800605773926,0.05827299878001213,0.000444561243057251,1.4381820392372902e-06,2.995614528656006,0.03179497271776199
1637,1766576376.8140268,5238400,0.0004251997161190957,0.000748945923987776,2.9956111907958984,0.06512168049812317,0.000444561243057251,1.4381820392372902e-06,2.995614528656006,0.03179497271776199
1638,1766576378.8607552,5241600,0.0004251997161190957,0.000748945923987776,2.9956111907958984,0.06512168049812317,0.000444561243057251,1.4381820392372902e-06,2.9955813884735107,0.0312933549284935
1639,1766576379.6677241,5244800,0.0004251997161190957,0.000748945923987776,2.9956111907958984,0.06512168049812317,0.0004100785299669951,3.7601446365442825e-06,2.9955813884735107,0.0312933549284935
1640,1766576382.3942468,5248000,0.0004251997161190957,0.0007486218819394708,2.9956111907958984,0.06512168049812317,0.0004100785299669951,3.7601446365442825e-06,2.9955813884735107,0.0312933549284935
1641,1766576388.9705431,5251200,0.0004251997161190957,0.0007486218819394708,2.9956438541412354,0.056402869522571564,0.0004100785299669951,3.7601446365442825e-06,2.9955813884735107,0.0312933549284935
1642,1766576391.5008717,5254400,0.0004251997161190957,0.0007486218819394708,2.9956438541412354,0.056402869522571564,0.0004100785299669951,3.7601446365442825e-06,2.99564790725708,0.02708086185157299
1643,1766576392.1561785,5257600,0.0004251997161190957,0.0007486218819394708,2.9956438541412354,0.056402869522571564,0.0004100785299669951,3.475033736322075e-06,2.99564790725708,0.02708086185157299
1644,1766576393.9152284,5260800,0.0003898640279658139,0.0007482963846996427,2.9956438541412354,0.056402869522571564,0.0004100785299669951,3.475033736322075e-06,2.99564790725708,0.02708086185157299
1645,1766576401.7501917,5264000,0.0003898640279658139,0.0007482963846996427,2.9956438541412354,0.06722413748502731,0.0004100785299669951,3.475033736322075e-06,2.99564790725708,0.02708086185157299
1646,1766576404.032594,5267200,0.0003898640279658139,0.0007482963846996427,2.9956438541412354,0.06722413748502731,0.00041007850086316466,1.2171302614660817e-06,2.99564790725708,0.02708086185157299
1647,1766576404.174858,5270400,0.0003898640279658139,0.0007482963846996427,2.9956438541412354,0.06722413748502731,0.00041007850086316466,1.2171302614660817e-06,2.99574613571167,0.025145212188363075
1648,1766576405.5505524,5273600,0.0003898640279658139,0.0007479691994376481,2.9956438541412354,0.06722413748502731,0.00041007850086316466,1.2171302614660817e-06,2.99574613571167,0.025145212188363075
1649,1766576413.8387287,5276800,0.0003898640279658139,0.0007479691994376481,2.9956774711608887,0.05483749881386757,0.00041007850086316466,1.2171302614660817e-06,2.99574613571167,0.025145212188363075
1650,1766576415.8871396,5280000,0.0003898640279658139,0.0007479691994376481,2.9956774711608887,0.05483749881386757,0.0004100785299669951,1.6828937532409327e-06,2.99574613571167,0.025145212188363075
1651,1766576416.7346287,5283200,0.0003898640279658139,0.0007479691994376481,2.9956774711608887,0.05483749881386757,0.0004100785299669951,1.6828937532409327e-06,2.9957799911499023,0.02702278085052967
1652,1766576416.7997491,5286400,0.0003898640279658139,0.0007476407336071134,2.9956774711608887,0.05483749881386757,0.0004100785299669951,1.6828937532409327e-06,2.9957799911499023,0.02702278085052967
1653,1766576426.2468421,5289600,0.0003898640279658139,0.0007476407336071134,2.995842218399048,0.06478791683912277,0.0004100785299669951,1.6828937532409327e-06,2.9957799911499023,0.02702278085052967
1654,1766576427.5264504,5292800,0.0003898640279658139,0.0007476407336071134,2.995842218399048,0.06478791683912277,0.0004100785299669951,3.921947609342169e-06,2.9957799911499023,0.02702278085052967
1655,1766576428.479102,5296000,0.0003898639988619834,0.0007473106379620731,2.995842218399048,0.06478791683912277,0.0004100785299669951,3.921947609342169e-06,2.9957799911499023,0.02702278085052967
1656,1766576429.0139744,5299200,0.0003898639988619834,0.0007473106379620731,2.995842218399048,0.06478791683912277,0.0004100785299669951,3.921947609342169e-06,2.9959142208099365,0.029808104038238525
1657,1766576438.578588,5302400,0.0003898639988619834,0.0007473106379620731,2.9958748817443848,0.05090666562318802,0.0004100785299669951,3.921947609342169e-06,2.9959142208099365,0.029808104038238525
1658,1766576439.5642345,5305600,0.0003898639988619834,0.00074697908712551,2.9958748817443848,0.05090666562318802,0.0004100785299669951,3.921947609342169e-06,2.9959142208099365,0.029808104038238525
1659,1766576439.5877292,5308800,0.0003898639988619834,0.00074697908712551,2.9958748817443848,0.05090666562318802,0.00037583193625323474,1.5267683011188637e-06,2.9959142208099365,0.029808104038238525
1660,1766576440.3925662,5312000,0.0003898639988619834,0.00074697908712551,2.9958748817443848,0.05090666562318802,0.00037583193625323474,1.5267683011188637e-06,2.9959471225738525,0.025808185338974
1661,1766576451.1634345,5315200,0.0003898639988619834,0.0007466459064744413,2.9958748817443848,0.05090666562318802,0.00037583193625323474,1.5267683011188637e-06,2.9959471225738525,0.025808185338974
1662,1766576451.2781887,5318400,0.0003898639988619834,0.0007466459064744413,2.9959068298339844,0.06080634519457817,0.00037583193625323474,1.5267683011188637e-06,2.9959471225738525,0.025808185338974
1663,1766576451.755847,5321600,0.0003898639988619834,0.0007466459064744413,2.9959068298339844,0.06080634519457817,0.00037583193625323474,7.1961694629862905e-06,2.9959471225738525,0.025808185338974
1664,1766576452.6803744,5324800,0.0003898639988619834,0.0007466459064744413,2.9959068298339844,0.06080634519457817,0.00037583193625323474,7.1961694629862905e-06,2.9959466457366943,0.03449665382504463
1665,1766576463.8491085,5328000,0.0003898639988619834,0.0007463114452548325,2.9959068298339844,0.06080634519457817,0.00037583193625323474,7.1961694629862905e-06,2.9959466457366943,0.03449665382504463
1666,1766576464.5741534,5331200,0.0003898639988619834,0.0007463114452548325,2.9959068298339844,0.06080634519457817,0.00037583193625323474,3.1701224543212447e-06,2.9959466457366943,0.03449665382504463
1667,1766576465.0235183,5334400,0.0003898639988619834,0.0007463114452548325,2.995939254760742,0.05168633162975311,0.00037583193625323474,3.1701224543212447e-06,2.9959466457366943,0.03449665382504463
1668,1766576465.8703234,5337600,0.0003898639988619834,0.0007463114452548325,2.995939254760742,0.05168633162975311,0.00037583193625323474,3.1701224543212447e-06,2.9959466457366943,0.02778809517621994
1669,1766576475.9171624,5340800,0.0003898639988619834,0.0007459752378053963,2.995939254760742,0.05168633162975311,0.00037583193625323474,3.1701224543212447e-06,2.9959466457366943,0.02778809517621994
1670,1766576477.0299988,5344000,0.0003898639988619834,0.0007459752378053963,2.995939254760742,0.05168633162975311,0.00037583193625323474,3.4948373013321543e-06,2.9959466457366943,0.02778809517621994
1671,1766576478.0049958,5347200,0.0003898639988619834,0.0007459752378053963,2.996004581451416,0.06043779104948044,0.00037583193625323474,3.4948373013321543e-06,2.9959466457366943,0.02778809517621994
1672,1766576478.5866015,5350400,0.0003898639988619834,0.0007459752378053963,2.996004581451416,0.06043779104948044,0.00037583193625323474,3.4948373013321543e-06,2.9960777759552,0.028758559376001358
1673,1766576488.0952241,5353600,0.00035440301871858537,0.0007456376333720982,2.996004581451416,0.06043779104948044,0.00037583193625323474,3.4948373013321543e-06,2.9960777759552,0.028758559376001358
1674,1766576489.495455,5356800,0.00035440301871858537,0.0007456376333720982,2.996004581451416,0.06043779104948044,0.00037583193625323474,1.3455216958391247e-06,2.9960777759552,0.028758559376001358
1675,1766576491.2906742,5360000,0.00035440301871858537,0.0007456376333720982,2.996004581451416,0.05470236763358116,0.00037583193625323474,1.3455216958391247e-06,2.9960777759552,0.028758559376001358
1676,1766576491.6309688,5363200,0.00035440301871858537,0.0007456376333720982,2.996004581451416,0.05470236763358116,0.00037583193625323474,1.3455216958391247e-06,2.9961442947387695,0.02849533222615719
1677,1766576499.8798182,5366400,0.00035440301871858537,0.0007452984573319554,2.996004581451416,0.05470236763358116,0.00037583193625323474,1.3455216958391247e-06,2.9961442947387695,0.02849533222615719
1678,1766576501.4839191,5369600,0.00035440301871858537,0.0007452984573319554,2.996004581451416,0.05470236763358116,0.00037583193625323474,1.827390860853484e-06,2.9961442947387695,0.02849533222615719
1679,1766576503.5152497,5372800,0.00035440301871858537,0.0007452984573319554,2.996004581451416,0.05470236763358116,0.00037583193625323474,1.827390860853484e-06,2.9962105751037598,0.029553446918725967
1680,1766576504.2197673,5376000,0.00035440301871858537,0.0007452984573319554,2.9961657524108887,0.06716703623533249,0.00037583193625323474,1.827390860853484e-06,2.9962105751037598,0.029553446918725967
1681,1766576511.151467,5379200,0.00035440301871858537,0.0007449577678926289,2.9961657524108887,0.06716703623533249,0.00037583193625323474,1.827390860853484e-06,2.9962105751037598,0.029553446918725967
1682,1766576513.121151,5382400,0.00035440301871858537,0.0007449577678926289,2.9961657524108887,0.06716703623533249,0.00037583193625323474,6.7584878706838936e-06,2.9962105751037598,0.029553446918725967
1683,1766576515.2740724,5385600,0.00035440301871858537,0.0007449577678926289,2.9961657524108887,0.06716703623533249,0.00037583193625323474,6.7584878706838936e-06,2.996243715286255,0.034376464784145355
1684,1766576516.2585578,5388800,0.00035440301871858537,0.0007449577678926289,2.996166229248047,0.061135079711675644,0.00037583193625323474,6.7584878706838936e-06,2.996243715286255,0.034376464784145355
1685,1766576522.9853675,5392000,0.00035440301871858537,0.000744615332223475,2.996166229248047,0.061135079711675644,0.00037583193625323474,6.7584878706838936e-06,2.996243715286255,0.034376464784145355
1686,1766576524.7184126,5395200,0.00035440301871858537,0.000744615332223475,2.996166229248047,0.061135079711675644,0.00034110969863831997,3.060475137317553e-06,2.996243715286255,0.034376464784145355
1687,1766576526.940997,5398400,0.00035440301871858537,0.000744615332223475,2.996166229248047,0.061135079711675644,0.00034110969863831997,3.060475137317553e-06,2.996277332305908,0.03418731689453125
1688,1766576528.0515144,5401600,0.00035440301871858537,0.000744615332223475,2.996263265609741,0.06830395758152008,0.00034110969863831997,3.060475137317553e-06,2.996277332305908,0.03418731689453125
1689,1766576531.6948867,5404800,0.00035440301871858537,0.0007442713831551373,2.996263265609741,0.06830395758152008,0.00034110969863831997,3.060475137317553e-06,2.996277332305908,0.03418731689453125
1690,1766576533.4767995,5408000,0.00035440301871858537,0.0007442713831551373,2.996263265609741,0.06830395758152008,0.00034110969863831997,1.1208355772396317e-06,2.996277332305908,0.03418731689453125
1691,1766576536.5687351,5411200,0.00035440301871858537,0.0007442713831551373,2.996263265609741,0.06830395758152008,0.00034110969863831997,1.1208355772396317e-06,2.996277093887329,0.03755667433142662
1692,1766576537.7563381,5414400,0.00035440301871858537,0.0007442713831551373,2.996263265609741,0.06016748771071434,0.00034110969863831997,1.1208355772396317e-06,2.996277093887329,0.03755667433142662
1693,1766576542.107979,5417600,0.00035440301871858537,0.0007439261535182595,2.996263265609741,0.06016748771071434,0.00034110969863831997,1.1208355772396317e-06,2.996277093887329,0.03755667433142662
1694,1766576545.0372276,5420800,0.00035440301871858537,0.0007439261535182595,2.996263265609741,0.06016748771071434,0.00034110969863831997,3.3571616313565755e-06,2.996277093887329,0.03755667433142662
1695,1766576549.4451447,5424000,0.00035440301871858537,0.0007439261535182595,2.996263265609741,0.06016748771071434,0.00034110969863831997,3.3571616313565755e-06,2.9963109493255615,0.045647162944078445
1696,1766576550.8780043,5427200,0.00035440301871858537,0.0007439261535182595,2.996295690536499,0.06962447613477707,0.00034110969863831997,3.3571616313565755e-06,2.9963109493255615,0.045647162944078445
1697,1766576554.4335127,5430400,0.00035440301871858537,0.0007435790030285716,2.996295690536499,0.06962447613477707,0.00034110969863831997,3.3571616313565755e-06,2.9963109493255615,0.045647162944078445
1698,1766576557.0687728,5433600,0.00035440301871858537,0.0007435790030285716,2.996295690536499,0.06962447613477707,0.00034110969863831997,1.553409333610034e-06,2.9963109493255615,0.045647162944078445
1699,1766576562.2869003,5436800,0.00035440301871858537,0.0007435790030285716,2.996295690536499,0.06962447613477707,0.00034110969863831997,1.553409333610034e-06,2.9964113235473633,0.054243430495262146
1700,1766576564.5465322,5440000,0.00035440301871858537,0.0007435790030285716,2.9963600635528564,0.060787882655858994,0.00034110969863831997,1.553409333610034e-06,2.9964113235473633,0.054243430495262146
1701,1766576566.239402,5443200,0.00035440301871858537,0.0007432305137626827,2.9963600635528564,0.060787882655858994,0.00034110969863831997,1.553409333610034e-06,2.9964113235473633,0.054243430495262146
1702,1766576570.5122137,5446400,0.00035440301871858537,0.0007432305137626827,2.9963600635528564,0.060787882655858994,0.00034110969863831997,6.579230830539018e-05,2.9964113235473633,0.054243430495262146
1703,1766576576.1924188,5449600,0.00035440301871858537,0.0007432305137626827,2.9963600635528564,0.060787882655858994,0.00034110969863831997,6.579230830539018e-05,2.996345043182373,0.09160009771585464
1704,1766576577.275778,5452800,0.00035440301871858537,0.0007432305137626827,2.9962639808654785,0.09324241429567337,0.00034110969863831997,6.579230830539018e-05,2.996345043182373,0.09160009771585464
1705,1766576578.4317153,5456000,0.0003893680695910007,0.004583925940096378,2.9962639808654785,0.09324241429567337,0.00034110969863831997,6.579230830539018e-05,2.996345043182373,0.09160009771585464
1706,1766576583.0879831,5459200,0.0003893680695910007,0.004583925940096378,2.9962639808654785,0.09324241429567337,0.0003751233161892742,0.003431403310969472,2.996345043182373,0.09160009771585464
1707,1766576588.698826,5462400,0.0003893680695910007,0.004583925940096378,2.9962639808654785,0.09324241429567337,0.0003751233161892742,0.003431403310969472,2.996312141418457,0.09117195010185242
1708,1766576590.2821991,5465600,0.0003893680695910007,0.004583925940096378,2.996394395828247,0.05074698477983475,0.0003751233161892742,0.003431403310969472,2.996312141418457,0.09117195010185242
1709,1766576590.4535475,5468800,0.00042445576400496066,0.004583671689033508,2.996394395828247,0.05074698477983475,0.0003751233161892742,0.003431403310969472,2.996312141418457,0.09117195010185242
1710,1766576595.3225565,5472000,0.00042445576400496066,0.004583671689033508,2.996394395828247,0.05074698477983475,0.0004424633807502687,0.006758218631148338,2.996312141418457,0.09117195010185242
1711,1766576600.9436316,5475200,0.00042445576400496066,0.004583671689033508,2.996394395828247,0.05074698477983475,0.0004424633807502687,0.006758218631148338,2.9961822032928467,0.11068955063819885
1712,1766576601.5840244,5478400,0.0004590578319039196,0.004583416506648064,2.996394395828247,0.05074698477983475,0.0004424633807502687,0.006758218631148338,2.9961822032928467,0.11068955063819885
1713,1766576602.2846673,5481600,0.0004590578319039196,0.004583416506648064,2.996203660964966,0.10431774705648422,0.0004424633807502687,0.006758218631148338,2.9961822032928467,0.11068955063819885
1714,1766576606.6929536,5484800,0.0004590578319039196,0.004583416506648064,2.996203660964966,0.10431774705648422,0.0004424633807502687,1.885552774183452e-05,2.9961822032928467,0.11068955063819885
1715,1766576611.5757475,5488000,0.0004590578319039196,0.0007419782923534513,2.996203660964966,0.10431774705648422,0.0004424633807502687,1.885552774183452e-05,2.9961822032928467,0.11068955063819885
1716,1766576612.1327662,5491200,0.0004590578319039196,0.0007419782923534513,2.996203660964966,0.10431774705648422,0.0004424633807502687,1.885552774183452e-05,2.996150255203247,0.06532716751098633
1717,1766576613.7389665,5494400,0.0004590578319039196,0.0007419782923534513,2.9961702823638916,0.04122591018676758,0.0004424633807502687,1.885552774183452e-05,2.996150255203247,0.06532716751098633
1718,1766576617.7080164,5497600,0.0004590578319039196,0.0007419782923534513,2.9961702823638916,0.04122591018676758,0.0004424633807502687,1.6150854207808152e-05,2.996150255203247,0.06532716751098633
1719,1766576623.2745104,5500800,0.000423086661612615,0.0007416215958073735,2.9961702823638916,0.04122591018676758,0.0004424633807502687,1.6150854207808152e-05,2.996150255203247,0.06532716751098633
1720,1766576624.808186,5504000,0.000423086661612615,0.0007416215958073735,2.9961702823638916,0.04122591018676758,0.0004424633807502687,1.6150854207808152e-05,2.996084451675415,0.0849459245800972
1721,1766576625.5355427,5507200,0.000423086661612615,0.0007416215958073735,2.9961376190185547,0.04202001169323921,0.0004424633807502687,1.6150854207808152e-05,2.996084451675415,0.0849459245800972
1722,1766576629.1491513,5510400,0.000423086661612615,0.0007416215958073735,2.9961376190185547,0.04202001169323921,0.0004424633807502687,2.9743171126028756e-06,2.996084451675415,0.0849459245800972
1723,1766576634.9122522,5513600,0.000423086661612615,0.0007412633276544511,2.9961376190185547,0.04202001169323921,0.0004424633807502687,2.9743171126028756e-06,2.996084451675415,0.0849459245800972
1724,1766576635.484612,5516800,0.000423086661612615,0.0007412633276544511,2.9961376190185547,0.04202001169323921,0.0004424633807502687,2.9743171126028756e-06,2.996084451675415,0.06487873941659927
1725,1766576636.623842,5520000,0.000423086661612615,0.0007412633276544511,2.9961376190185547,0.03887175768613815,0.0004424633807502687,2.9743171126028756e-06,2.996084451675415,0.06487873941659927
1726,1766576639.7553868,5523200,0.000423086661612615,0.0007412633276544511,2.9961376190185547,0.03887175768613815,0.0004424633807502687,1.8833355852621025e-06,2.996084451675415,0.06487873941659927
1727,1766576643.751847,5526400,0.0003877509443555027,0.0007409034296870232,2.9961376190185547,0.03887175768613815,0.0004424633807502687,1.8833355852621025e-06,2.996084451675415,0.06487873941659927
1728,1766576645.577913,5529600,0.0003877509443555027,0.0007409034296870232,2.9961376190185547,0.03887175768613815,0.0004424633807502687,1.8833355852621025e-06,2.9960849285125732,0.08189204335212708
1729,1766576647.2915578,5532800,0.0003877509443555027,0.0007409034296870232,2.996105194091797,0.04248139262199402,0.0004424633807502687,1.8833355852621025e-06,2.9960849285125732,0.08189204335212708
1730,1766576648.9398825,5536000,0.0003877509443555027,0.0007409034296870232,2.996105194091797,0.04248139262199402,0.0004424633807502687,1.5817217899893876e-06,2.9960849285125732,0.08189204335212708
1731,1766576652.731818,5539200,0.0003877509443555027,0.0007405419601127505,2.996105194091797,0.04248139262199402,0.0004424633807502687,1.5817217899893876e-06,2.9960849285125732,0.08189204335212708
1732,1766576655.9244905,5542400,0.0003877509443555027,0.0007405419601127505,2.996105194091797,0.04248139262199402,0.0004424633807502687,1.5817217899893876e-06,2.99605131149292,0.07231747359037399
1733,1766576656.856998,5545600,0.0003877509443555027,0.0007405419601127505,2.996105194091797,0.044018153101205826,0.0004424633807502687,1.5817217899893876e-06,2.99605131149292,0.07231747359037399
1734,1766576658.4329915,5548800,0.0003877509443555027,0.0007405419601127505,2.996105194091797,0.044018153101205826,0.0004082167870365083,1.4079093944019405e-06,2.99605131149292,0.07231747359037399
1735,1766576661.9087474,5552000,0.0003877509443555027,0.0007401786861009896,2.996105194091797,0.044018153101205826,0.0004082167870365083,1.4079093944019405e-06,2.99605131149292,0.07231747359037399
1736,1766576665.5473187,5555200,0.0003877509443555027,0.0007401786861009896,2.996105194091797,0.044018153101205826,0.0004082167870365083,1.4079093944019405e-06,2.99611759185791,0.08338241279125214
1737,1766576666.7745202,5558400,0.0003877509443555027,0.0007401786861009896,2.996105194091797,0.04132407531142235,0.0004082167870365083,1.4079093944019405e-06,2.99611759185791,0.08338241279125214
1738,1766576667.3650973,5561600,0.0003877509443555027,0.0007401786861009896,2.996105194091797,0.04132407531142235,0.0004082167870365083,1.0120925253431778e-06,2.99611759185791,0.08338241279125214
1739,1766576671.066408,5564800,0.0003877509443555027,0.0007398138986900449,2.996105194091797,0.04132407531142235,0.0004082167870365083,1.0120925253431778e-06,2.99611759185791,0.08338241279125214
1740,1766576674.8674812,5568000,0.0003877509443555027,0.0007398138986900449,2.996105194091797,0.04132407531142235,0.0004082167870365083,1.0120925253431778e-06,2.9961507320404053,0.07010547816753387
1741,1766576676.6808739,5571200,0.0003877509443555027,0.0007398138986900449,2.996105194091797,0.04132407531142235,0.0003740870743058622,1.599174652255897e-06,2.9961507320404053,0.07010547816753387
1742,1766576677.1557765,5574400,0.0003877509443555027,0.0007398138986900449,2.9961705207824707,0.03978024795651436,0.0003740870743058622,1.599174652255897e-06,2.9961507320404053,0.07010547816753387
1743,1766576680.8127275,5577600,0.0003877509443555027,0.0007394474814645946,2.9961705207824707,0.03978024795651436,0.0003740870743058622,1.599174652255897e-06,2.9961507320404053,0.07010547816753387
1744,1766576687.3485134,5580800,0.0003877509443555027,0.0007394474814645946,2.9961705207824707,0.03978024795651436,0.0003740870743058622,1.599174652255897e-06,2.99611759185791,0.09003359824419022
1745,1766576688.7758055,5584000,0.0003877509443555027,0.0007394474814645946,2.9961705207824707,0.03978024795651436,0.0003740871325135231,7.850870133552235e-06,2.99611759185791,0.09003359824419022
1746,1766576690.2040453,5587200,0.0003877509443555027,0.0007394474814645946,2.996138334274292,0.049666427075862885,0.0003740871325135231,7.850870133552235e-06,2.99611759185791,0.09003359824419022
1747,1766576691.9656224,5590400,0.0003877509443555027,0.000739079259801656,2.996138334274292,0.049666427075862885,0.0003740871325135231,7.850870133552235e-06,2.99611759185791,0.09003359824419022
1748,1766576698.5653675,5593600,0.0003877509443555027,0.000739079259801656,2.996138334274292,0.049666427075862885,0.0003740871325135231,7.850870133552235e-06,2.9961178302764893,0.07510261982679367
1749,1766576699.4708085,5596800,0.0003877509443555027,0.000739079259801656,2.996138334274292,0.049666427075862885,0.0003740871325135231,5.6914996093837544e-06,2.9961178302764893,0.07510261982679367
1750,1766576700.3240116,5600000,0.0003877509443555027,0.000739079259801656,2.9960739612579346,0.0483865924179554,0.0003740871325135231,5.6914996093837544e-06,2.9961178302764893,0.07510261982679367
1751,1766576702.2205346,5603200,0.0003877509734593332,0.0007387095247395337,2.9960739612579346,0.0483865924179554,0.0003740871325135231,5.6914996093837544e-06,2.9961178302764893,0.07510261982679367
1752,1766576709.4923704,5606400,0.0003877509734593332,0.0007387095247395337,2.9960739612579346,0.0483865924179554,0.0003740871325135231,5.6914996093837544e-06,2.9961178302764893,0.08849702030420303
1753,1766576710.8955593,5609600,0.0003877509734593332,0.0007387095247395337,2.9960739612579346,0.0483865924179554,0.0003740871325135231,3.316843503853306e-06,2.9961178302764893,0.08849702030420303
1754,1766576711.8532143,5612800,0.0003877509734593332,0.0007387095247395337,2.9960734844207764,0.05146005004644394,0.0003740871325135231,3.316843503853306e-06,2.9961178302764893,0.08849702030420303
1755,1766576713.5090709,5616000,0.0003877509443555027,0.0007383382180705667,2.9960734844207764,0.05146005004644394,0.0003740871325135231,3.316843503853306e-06,2.9961178302764893,0.08849702030420303
1756,1766576720.1301317,5619200,0.0003877509443555027,0.0007383382180705667,2.9960734844207764,0.05146005004644394,0.0003740871325135231,3.316843503853306e-06,2.9961841106414795,0.07684637606143951
1757,1766576720.8975887,5622400,0.0003877509443555027,0.0007383382180705667,2.9960734844207764,0.05146005004644394,0.0003740870743058622,2.5339074909425108e-06,2.9961841106414795,0.07684637606143951
1758,1766576722.4885476,5625600,0.0003877509443555027,0.0007383382180705667,2.996042490005493,0.07900503277778625,0.0003740870743058622,2.5339074909425108e-06,2.9961841106414795,0.07684637606143951
1759,1766576722.9525852,5628800,0.0003877509443555027,0.0022155726328492165,2.996042490005493,0.07900503277778625,0.0003740870743058622,2.5339074909425108e-06,2.9961841106414795,0.07684637606143951
1760,1766576729.8733184,5632000,0.0003877509443555027,0.0022155726328492165,2.996042490005493,0.07900503277778625,0.0003740870743058622,2.5339074909425108e-06,2.9960861206054688,0.1087857186794281
1761,1766576730.314142,5635200,0.0003877509443555027,0.0022155726328492165,2.996042490005493,0.07900503277778625,0.0004081007500644773,0.0030990359373390675,2.9960861206054688,0.1087857186794281
1762,1766576731.7649288,5638400,0.00042321192449890077,0.0031018166337162256,2.996042490005493,0.07900503277778625,0.0004081007500644773,0.0030990359373390675,2.9960861206054688,0.1087857186794281
1763,1766576732.418559,5641600,0.00042321192449890077,0.0031018166337162256,2.9961395263671875,0.07014349102973938,0.0004081007500644773,0.0030990359373390675,2.9960861206054688,0.1087857186794281
1764,1766576739.4722311,5644800,0.00042321192449890077,0.0031018166337162256,2.9961395263671875,0.07014349102973938,0.0004081007500644773,0.0030990359373390675,2.996020555496216,0.09244886040687561
1765,1766576740.1760468,5648000,0.00042321192449890077,0.0031018166337162256,2.9961395263671875,0.07014349102973938,0.0004419990291353315,0.0034241497050970793,2.996020555496216,0.09244886040687561
1766,1766576740.9904923,5651200,0.0004586729337461293,0.005761271808296442,2.9961395263671875,0.07014349102973938,0.0004419990291353315,0.0034241497050970793,2.996020555496216,0.09244886040687561
1767,1766576742.334011,5654400,0.0004586729337461293,0.005761271808296442,2.9960405826568604,0.08832506090402603,0.0004419990291353315,0.0034241497050970793,2.996020555496216,0.09244886040687561
1768,1766576749.5414681,5657600,0.0004586729337461293,0.005761271808296442,2.9960405826568604,0.08832506090402603,0.0004419990291353315,0.0034241497050970793,2.99605393409729,0.07406453043222427
1769,1766576749.5940526,5660800,0.0004586729337461293,0.005761271808296442,2.9960405826568604,0.08832506090402603,0.0004419990291353315,7.130729500204325e-06,2.99605393409729,0.07406453043222427
1770,1766576750.1784363,5664000,0.0004586729337461293,0.0007369657978415489,2.9960405826568604,0.08832506090402603,0.0004419990291353315,7.130729500204325e-06,2.99605393409729,0.07406453043222427
1771,1766576751.8229668,5667200,0.0004586729337461293,0.0007369657978415489,2.995975971221924,0.08443301171064377,0.0004419990291353315,7.130729500204325e-06,2.99605393409729,0.07406453043222427
1772,1766576758.7419958,5670400,0.0004586729337461293,0.0007369657978415489,2.995975971221924,0.08443301171064377,0.0004419990291353315,7.130729500204325e-06,2.9959874153137207,0.06390507519245148
1773,1766576758.8802202,5673600,0.0004586729337461293,0.0007369657978415489,2.995975971221924,0.08443301171064377,0.00044199905823916197,7.551748694822891e-06,2.9959874153137207,0.06390507519245148
1774,1766576759.1601667,5676800,0.0004586729337461293,0.0007365859928540885,2.995975971221924,0.08443301171064377,0.00044199905823916197,7.551748694822891e-06,2.9959874153137207,0.06390507519245148
1775,1766576762.2028513,5680000,0.0004586729337461293,0.0007365859928540885,2.9960403442382812,0.060968536883592606,0.00044199905823916197,7.551748694822891e-06,2.9959874153137207,0.06390507519245148
1776,1766576768.3879156,5683200,0.0004586729337461293,0.0007365859928540885,2.9960403442382812,0.060968536883592606,0.00044199905823916197,3.821871359832585e-06,2.9959874153137207,0.06390507519245148
1777,1766576768.607155,5686400,0.0004586729046422988,0.0007362042088061571,2.9960403442382812,0.060968536883592606,0.00044199905823916197,3.821871359832585e-06,2.9959874153137207,0.06390507519245148
1778,1766576768.7940254,5689600,0.0004586729046422988,0.0007362042088061571,2.9960403442382812,0.060968536883592606,0.00044199905823916197,3.821871359832585e-06,2.996020555496216,0.0708281472325325
1779,1766576772.3968215,5692800,0.0004586729046422988,0.0007362042088061571,2.9960405826568604,0.07223624736070633,0.00044199905823916197,3.821871359832585e-06,2.996020555496216,0.0708281472325325
1780,1766576778.3065264,5696000,0.0004586729046422988,0.0007362042088061571,2.9960405826568604,0.07223624736070633,0.00044199905823916197,1.719524220789026e-06,2.996020555496216,0.0708281472325325
1781,1766576778.3316772,5699200,0.0004586729337461293,0.0007358209695667028,2.9960405826568604,0.07223624736070633,0.00044199905823916197,1.719524220789026e-06,2.996020555496216,0.0708281472325325
1782,1766576779.741775,5702400,0.0004586729337461293,0.0007358209695667028,2.9960405826568604,0.07223624736070633,0.00044199905823916197,1.719524220789026e-06,2.9960529804229736,0.05294007062911987
1783,1766576782.6739028,5705600,0.0004586729337461293,0.0007358209695667028,2.99607253074646,0.05854449048638344,0.00044199905823916197,1.719524220789026e-06,2.9960529804229736,0.05294007062911987
1784,1766576787.6955287,5708800,0.0004586729337461293,0.0007354359258897603,2.99607253074646,0.05854449048638344,0.00044199905823916197,1.719524220789026e-06,2.9960529804229736,0.05294007062911987
1785,1766576787.7158096,5712000,0.0004586729337461293,0.0007354359258897603,2.99607253074646,0.05854449048638344,0.0004419990291353315,1.6066769603639841e-06,2.9960529804229736,0.05294007062911987
1786,1766576789.4599092,5715200,0.0004586729337461293,0.0007354359258897603,2.99607253074646,0.05854449048638344,0.0004419990291353315,1.6066769603639841e-06,2.996053457260132,0.06058315187692642
1787,1766576793.42634,5718400,0.0004586729337461293,0.0007354359258897603,2.99607253074646,0.06867561489343643,0.0004419990291353315,1.6066769603639841e-06,2.996053457260132,0.06058315187692642
1788,1766576798.3822417,5721600,0.0004586729046422988,0.0007350490777753294,2.99607253074646,0.06867561489343643,0.0004419990291353315,1.6066769603639841e-06,2.996053457260132,0.06058315187692642
1789,1766576799.419374,5724800,0.0004586729046422988,0.0007350490777753294,2.99607253074646,0.06867561489343643,0.0004419990291353315,7.02782654116163e-06,2.996053457260132,0.06058315187692642
1790,1766576802.2438204,5728000,0.0004586729046422988,0.0007350490777753294,2.99607253074646,0.06867561489343643,0.0004419990291353315,7.02782654116163e-06,2.996053457260132,0.04793664813041687
1791,1766576805.6452253,5731200,0.0004586729046422988,0.0007350490777753294,2.996105194091797,0.05769624188542366,0.0004419990291353315,7.02782654116163e-06,2.996053457260132,0.04793664813041687
1792,1766576810.1567442,5734400,0.0004586729046422988,0.0007350490777753294,2.996105194091797,0.05769624188542366,0.00044199905823916197,2.0571578716044314e-06,2.996053457260132,0.04793664813041687
1793,1766576810.4806051,5737600,0.0004586729337461293,0.0007346605998463929,2.996105194091797,0.05769624188542366,0.00044199905823916197,2.0571578716044314e-06,2.996053457260132,0.04793664813041687
1794,1766576814.3817503,5740800,0.0004586729337461293,0.0007346605998463929,2.996105194091797,0.05769624188542366,0.00044199905823916197,2.0571578716044314e-06,2.9960856437683105,0.04921968653798103
1795,1766576818.6326418,5744000,0.0004586729337461293,0.0007346605998463929,2.996105194091797,0.06150860711932182,0.00044199905823916197,2.0571578716044314e-06,2.9960856437683105,0.04921968653798103
1796,1766576821.95225,5747200,0.0004586729337461293,0.000734270375687629,2.996105194091797,0.06150860711932182,0.00044199905823916197,2.0571578716044314e-06,2.9960856437683105,0.04921968653798103
1797,1766576822.50782,5750400,0.0004586729337461293,0.000734270375687629,2.996105194091797,0.06150860711932182,0.00044199905823916197,1.2335902965787682e-06,2.9960856437683105,0.04921968653798103
1798,1766576826.7126322,5753600,0.0004586729337461293,0.000734270375687629,2.996105194091797,0.06150860711932182,0.00044199905823916197,1.2335902965787682e-06,2.9960856437683105,0.041814785450696945
1799,1766576831.2458298,5756800,0.0004586729337461293,0.000734270375687629,2.9961376190185547,0.04924792796373367,0.00044199905823916197,1.2335902965787682e-06,2.9960856437683105,0.041814785450696945
1800,1766576833.0316546,5760000,0.0004586729337461293,0.0007338782888837159,2.9961376190185547,0.04924792796373367,0.00044199905823916197,1.2335902965787682e-06,2.9960856437683105,0.041814785450696945
1801,1766576834.3954897,5763200,0.0004586729337461293,0.0007338782888837159,2.9961376190185547,0.04924792796373367,0.00044199905823916197,1.262523369405244e-06,2.9960856437683105,0.041814785450696945
1802,1766576838.1853402,5766400,0.0004586729337461293,0.0007338782888837159,2.9961376190185547,0.04924792796373367,0.00044199905823916197,1.262523369405244e-06,2.9960856437683105,0.04770788177847862
1803,1766576841.3964536,5769600,0.0004586729337461293,0.0007338782888837159,2.996137857437134,0.05606093257665634,0.00044199905823916197,1.262523369405244e-06,2.9960856437683105,0.04770788177847862
1804,1766576842.2754831,5772800,0.0004586729337461293,0.0007334846304729581,2.996137857437134,0.05606093257665634,0.00044199905823916197,1.262523369405244e-06,2.9960856437683105,0.04770788177847862
1805,1766576844.053488,5776000,0.0004586729337461293,0.0007334846304729581,2.996137857437134,0.05606093257665634,0.00044199905823916197,3.0614915885962546e-05,2.9960856437683105,0.04770788177847862
1806,1766576847.5048602,5779200,0.0004586729337461293,0.0007334846304729581,2.996137857437134,0.05606093257665634,0.00044199905823916197,3.0614915885962546e-05,2.9961187839508057,0.03943728655576706
1807,1766576851.0280457,5782400,0.0004586729337461293,0.0007330889930017292,2.996137857437134,0.05606093257665634,0.00044199905823916197,3.0614915885962546e-05,2.9961187839508057,0.03943728655576706
1808,1766576851.4943726,5785600,0.0004586729337461293,0.0007330889930017292,2.9961376190185547,0.04978794604539871,0.00044199905823916197,3.0614915885962546e-05,2.9961187839508057,0.03943728655576706
1809,1766576853.5618355,5788800,0.0004586729337461293,0.0007330889930017292,2.9961376190185547,0.04978794604539871,0.0004419990291353315,1.1579207921386114e-06,2.9961187839508057,0.03943728655576706
1810,1766576857.645005,5792000,0.0004586729337461293,0.0007330889930017292,2.9961376190185547,0.04978794604539871,0.0004419990291353315,1.1579207921386114e-06,2.9960856437683105,0.04427468031644821
1811,1766576860.0211732,5795200,0.0004586729337461293,0.0007326916675083339,2.9961376190185547,0.04978794604539871,0.0004419990291353315,1.1579207921386114e-06,2.9960856437683105,0.04427468031644821
1812,1766576861.5423708,5798400,0.0004586729337461293,0.0007326916675083339,2.996105194091797,0.0634271577000618,0.0004419990291353315,1.1579207921386114e-06,2.9960856437683105,0.04427468031644821
1813,1766576863.0703316,5801600,0.0004586729337461293,0.0007326916675083339,2.996105194091797,0.0634271577000618,0.00044199905823916197,3.115142317255959e-05,2.9960856437683105,0.04427468031644821
1814,1766576867.4594038,5804800,0.0004586729337461293,0.0007326916675083339,2.996105194091797,0.0634271577000618,0.00044199905823916197,3.115142317255959e-05,2.996119737625122,0.04099284112453461
1815,1766576869.9788947,5808000,0.0004586729337461293,0.0007322925375774503,2.996105194091797,0.0634271577000618,0.00044199905823916197,3.115142317255959e-05,2.996119737625122,0.04099284112453461
1816,1766576872.655446,5811200,0.0004586729337461293,0.0007322925375774503,2.996105194091797,0.047428157180547714,0.00044199905823916197,3.115142317255959e-05,2.996119737625122,0.04099284112453461
1817,1766576874.1445932,5814400,0.0004586729337461293,0.0007322925375774503,2.996105194091797,0.047428157180547714,0.00044199905823916197,1.5221008879962028e-06,2.996119737625122,0.04099284112453461
1818,1766576878.7646337,5817600,0.0004586729337461293,0.0007322925375774503,2.996105194091797,0.047428157180547714,0.00044199905823916197,1.5221008879962028e-06,2.9960548877716064,0.0714166909456253
1819,1766576879.8365963,5820800,0.0004941339138895273,0.004870173521339893,2.996105194091797,0.047428157180547714,0.00044199905823916197,1.5221008879962028e-06,2.9960548877716064,0.0714166909456253
1820,1766576883.0446315,5824000,0.0004941339138895273,0.004870173521339893,2.996103525161743,0.0761168822646141,0.00044199905823916197,1.5221008879962028e-06,2.9960548877716064,0.0714166909456253
1821,1766576883.1369665,5827200,0.0004941339138895273,0.004870173521339893,2.996103525161743,0.0761168822646141,0.000476245564641431,0.003442872781306505,2.9960548877716064,0.0714166909456253
1822,1766576888.5369487,5830400,0.0004941339138895273,0.004870173521339893,2.996103525161743,0.0761168822646141,0.000476245564641431,0.003442872781306505,2.9960882663726807,0.031788263469934464
1823,1766576889.05123,5833600,0.0004941339138895273,0.0007315541733987629,2.996103525161743,0.0761168822646141,0.000476245564641431,0.003442872781306505,2.9960882663726807,0.031788263469934464
1824,1766576894.1089854,5836800,0.0004941339138895273,0.0007315541733987629,2.996103525161743,0.0761168822646141,0.000476245564641431,2.668788511073217e-06,2.9960882663726807,0.031788263469934464
1825,1766576894.2960317,5840000,0.0004941339138895273,0.0007315541733987629,2.996103525161743,0.03615947067737579,0.000476245564641431,2.668788511073217e-06,2.9960882663726807,0.031788263469934464
1826,1766576901.756426,5843200,0.0004941339138895273,0.0007311496883630753,2.996103525161743,0.03615947067737579,0.000476245564641431,2.668788511073217e-06,2.9960882663726807,0.031788263469934464
1827,1766576902.303115,5846400,0.0004941339138895273,0.0007311496883630753,2.996103525161743,0.03615947067737579,0.000476245564641431,2.668788511073217e-06,2.996055841445923,0.03401708975434303
1828,1766576907.6703408,5849600,0.0004941339138895273,0.0007311496883630753,2.996103525161743,0.03615947067737579,0.0004762456228490919,3.2921775527938735e-06,2.996055841445923,0.03401708975434303
1829,1766576908.639709,5852800,0.0004941339138895273,0.0007311496883630753,2.996103048324585,0.04394685477018356,0.0004762456228490919,3.2921775527938735e-06,2.996055841445923,0.03401708975434303
1830,1766576913.3506744,5856000,0.0004941339138895273,0.0007307433988898993,2.996103048324585,0.04394685477018356,0.0004762456228490919,3.2921775527938735e-06,2.996055841445923,0.03401708975434303
1831,1766576914.4186914,5859200,0.0004941339138895273,0.0007307433988898993,2.996103048324585,0.04394685477018356,0.0004762456228490919,3.2921775527938735e-06,2.9960882663726807,0.03129538893699646
1832,1766576918.3315613,5862400,0.0004941339138895273,0.0007307433988898993,2.996103048324585,0.04394685477018356,0.0004762456228490919,1.1607071428443305e-06,2.9960882663726807,0.03129538893699646
# _tick,_time,frames,mean_episode_return_0,loss_0,mean_episode_return_1,loss_1,mean_episode_return_2,loss_2,mean_episode_return_3,loss_3
0,1766577824.7717607,5843200,1.1678831577301025,2.666249990463257,2.996103525161743,0.03615947067737579,0.000476245564641431,2.668788511073217e-06,2.9960882663726807,0.031788263469934464
1,1766577824.7737656,5846400,1.1678831577301025,2.666249990463257,2.996103525161743,0.03615947067737579,0.8571428656578064,1.8628123998641968,2.9960882663726807,0.031788263469934464
2,1766577824.7757714,5849600,1.1678831577301025,2.666249990463257,1.060150384902954,2.231874942779541,0.8571428656578064,1.8628123998641968,2.9960882663726807,0.031788263469934464
3,1766577824.7757714,5852800,1.1678831577301025,2.666249990463257,1.060150384902954,2.231874942779541,0.8571428656578064,1.8628123998641968,0.9624060392379761,2.359687328338623
4,1766577831.216241,5856000,1.1678831577301025,2.666249990463257,1.060150384902954,2.231874942779541,0.7872670888900757,1.615853190422058,0.9624060392379761,2.359687328338623
5,1766577831.2323086,5859200,0.8028604984283447,0.7418554425239563,1.060150384902954,2.231874942779541,0.7872670888900757,1.615853190422058,0.9624060392379761,2.359687328338623
6,1766577834.330371,5862400,0.8028604984283447,0.7418554425239563,1.060150384902954,2.231874942779541,0.7872670888900757,1.615853190422058,1.189849615097046,2.40700626373291
7,1766577835.0341234,5865600,0.8028604984283447,0.7418554425239563,1.227492094039917,2.4172420501708984,0.7872670888900757,1.615853190422058,1.189849615097046,2.40700626373291
8,1766577838.057959,5868800,0.6566078662872314,0.6284551620483398,1.227492094039917,2.4172420501708984,0.7872670888900757,1.615853190422058,1.189849615097046,2.40700626373291
9,1766577838.4296043,5872000,0.6566078662872314,0.6284551620483398,1.227492094039917,2.4172420501708984,0.748212456703186,1.2931536436080933,1.189849615097046,2.40700626373291
10,1766577845.4311109,5875200,0.6566078662872314,0.6284551620483398,1.227492094039917,2.4172420501708984,0.7369018793106079,1.1543742418289185,1.189849615097046,2.40700626373291
11,1766577845.4527006,5878400,0.6566078662872314,0.6284551620483398,1.227492094039917,2.4172420501708984,0.7369018793106079,1.1543742418289185,1.2888758182525635,2.129032850265503
12,1766577845.9245903,5881600,0.5705808997154236,0.4215552508831024,1.227492094039917,2.4172420501708984,0.7369018793106079,1.1543742418289185,1.2888758182525635,2.129032850265503
13,1766577845.9477935,5884800,0.5705808997154236,0.4215552508831024,1.3232462406158447,2.163041591644287,0.7369018793106079,1.1543742418289185,1.2888758182525635,2.129032850265503
14,1766577852.6435492,5888000,0.5705808997154236,0.4215552508831024,1.3232462406158447,2.163041591644287,0.7430302500724792,1.2004238367080688,1.2888758182525635,2.129032850265503
15,1766577853.9358068,5891200,0.5228440165519714,0.394759863615036,1.3232462406158447,2.163041591644287,0.7430302500724792,1.2004238367080688,1.2888758182525635,2.129032850265503
16,1766577855.3167331,5894400,0.5228440165519714,0.394759863615036,1.3232462406158447,2.163041591644287,0.7430302500724792,1.2004238367080688,1.3383673429489136,1.8492927551269531
17,1766577856.3571012,5897600,0.5228440165519714,0.394759863615036,1.3557031154632568,1.8496676683425903,0.7430302500724792,1.2004238367080688,1.3383673429489136,1.8492927551269531
18,1766577859.857176,5900800,0.5228440165519714,0.394759863615036,1.3557031154632568,1.8496676683425903,0.725608229637146,0.9941744804382324,1.3383673429489136,1.8492927551269531
19,1766577860.6644123,5904000,0.5031452178955078,0.5475022196769714,1.3557031154632568,1.8496676683425903,0.725608229637146,0.9941744804382324,1.3383673429489136,1.8492927551269531
20,1766577867.0865183,5907200,0.5031452178955078,0.5475022196769714,1.3557031154632568,1.8496676683425903,0.725608229637146,0.9941744804382324,1.3882263898849487,1.8170294761657715
21,1766577867.5524414,5910400,0.5031452178955078,0.5475022196769714,1.3966938257217407,1.8342318534851074,0.725608229637146,0.9941744804382324,1.3882263898849487,1.8170294761657715
22,1766577869.8411276,5913600,0.5031452178955078,0.5475022196769714,1.3966938257217407,1.8342318534851074,0.70942622423172,0.9402750730514526,1.3882263898849487,1.8170294761657715
23,1766577871.179988,5916800,0.4736877977848053,0.3592246174812317,1.3966938257217407,1.8342318534851074,0.70942622423172,0.9402750730514526,1.3882263898849487,1.8170294761657715
24,1766577879.9867518,5920000,0.4736877977848053,0.3592246174812317,1.3966938257217407,1.8342318534851074,0.7083007097244263,1.1342583894729614,1.3882263898849487,1.8170294761657715
25,1766577880.3391254,5923200,0.4736877977848053,0.3592246174812317,1.3966938257217407,1.8342318534851074,0.7083007097244263,1.1342583894729614,1.4164180755615234,1.79866623878479
26,1766577881.4168537,5926400,0.4736877977848053,0.3592246174812317,1.4384212493896484,1.720255732536316,0.7083007097244263,1.1342583894729614,1.4164180755615234,1.79866623878479
27,1766577881.7261312,5929600,0.4547994136810303,0.3673487901687622,1.4384212493896484,1.720255732536316,0.7083007097244263,1.1342583894729614,1.4164180755615234,1.79866623878479
28,1766577891.7813287,5932800,0.4547994136810303,0.3673487901687622,1.4384212493896484,1.720255732536316,0.7109654545783997,1.0805472135543823,1.4164180755615234,1.79866623878479
29,1766577892.730932,5936000,0.4405740797519684,0.37370672821998596,1.4384212493896484,1.720255732536316,0.7109654545783997,1.0805472135543823,1.4164180755615234,1.79866623878479
30,1766577894.021052,5939200,0.4405740797519684,0.37370672821998596,1.4384212493896484,1.720255732536316,0.7109654545783997,1.0805472135543823,1.4139800071716309,1.588051676750183
31,1766577894.8892832,5942400,0.4405740797519684,0.37370672821998596,1.4444884061813354,1.7102612257003784,0.7109654545783997,1.0805472135543823,1.4139800071716309,1.588051676750183
32,1766577902.6239011,5945600,0.4405740797519684,0.37370672821998596,1.4444884061813354,1.7102612257003784,0.7227482795715332,1.1431026458740234,1.4139800071716309,1.588051676750183
33,1766577904.2833958,5948800,0.4307272136211395,0.3582475185394287,1.4444884061813354,1.7102612257003784,0.7227482795715332,1.1431026458740234,1.4139800071716309,1.588051676750183
34,1766577906.8505147,5952000,0.4307272136211395,0.3582475185394287,1.4444884061813354,1.7102612257003784,0.7227482795715332,1.1431026458740234,1.4123969078063965,1.6665865182876587
35,1766577907.777447,5955200,0.4307272136211395,0.3582475185394287,1.4408063888549805,1.6320101022720337,0.7227482795715332,1.1431026458740234,1.4123969078063965,1.6665865182876587
36,1766577913.4942968,5958400,0.4307272136211395,0.3582475185394287,1.4408063888549805,1.6320101022720337,0.7326908111572266,1.1470245122909546,1.4123969078063965,1.6665865182876587
37,1766577914.7719972,5961600,0.4239668846130371,0.3735993802547455,1.4408063888549805,1.6320101022720337,0.7326908111572266,1.1470245122909546,1.4123969078063965,1.6665865182876587
38,1766577918.5417397,5964800,0.4239668846130371,0.3735993802547455,1.4408063888549805,1.6320101022720337,0.7326908111572266,1.1470245122909546,1.3897976875305176,1.5366967916488647
39,1766577920.262127,5968000,0.4239668846130371,0.3735993802547455,1.4354286193847656,1.4581472873687744,0.7326908111572266,1.1470245122909546,1.3897976875305176,1.5366967916488647
40,1766577924.9180942,5971200,0.4239668846130371,0.3735993802547455,1.4354286193847656,1.4581472873687744,0.740567147731781,1.1297361850738525,1.3897976875305176,1.5366967916488647
41,1766577926.7214227,5974400,0.41703832149505615,0.3610208034515381,1.4354286193847656,1.4581472873687744,0.740567147731781,1.1297361850738525,1.3897976875305176,1.5366967916488647
42,1766577931.9069812,5977600,0.41703832149505615,0.3610208034515381,1.4354286193847656,1.4581472873687744,0.740567147731781,1.1297361850738525,1.3977031707763672,1.7453211545944214
43,1766577933.7049577,5980800,0.41703832149505615,0.3610208034515381,1.4381641149520874,1.7013250589370728,0.740567147731781,1.1297361850738525,1.3977031707763672,1.7453211545944214
44,1766577936.0109458,5984000,0.41703832149505615,0.3610208034515381,1.4381641149520874,1.7013250589370728,0.754795253276825,1.35068678855896,1.3977031707763672,1.7453211545944214
45,1766577937.4467707,5987200,0.40913429856300354,0.33234214782714844,1.4381641149520874,1.7013250589370728,0.754795253276825,1.35068678855896,1.3977031707763672,1.7453211545944214
46,1766577943.707252,5990400,0.40913429856300354,0.33234214782714844,1.4381641149520874,1.7013250589370728,0.754795253276825,1.35068678855896,1.3989123106002808,1.7694878578186035
47,1766577946.0139863,5993600,0.40913429856300354,0.33234214782714844,1.4401781558990479,1.6739208698272705,0.754795253276825,1.35068678855896,1.3989123106002808,1.7694878578186035
48,1766577947.0916517,5996800,0.40913429856300354,0.33234214782714844,1.4401781558990479,1.6739208698272705,0.7785755395889282,1.3895986080169678,1.3989123106002808,1.7694878578186035
49,1766577949.1755767,6000000,0.40060701966285706,0.30370140075683594,1.4401781558990479,1.6739208698272705,0.7785755395889282,1.3895986080169678,1.3989123106002808,1.7694878578186035
50,1766577956.549294,6003200,0.40060701966285706,0.30370140075683594,1.4401781558990479,1.6739208698272705,0.7785755395889282,1.3895986080169678,1.3870906829833984,1.6049615144729614
51,1766577957.6756608,6006400,0.40060701966285706,0.30370140075683594,1.4325168132781982,1.6138334274291992,0.7785755395889282,1.3895986080169678,1.3870906829833984,1.6049615144729614
52,1766577958.6239357,6009600,0.40060701966285706,0.30370140075683594,1.4325168132781982,1.6138334274291992,0.7990449666976929,1.421306848526001,1.3870906829833984,1.6049615144729614
53,1766577959.8490589,6012800,0.3954348564147949,0.3550529479980469,1.4325168132781982,1.6138334274291992,0.7990449666976929,1.421306848526001,1.3870906829833984,1.6049615144729614
54,1766577967.7316053,6016000,0.3954348564147949,0.3550529479980469,1.4325168132781982,1.6138334274291992,0.804688572883606,1.260462760925293,1.3870906829833984,1.6049615144729614
55,1766577968.316154,6019200,0.3954348564147949,0.3550529479980469,1.4325168132781982,1.6138334274291992,0.804688572883606,1.260462760925293,1.3932621479034424,1.673277497291565
56,1766577969.050896,6022400,0.3900716006755829,0.34004172682762146,1.4325168132781982,1.6138334274291992,0.804688572883606,1.260462760925293,1.3932621479034424,1.673277497291565
57,1766577969.2429876,6025600,0.3900716006755829,0.34004172682762146,1.4340095520019531,1.7485216856002808,0.804688572883606,1.260462760925293,1.3932621479034424,1.673277497291565
58,1766577975.80645,6028800,0.3900716006755829,0.34004172682762146,1.4340095520019531,1.7485216856002808,0.8075802326202393,1.1671944856643677,1.3932621479034424,1.673277497291565
59,1766577977.1030257,6032000,0.3857020437717438,0.3404957950115204,1.4340095520019531,1.7485216856002808,0.8075802326202393,1.1671944856643677,1.3932621479034424,1.673277497291565
60,1766577977.61718,6035200,0.3857020437717438,0.3404957950115204,1.4340095520019531,1.7485216856002808,0.8075802326202393,1.1671944856643677,1.3978909254074097,1.6835384368896484
61,1766577978.6792927,6038400,0.3857020437717438,0.3404957950115204,1.4422603845596313,1.6599538326263428,0.8075802326202393,1.1671944856643677,1.3978909254074097,1.6835384368896484
62,1766577984.08954,6041600,0.3857020437717438,0.3404957950115204,1.4422603845596313,1.6599538326263428,0.8156439661979675,1.2259446382522583,1.3978909254074097,1.6835384368896484
63,1766577984.8124573,6044800,0.3823143541812897,0.32737043499946594,1.4422603845596313,1.6599538326263428,0.8156439661979675,1.2259446382522583,1.3978909254074097,1.6835384368896484
64,1766577986.6748445,6048000,0.3823143541812897,0.32737043499946594,1.4422603845596313,1.6599538326263428,0.8156439661979675,1.2259446382522583,1.391560435295105,1.5957739353179932
65,1766577987.749749,6051200,0.3823143541812897,0.32737043499946594,1.435494065284729,1.6039077043533325,0.8156439661979675,1.2259446382522583,1.391560435295105,1.5957739353179932
66,1766577992.6013155,6054400,0.3823143541812897,0.32737043499946594,1.435494065284729,1.6039077043533325,0.8280231356620789,1.3802752494812012,1.391560435295105,1.5957739353179932
67,1766577993.2508674,6057600,0.3801555335521698,0.36220061779022217,1.435494065284729,1.6039077043533325,0.8280231356620789,1.3802752494812012,1.391560435295105,1.5957739353179932
68,1766577996.3518145,6060800,0.3801555335521698,0.36220061779022217,1.435494065284729,1.6039077043533325,0.8280231356620789,1.3802752494812012,1.3874506950378418,1.6184351444244385
69,1766577997.0911086,6064000,0.3801555335521698,0.36220061779022217,1.4269263744354248,1.5881943702697754,0.8280231356620789,1.3802752494812012,1.3874506950378418,1.6184351444244385
70,1766578003.8013577,6067200,0.3801555335521698,0.36220061779022217,1.4269263744354248,1.5881943702697754,0.8435947299003601,1.4409252405166626,1.3874506950378418,1.6184351444244385
71,1766578004.9824355,6070400,0.3752102553844452,0.29002195596694946,1.4269263744354248,1.5881943702697754,0.8435947299003601,1.4409252405166626,1.3874506950378418,1.6184351444244385
72,1766578009.3338358,6073600,0.3752102553844452,0.29002195596694946,1.4269263744354248,1.5881943702697754,0.8435947299003601,1.4409252405166626,1.3880763053894043,1.5346298217773438
73,1766578010.575878,6076800,0.3752102553844452,0.29002195596694946,1.4245233535766602,1.6928462982177734,0.8435947299003601,1.4409252405166626,1.3880763053894043,1.5346298217773438
74,1766578016.0980852,6080000,0.3752102553844452,0.29002195596694946,1.4245233535766602,1.6928462982177734,0.8532648086547852,1.4275835752487183,1.3880763053894043,1.5346298217773438
75,1766578017.0417132,6083200,0.37299641966819763,0.33783575892448425,1.4245233535766602,1.6928462982177734,0.8532648086547852,1.4275835752487183,1.3880763053894043,1.5346298217773438
