# _tick,_time,frames,mean_episode_return_0,mean_episode_length_0,loss_0,mean_episode_return_1,mean_episode_length_1,loss_1,mean_episode_return_2,mean_episode_length_2,loss_2,mean_episode_return_3,mean_episode_length_3,loss_3
0,1766546297.5536096,0,nan,0,1.0,0,0,0,0,0,0,0,0,0
1,1766546300.330704,3200,nan,0,0.9998759031295776,0,0,0,0,0,0,0,0,0
2,1766546302.031611,6400,nan,0,0.9998759031295776,nan,0,1.0,0,0,0,0,0,0
3,1766546303.9045284,9600,nan,0,0.9981769919395447,nan,0,1.0,0,0,0,0,0,0
4,1766546305.8116126,12800,nan,0,0.9981769919395447,nan,0,0.9997422695159912,0,0,0,0,0,0
5,1766546305.8893392,16000,nan,0,0.9981769919395447,nan,0,0.9997422695159912,nan,0,1.0,0,0,0
6,1766546308.333018,19200,nan,0,0.9960549473762512,nan,0,0.9997422695159912,nan,0,1.0,0,0,0
7,1766546310.267116,22400,nan,0,0.9960549473762512,nan,0,0.9997422695159912,nan,0,0.9990482330322266,0,0,0
8,1766546310.718204,25600,nan,0,0.9960549473762512,nan,0,0.9997422695159912,nan,0,0.9990482330322266,nan,0,1.0
9,1766546311.7950222,28800,nan,0,0.9960549473762512,nan,0,0.9974880814552307,nan,0,0.9990482330322266,nan,0,1.0
10,1766546314.6985269,32000,nan,0,0.9960549473762512,nan,0,0.9974880814552307,nan,0,0.9990482330322266,nan,0,0.9996859431266785
11,1766546315.4341776,35200,nan,0,0.9960549473762512,nan,0,0.9929072856903076,nan,0,0.9990482330322266,nan,0,0.9996859431266785
12,1766546316.089048,38400,1.0,1865.0,0.99540114402771,nan,0,0.9929072856903076,nan,0,0.9990482330322266,nan,0,0.9996859431266785
13,1766546317.3855295,41600,1.0,1865.0,0.99540114402771,nan,0,0.9929072856903076,nan,0,0.9957325458526611,nan,0,0.9996859431266785
14,1766546319.6887012,44800,1.0,1865.0,0.99540114402771,nan,0,0.9929072856903076,1.0,1845.0,0.9945358037948608,nan,0,0.9996859431266785
15,1766546319.7260678,48000,1.0,1865.0,0.99540114402771,nan,0,0.9929072856903076,1.0,1845.0,0.9945358037948608,-1.0,981.0,0.9995430707931519
16,1766546322.593494,51200,1.0,1865.0,0.99540114402771,nan,0,0.9929072856903076,1.0,1845.0,0.9945358037948608,-1.0,2069.0,0.9966960549354553
17,1766546324.9756062,54400,1.0,1865.0,0.99540114402771,-1.0,1460.5,0.9987426400184631,1.0,1845.0,0.9945358037948608,-1.0,2069.0,0.9966960549354553
18,1766546329.0248396,57600,1.0,1865.0,0.99540114402771,-1.0,1460.5,0.9987426400184631,1.0,1845.0,0.9945358037948608,-0.7777778506278992,1247.3333740234375,0.9968290328979492
19,1766546330.4800656,60800,1.0,1865.0,0.99540114402771,-1.0,1460.5,0.9987426400184631,0.75,1341.5,0.9982098340988159,-0.7777778506278992,1247.3333740234375,0.9968290328979492
20,1766546334.7657864,64000,1.0,1865.0,0.99540114402771,-0.4285714328289032,1498.2857666015625,1.013511300086975,0.75,1341.5,0.9982098340988159,-0.7777778506278992,1247.3333740234375,0.9968290328979492
21,1766546336.3396597,67200,0.5,1272.666748046875,1.0049680471420288,-0.4285714328289032,1498.2857666015625,1.013511300086975,0.75,1341.5,0.9982098340988159,-0.7777778506278992,1247.3333740234375,0.9968290328979492
22,1766546337.7478108,70400,0.5,1272.666748046875,1.0049680471420288,-0.4285714328289032,1498.2857666015625,1.013511300086975,0.3571428656578064,1020.4285888671875,1.0152662992477417,-0.7777778506278992,1247.3333740234375,0.9968290328979492
23,1766546343.5540874,73600,0.5,1272.666748046875,1.0049680471420288,-0.4285714328289032,1498.2857666015625,1.013511300086975,0.3571428656578064,1020.4285888671875,1.0152662992477417,-0.44871795177459717,853.0000610351562,1.0119750499725342
24,1766546346.109705,76800,0.5,1272.666748046875,1.0049680471420288,0.0476190522313118,413.0,1.0079184770584106,0.3571428656578064,1020.4285888671875,1.0152662992477417,-0.44871795177459717,853.0000610351562,1.0119750499725342
25,1766546348.1774278,80000,0.0,326.3333435058594,1.005595326423645,0.0476190522313118,413.0,1.0079184770584106,0.3571428656578064,1020.4285888671875,1.0152662992477417,-0.44871795177459717,853.0000610351562,1.0119750499725342
26,1766546349.1253269,83200,0.0,326.3333435058594,1.005595326423645,0.0476190522313118,413.0,1.0079184770584106,0.017857134342193604,423.0,1.0084328651428223,-0.44871795177459717,853.0000610351562,1.0119750499725342
27,1766546356.365962,86400,-0.25,293.875,1.0046072006225586,0.0476190522313118,413.0,1.0079184770584106,0.017857134342193604,423.0,1.0084328651428223,-0.44871795177459717,853.0000610351562,1.0119750499725342
28,1766546356.3799245,89600,-0.25,293.875,1.0046072006225586,0.2857142686843872,318.0,1.0050132274627686,0.017857134342193604,423.0,1.0084328651428223,-0.44871795177459717,853.0000610351562,1.0119750499725342
29,1766546356.778479,92800,-0.25,293.875,1.0046072006225586,0.2857142686843872,318.0,1.0050132274627686,-0.18571428954601288,311.20001220703125,1.0052921772003174,-0.44871795177459717,853.0000610351562,1.0119750499725342
30,1766546358.0993752,96000,-0.25,293.875,1.0046072006225586,0.2857142686843872,318.0,1.0050132274627686,-0.18571428954601288,311.20001220703125,1.0052921772003174,-0.15897436439990997,205.27273559570312,1.0068966150283813
31,1766546365.8691435,99200,-0.25,293.875,1.0046072006225586,0.2857142686843872,318.0,1.0050132274627686,-0.3214285969734192,415.16668701171875,1.0033732652664185,-0.15897436439990997,205.27273559570312,1.0068966150283813
32,1766546366.8780806,102400,-0.25,293.875,1.0046072006225586,0.2857142686843872,318.0,1.0050132274627686,-0.3214285969734192,415.16668701171875,1.0033732652664185,0.03418803960084915,318.8000183105469,1.0035938024520874
33,1766546372.3395822,105600,-0.25,293.875,1.0046072006225586,0.4285714328289032,322.0,1.0031929016113281,-0.3214285969734192,415.16668701171875,1.0033732652664185,0.03418803960084915,318.8000183105469,1.0035938024520874
34,1766546382.081958,108800,-0.25,293.875,1.0046072006225586,0.4285714328289032,322.0,1.0031929016113281,-0.4183673560619354,672.5,1.0019745826721191,0.03418803960084915,318.8000183105469,1.0035938024520874
35,1766546383.7870388,112000,-0.25,293.875,1.0046072006225586,0.4285714328289032,322.0,1.0031929016113281,-0.4183673560619354,672.5,1.0019745826721191,0.17216117680072784,564.25,1.001772165298462
36,1766546385.6040478,115200,-0.4000000059604645,361.4444580078125,1.0037182569503784,0.4285714328289032,322.0,1.0031929016113281,-0.4183673560619354,672.5,1.0019745826721191,0.17216117680072784,564.25,1.001772165298462
37,1766546386.8746185,118400,-0.4000000059604645,361.4444580078125,1.0037182569503784,0.523809552192688,555.6666870117188,1.0018872022628784,-0.4183673560619354,672.5,1.0019745826721191,0.17216117680072784,564.25,1.001772165298462
38,1766546390.2131164,121600,-0.5,504.3999938964844,0.9999858140945435,0.523809552192688,555.6666870117188,1.0018872022628784,-0.4183673560619354,672.5,1.0019745826721191,0.17216117680072784,564.25,1.001772165298462
39,1766546391.6565137,124800,-0.5,504.3999938964844,0.9999858140945435,0.5918367505073547,600.3333740234375,1.0007212162017822,-0.4183673560619354,672.5,1.0019745826721191,0.17216117680072784,564.25,1.001772165298462
40,1766546392.7735448,128000,-0.5,504.3999938964844,0.9999858140945435,0.5918367505073547,600.3333740234375,1.0007212162017822,-0.4910714328289032,584.5,1.0007449388504028,0.17216117680072784,564.25,1.001772165298462
41,1766546395.0317976,131200,-0.5,504.3999938964844,0.9999858140945435,0.5918367505073547,600.3333740234375,1.0007212162017822,-0.4910714328289032,584.5,1.0007449388504028,0.2756410241127014,645.0,1.0003119707107544
42,1766546396.3281958,134400,-0.5,504.3999938964844,0.9999858140945435,0.5918367505073547,600.3333740234375,1.0007212162017822,-0.547619104385376,635.5,1.0000070333480835,0.2756410241127014,645.0,1.0003119707107544
43,1766546399.9728172,137600,-0.5,504.3999938964844,0.9999858140945435,0.5918367505073547,600.3333740234375,1.0007212162017822,-0.547619104385376,635.5,1.0000070333480835,0.3561253547668457,515.0,0.9997820854187012
44,1766546403.6676888,140800,-0.5,504.3999938964844,0.9999858140945435,0.5918367505073547,600.3333740234375,1.0007212162017822,-0.547619104385376,635.5,1.0000070333480835,0.3561253547668457,515.0,1.0012526512145996
45,1766546405.7555919,144000,-0.5,504.3999938964844,0.9999858140945435,0.5918367505073547,600.3333740234375,1.0007212162017822,-0.5928571820259094,1161.0,1.0001797676086426,0.3561253547668457,515.0,1.0012526512145996
46,1766546408.7975614,147200,-0.5714285969734192,545.0,0.999094545841217,0.5918367505073547,600.3333740234375,1.0007212162017822,-0.5928571820259094,1161.0,1.0001797676086426,0.3561253547668457,515.0,1.0012526512145996
47,1766546409.9675174,150400,-0.5714285969734192,545.0,0.999094545841217,0.6428571343421936,805.7999877929688,0.9998072385787964,-0.5928571820259094,1161.0,1.0001797676086426,0.3561253547668457,515.0,1.0012526512145996
48,1766546417.0762181,153600,-0.5714285969734192,545.0,0.999094545841217,0.6428571343421936,805.7999877929688,0.9998072385787964,-0.5928571820259094,1161.0,1.0001797676086426,0.4205128252506256,1039.5,0.9999673366546631
49,1766546423.3165615,156800,-0.574999988079071,725.2000122070312,0.9993433952331543,0.6428571343421936,805.7999877929688,0.9998072385787964,-0.5928571820259094,1161.0,1.0001797676086426,0.4205128252506256,1039.5,0.9999673366546631
50,1766546424.1591191,160000,-0.574999988079071,725.2000122070312,0.9993433952331543,0.6428571343421936,805.7999877929688,0.9998072385787964,-0.6298701763153076,1013.7999877929688,1.0000975131988525,0.4205128252506256,1039.5,0.9999673366546631
51,1766546427.1168973,163200,-0.574999988079071,725.2000122070312,0.9993433952331543,0.6428571343421936,805.7999877929688,0.9998072385787964,-0.6298701763153076,1013.7999877929688,1.0000975131988525,0.412587434053421,1814.3333740234375,1.0003334283828735
52,1766546429.9033587,166400,-0.574999988079071,725.2000122070312,0.9993433952331543,0.5936508178710938,859.2000122070312,0.9999691843986511,-0.6298701763153076,1013.7999877929688,1.0000975131988525,0.412587434053421,1814.3333740234375,1.0003334283828735
53,1766546430.0438092,169600,-0.5111110806465149,870.5,0.9967910051345825,0.5936508178710938,859.2000122070312,0.9999691843986511,-0.6298701763153076,1013.7999877929688,1.0000975131988525,0.412587434053421,1814.3333740234375,1.0003334283828735
54,1766546433.8636422,172800,-0.5111110806465149,870.5,0.9967910051345825,0.5936508178710938,859.2000122070312,0.9999691843986511,-0.4940476417541504,2143.0,0.9999592304229736,0.412587434053421,1814.3333740234375,1.0003334283828735
55,1766546438.4513822,176000,-0.4933333396911621,686.6666870117188,0.9980929493904114,0.5936508178710938,859.2000122070312,0.9999691843986511,-0.4940476417541504,2143.0,0.9999592304229736,0.412587434053421,1814.3333740234375,1.0003334283828735
56,1766546438.5226972,179200,-0.4933333396911621,686.6666870117188,0.9980929493904114,0.5676190257072449,692.3333740234375,1.0000401735305786,-0.4940476417541504,2143.0,0.9999592304229736,0.412587434053421,1814.3333740234375,1.0003334283828735
57,1766546439.2679849,182400,-0.4933333396911621,686.6666870117188,0.9980929493904114,0.5676190257072449,692.3333740234375,1.0000401735305786,-0.5329670906066895,523.0,0.9995731115341187,0.412587434053421,1814.3333740234375,1.0003334283828735
58,1766546441.2811947,185600,-0.4933333396911621,686.6666870117188,0.9980929493904114,0.5676190257072449,692.3333740234375,1.0000401735305786,-0.5329670906066895,523.0,0.9995731115341187,0.37820515036582947,1158.5,1.0006355047225952
59,1766546444.2520895,188800,-0.4933333396911621,686.6666870117188,0.9980929493904114,0.606926441192627,706.0,0.9998447299003601,-0.5329670906066895,523.0,0.9995731115341187,0.37820515036582947,1158.5,1.0006355047225952
60,1766546444.814821,192000,-0.4933333396911621,686.6666870117188,0.9980929493904114,0.606926441192627,706.0,0.9998447299003601,-0.5329670906066895,523.0,0.9995731115341187,0.37820515036582947,1158.5,1.0000139474868774
61,1766546445.063677,195200,-0.4933333396911621,686.6666870117188,0.9980929493904114,0.606926441192627,706.0,0.9998447299003601,-0.5187075138092041,900.6666870117188,0.9999684691429138,0.37820515036582947,1158.5,1.0000139474868774
62,1766546447.6883204,198400,-0.4933333396911621,686.6666870117188,0.9980929493904114,0.606926441192627,706.0,0.9998447299003601,-0.4174603223800659,1163.0,1.0003259181976318,0.37820515036582947,1158.5,1.0000139474868774
63,1766546448.9602008,201600,-0.4933333396911621,686.6666870117188,0.9980929493904114,0.606926441192627,706.0,0.9998447299003601,-0.4174603223800659,1163.0,1.0003259181976318,0.374753475189209,1166.3333740234375,1.0000890493392944
64,1766546452.1583295,204800,-0.4933333396911621,686.6666870117188,0.9980929493904114,0.606926441192627,706.0,0.9998447299003601,-0.4174603223800659,1163.0,1.0003259181976318,0.374753475189209,1166.3333740234375,1.0000190734863281
65,1766546458.0785236,208000,-0.4933333396911621,686.6666870117188,0.9980929493904114,0.5563492178916931,834.0,0.9991950988769531,-0.4174603223800659,1163.0,1.0003259181976318,0.374753475189209,1166.3333740234375,1.0000190734863281
66,1766546463.9549084,211200,-0.448484867811203,1090.125,1.0030452013015747,0.5563492178916931,834.0,0.9991950988769531,-0.4174603223800659,1163.0,1.0003259181976318,0.374753475189209,1166.3333740234375,1.0000190734863281
67,1766546466.6160188,214400,-0.448484867811203,1090.125,1.0030452013015747,0.5563492178916931,834.0,0.9991950988769531,-0.4174603223800659,1163.0,1.0003259181976318,0.3479853868484497,1768.0,1.0002132654190063
68,1766546467.0260391,217600,-0.448484867811203,1090.125,1.0030452013015747,0.5563492178916931,834.0,0.9991950988769531,-0.37886905670166016,1802.5999755859375,1.000956654548645,0.3479853868484497,1768.0,1.0002132654190063
69,1766546468.0010176,220800,-0.448484867811203,1090.125,1.0030452013015747,0.5135531425476074,1225.75,0.998389482498169,-0.37886905670166016,1802.5999755859375,1.000956654548645,0.3479853868484497,1768.0,1.0002132654190063
70,1766546472.2447896,224000,-0.448484867811203,1090.125,1.0030452013015747,0.5135531425476074,1225.75,0.998389482498169,-0.37886905670166016,1802.5999755859375,1.000956654548645,0.3470085859298706,1629.666748046875,0.9997597932815552
71,1766546478.1502879,227200,-0.448484867811203,1090.125,1.0030452013015747,0.5135531425476074,1225.75,0.998389482498169,-0.41540616750717163,811.6666870117188,0.999973714351654,0.3470085859298706,1629.666748046875,0.9997597932815552
72,1766546479.766559,230400,-0.49444445967674255,407.3333435058594,0.9985824227333069,0.5135531425476074,1225.75,0.998389482498169,-0.41540616750717163,811.6666870117188,0.999973714351654,0.3470085859298706,1629.666748046875,0.9997597932815552
73,1766546485.0661695,233600,-0.49444445967674255,407.3333435058594,0.9985824227333069,0.5135531425476074,1225.75,0.998389482498169,-0.41540616750717163,811.6666870117188,0.999973714351654,0.3878205120563507,738.0,1.0002617835998535
74,1766546486.743119,236800,-0.49444445967674255,407.3333435058594,0.9985824227333069,0.5482993125915527,596.3333740234375,0.9998437166213989,-0.41540616750717163,811.6666870117188,0.999973714351654,0.3878205120563507,738.0,1.0002617835998535
75,1766546488.7780986,240000,-0.49444445967674255,407.3333435058594,0.9985824227333069,0.5482993125915527,596.3333740234375,0.9998437166213989,-0.44788360595703125,734.0,0.9999722838401794,0.3878205120563507,738.0,1.0002617835998535
76,1766546492.8861997,243200,-0.49444445967674255,407.3333435058594,0.9985824227333069,0.5482993125915527,596.3333740234375,0.9998437166213989,-0.44788360595703125,734.0,0.9999722838401794,0.4238310754299164,1006.0,1.0002458095550537
77,1766546493.0145116,246400,-0.5333333611488342,535.3333740234375,0.9969796538352966,0.5482993125915527,596.3333740234375,0.9998437166213989,-0.44788360595703125,734.0,0.9999722838401794,0.4238310754299164,1006.0,1.0002458095550537
78,1766546498.1948068,249600,-0.5333333611488342,535.3333740234375,0.9969796538352966,0.5450794100761414,1000.0,1.0002822875976562,-0.44788360595703125,734.0,0.9999722838401794,0.4238310754299164,1006.0,1.0002458095550537
79,1766546498.87609,252800,-0.5333333611488342,535.3333740234375,0.9969796538352966,0.5450794100761414,1000.0,1.0002822875976562,-0.4418546259403229,1106.0,0.9996453523635864,0.4238310754299164,1006.0,1.0002458095550537
80,1766546502.355071,256000,-0.5333333611488342,535.3333740234375,0.9969796538352966,0.5450794100761414,1000.0,1.0002822875976562,-0.4418546259403229,1106.0,0.9996453523635864,0.40028491616249084,1639.5,1.0001778602600098
81,1766546508.8652818,259200,-0.5309523940086365,692.5,0.9970628023147583,0.5450794100761414,1000.0,1.0002822875976562,-0.4418546259403229,1106.0,0.9996453523635864,0.40028491616249084,1639.5,1.0001778602600098
82,1766546513.3603194,262400,-0.5309523940086365,692.5,0.9970628023147583,0.531845211982727,810.0,1.0015522241592407,-0.4418546259403229,1106.0,0.9996453523635864,0.40028491616249084,1639.5,1.0001778602600098
83,1766546513.882551,265600,-0.5309523940086365,692.5,0.9970628023147583,0.531845211982727,810.0,1.0015522241592407,-0.44476190209388733,1050.75,0.9996099472045898,0.40028491616249084,1639.5,1.0001778602600098
84,1766546517.3108187,268800,-0.5309523940086365,692.5,0.9970628023147583,0.531845211982727,810.0,1.0015522241592407,-0.44476190209388733,1050.75,0.9989756345748901,0.40028491616249084,1639.5,1.0001778602600098
85,1766546517.7138386,272000,-0.5309523940086365,692.5,0.9970628023147583,0.531845211982727,810.0,1.0015522241592407,-0.44476190209388733,1050.75,0.9989756345748901,0.3967611491680145,1223.0,1.0000396966934204
86,1766546521.4902287,275200,-0.5309523940086365,692.5,0.9970628023147583,0.531845211982727,810.0,1.0015522241592407,-0.44476190209388733,1050.75,0.9989756345748901,0.3769230842590332,1382.5,0.9998534917831421
87,1766546526.0076966,278400,-0.4288889169692993,1203.666748046875,0.997539222240448,0.531845211982727,810.0,1.0015522241592407,-0.44476190209388733,1050.75,0.9989756345748901,0.3769230842590332,1382.5,0.9998534917831421
88,1766546531.0176065,281600,-0.4288889169692993,1203.666748046875,0.997539222240448,0.531845211982727,810.0,1.0015522241592407,-0.3759637176990509,1488.5,0.9999167919158936,0.3769230842590332,1382.5,0.9998534917831421
89,1766546531.0892978,284800,-0.4020833373069763,793.5,0.9947131872177124,0.531845211982727,810.0,1.0015522241592407,-0.3759637176990509,1488.5,0.9999167919158936,0.3769230842590332,1382.5,0.9998534917831421
90,1766546533.809987,288000,-0.4020833373069763,793.5,0.9947131872177124,0.47114843130111694,830.75,0.9998270869255066,-0.3759637176990509,1488.5,0.9999167919158936,0.3769230842590332,1382.5,0.9998534917831421
91,1766546534.3677814,291200,-0.4020833373069763,793.5,0.9947131872177124,0.47114843130111694,830.75,0.9998270869255066,-0.3759637176990509,1488.5,0.9999167919158936,0.311355322599411,1548.0,0.9999859929084778
92,1766546536.7467132,294400,-0.4020833373069763,793.5,0.9947131872177124,0.47114843130111694,830.75,0.9998270869255066,-0.35887446999549866,1300.5,0.9979131817817688,0.311355322599411,1548.0,0.9999859929084778
93,1766546540.6982553,297600,-0.4020833373069763,793.5,0.9947131872177124,0.47114843130111694,830.75,0.9998270869255066,-0.35887446999549866,1300.5,0.9979131817817688,0.29720282554626465,1388.5,0.9990655183792114
94,1766546545.5024529,300800,-0.4372549057006836,442.0,0.9941044449806213,0.47114843130111694,830.75,0.9998270869255066,-0.35887446999549866,1300.5,0.9979131817817688,0.29720282554626465,1388.5,0.9990655183792114
95,1766546548.8131056,304000,-0.4372549057006836,442.0,0.9941044449806213,0.47114843130111694,830.75,0.9998270869255066,-0.3867494761943817,1002.0,0.9969328045845032,0.29720282554626465,1388.5,0.9990655183792114
96,1766546551.378176,307200,-0.41296297311782837,1477.0,0.9933488368988037,0.47114843130111694,830.75,0.9998270869255066,-0.3867494761943817,1002.0,0.9969328045845032,0.29720282554626465,1388.5,0.9990655183792114
97,1766546552.6642687,310400,-0.41296297311782837,1477.0,0.9933488368988037,0.47114843130111694,830.75,0.9998270869255066,-0.3867494761943817,1002.0,0.9969328045845032,0.3277592062950134,1266.0,0.9981755018234253
98,1766546553.5214796,313600,-0.41296297311782837,1477.0,0.9933488368988037,0.47114843130111694,830.75,0.9998270869255066,-0.37063491344451904,1963.0,0.9956756234169006,0.3277592062950134,1266.0,0.9981755018234253
99,1766546556.7529416,316800,-0.41296297311782837,1477.0,0.9933488368988037,0.47114843130111694,830.75,0.9998270869255066,-0.37063491344451904,1963.0,0.9956756234169006,0.3141025900840759,2357.5,0.997048020362854
100,1766546557.824384,320000,-0.41296297311782837,1477.0,0.9933488368988037,0.47275128960609436,1192.0,1.0018863677978516,-0.37063491344451904,1963.0,0.9956756234169006,0.3141025900840759,2357.5,0.997048020362854
101,1766546558.6929252,323200,-0.3912280797958374,897.5,0.9931384325027466,0.47275128960609436,1192.0,1.0018863677978516,-0.37063491344451904,1963.0,0.9956756234169006,0.3141025900840759,2357.5,0.997048020362854
102,1766546560.7555902,326400,-0.3912280797958374,897.5,0.9931384325027466,0.47275128960609436,1192.0,1.0018863677978516,-0.3558095097541809,1451.0,0.9942724108695984,0.3141025900840759,2357.5,0.997048020362854
103,1766546562.549973,329600,-0.3912280797958374,897.5,0.9931384325027466,0.47275128960609436,1192.0,1.0018863677978516,-0.3558095097541809,1451.0,0.9942724108695984,0.3415384590625763,805.0,0.9956107139587402
104,1766546563.7761211,332800,-0.3216666877269745,1141.0,0.992173433303833,0.47275128960609436,1192.0,1.0018863677978516,-0.3558095097541809,1451.0,0.9942724108695984,0.3415384590625763,805.0,0.9956107139587402
105,1766546565.7306206,336000,-0.3216666877269745,1141.0,0.992173433303833,0.47275128960609436,1192.0,1.0018863677978516,-0.3036630153656006,1685.0,0.9919610619544983,0.3415384590625763,805.0,0.9956107139587402
106,1766546567.1892633,339200,-0.3216666877269745,1141.0,0.992173433303833,0.47275128960609436,1192.0,1.0018863677978516,-0.3036630153656006,1685.0,0.9919610619544983,0.28994083404541016,2018.5,0.9936988353729248
107,1766546578.7008963,342400,-0.3216666877269745,1141.0,0.992173433303833,0.47275128960609436,1192.0,1.0018863677978516,-0.3036630153656006,1685.0,0.9919610619544983,0.24216525256633759,1687.0,0.9910467863082886
108,1766546582.0570664,345600,-0.2587301731109619,1624.3333740234375,0.9916151165962219,0.47275128960609436,1192.0,1.0018863677978516,-0.3036630153656006,1685.0,0.9919610619544983,0.24216525256633759,1687.0,0.9910467863082886
109,1766546585.2507615,348800,-0.2587301731109619,1624.3333740234375,0.9916151165962219,0.47275128960609436,1192.0,1.0018863677978516,-0.25537917017936707,1975.3333740234375,0.9891577959060669,0.24216525256633759,1687.0,0.9910467863082886
110,1766546586.1940217,352000,-0.20151515305042267,2124.0,0.9910755157470703,0.47275128960609436,1192.0,1.0018863677978516,-0.25537917017936707,1975.3333740234375,0.9891577959060669,0.24216525256633759,1687.0,0.9910467863082886
111,1766546587.5944574,355200,-0.20151515305042267,2124.0,0.9910755157470703,0.39523810148239136,751.5,1.0009918212890625,-0.25537917017936707,1975.3333740234375,0.9891577959060669,0.24216525256633759,1687.0,0.9910467863082886
112,1766546589.155624,358400,-0.20151515305042267,2124.0,0.9910755157470703,0.39523810148239136,751.5,1.0009918212890625,-0.21054421365261078,2309.5,0.9850202202796936,0.24216525256633759,1687.0,0.9910467863082886
113,1766546591.355908,361600,-0.20151515305042267,2124.0,0.9910755157470703,0.39523810148239136,751.5,1.0009918212890625,-0.21054421365261078,2309.5,0.9850202202796936,0.19780221581459045,2206.666748046875,0.9874843955039978
114,1766546593.9481802,364800,-0.20151515305042267,2124.0,0.9910755157470703,0.39523810148239136,751.5,1.0009918212890625,-0.21054421365261078,2309.5,0.9850202202796936,0.15649868547916412,2664.0,0.9822137951850891
115,1766546595.147382,368000,-0.14927536249160767,1268.0,0.9927480816841125,0.39523810148239136,751.5,1.0009918212890625,-0.21054421365261078,2309.5,0.9850202202796936,0.15649868547916412,2664.0,0.9822137951850891
116,1766546596.3011062,371200,-0.14927536249160767,1268.0,0.9927480816841125,0.39523810148239136,751.5,1.0009918212890625,-0.16880130767822266,1371.0,0.9791429042816162,0.15649868547916412,2664.0,0.9822137951850891
117,1766546600.7173917,374400,-0.14927536249160767,1268.0,0.9927480816841125,0.39523810148239136,751.5,1.0009918212890625,-0.16880130767822266,1371.0,0.9791429042816162,0.11794872581958771,1291.5,0.9862057566642761
118,1766546601.160304,377600,-0.10138889402151108,1995.0,1.0025219917297363,0.39523810148239136,751.5,1.0009918212890625,-0.16880130767822266,1371.0,0.9791429042816162,0.11794872581958771,1291.5,0.9862057566642761
119,1766546605.2201436,380800,-0.10138889402151108,1995.0,1.0025219917297363,0.34214287996292114,530.3333740234375,0.999968409538269,-0.16880130767822266,1371.0,0.9791429042816162,0.11794872581958771,1291.5,0.9862057566642761
120,1766546605.324371,384000,-0.10138889402151108,1995.0,1.0025219917297363,0.34214287996292114,530.3333740234375,0.999968409538269,-0.12984126806259155,1558.0,0.9961114525794983,0.11794872581958771,1291.5,0.9862057566642761
121,1766546608.2381778,387200,-0.10138889402151108,1995.0,1.0025219917297363,0.34214287996292114,530.3333740234375,0.999968409538269,-0.12984126806259155,1558.0,0.9961114525794983,0.10339123755693436,1670.0,0.9944926500320435
122,1766546621.7641857,390400,-0.1106666699051857,888.3333740234375,0.9963739514350891,0.34214287996292114,530.3333740234375,0.999968409538269,-0.12984126806259155,1558.0,0.9961114525794983,0.10339123755693436,1670.0,0.9944926500320435
123,1766546623.8771176,393600,-0.06794872134923935,1709.0,0.9961846470832825,0.34214287996292114,530.3333740234375,0.999968409538269,-0.12984126806259155,1558.0,0.9961114525794983,0.10339123755693436,1670.0,0.9944926500320435
124,1766546625.9090698,396800,-0.06794872134923935,1709.0,0.9961846470832825,0.34214287996292114,530.3333740234375,0.999968409538269,-0.12565283477306366,1040.25,0.9984748363494873,0.10339123755693436,1670.0,0.9944926500320435
125,1766546627.6901445,400000,-0.028395066037774086,1691.0,1.0019241571426392,0.34214287996292114,530.3333740234375,0.999968409538269,-0.12565283477306366,1040.25,0.9984748363494873,0.10339123755693436,1670.0,0.9944926500320435
126,1766546629.9000905,403200,-0.028395066037774086,1691.0,1.0019241571426392,0.34214287996292114,530.3333740234375,0.999968409538269,-0.12565283477306366,1040.25,0.9984748363494873,0.08974358439445496,1030.666748046875,0.9989796280860901
127,1766546630.9031112,406400,-0.028395066037774086,1691.0,1.0019241571426392,0.2972789406776428,500.6000061035156,1.0000203847885132,-0.12565283477306366,1040.25,0.9984748363494873,0.08974358439445496,1030.666748046875,0.9989796280860901
128,1766546631.771196,409600,-0.028395066037774086,1691.0,1.0019241571426392,0.2972789406776428,500.6000061035156,1.0000203847885132,-0.09047619998455048,1740.0,0.9731020331382751,0.08974358439445496,1030.666748046875,0.9989796280860901
129,1766546636.452478,412800,-0.028395066037774086,1691.0,1.0019241571426392,0.2972789406776428,500.6000061035156,1.0000203847885132,-0.05743146687746048,1671.0,1.002160668373108,0.08974358439445496,1030.666748046875,0.9989796280860901
130,1766546637.715264,416000,-0.028395066037774086,1691.0,1.0019241571426392,0.2972789406776428,500.6000061035156,1.0000203847885132,-0.05743146687746048,1671.0,1.002160668373108,0.05672105401754379,1857.0,0.9934985041618347
131,1766546639.059194,419200,0.008333330042660236,2083.5,0.9992294311523438,0.2972789406776428,500.6000061035156,1.0000203847885132,-0.05743146687746048,1671.0,1.002160668373108,0.05672105401754379,1857.0,0.9934985041618347
132,1766546640.6499221,422400,0.008333330042660236,2083.5,0.9992294311523438,0.2972789406776428,500.6000061035156,1.0000203847885132,-0.05743146687746048,1671.0,1.002160668373108,0.025641020387411118,2121.0,0.9951444268226624
133,1766546648.0019364,425600,-0.0034482807386666536,1310.3333740234375,1.009824275970459,0.2972789406776428,500.6000061035156,1.0000203847885132,-0.05743146687746048,1671.0,1.002160668373108,0.025641020387411118,2121.0,0.9951444268226624
134,1766546649.320706,428800,-0.0034482807386666536,1310.3333740234375,1.009824275970459,0.2686147391796112,517.3333740234375,0.9999938607215881,-0.05743146687746048,1671.0,1.002160668373108,0.025641020387411118,2121.0,0.9951444268226624
135,1766546651.7406585,432000,-0.0034482807386666536,1310.3333740234375,1.009824275970459,0.2686147391796112,517.3333740234375,0.9999938607215881,-0.049859944730997086,1397.0,1.0299768447875977,0.025641020387411118,2121.0,0.9951444268226624
136,1766546655.8627663,435200,-0.0034482807386666536,1310.3333740234375,1.009824275970459,0.2686147391796112,517.3333740234375,0.9999938607215881,-0.049859944730997086,1397.0,1.0299768447875977,0.02490841969847679,1175.75,1.0395525693893433
137,1766546656.9444509,438400,-0.03666667640209198,1132.0,1.009584903717041,0.2686147391796112,517.3333740234375,0.9999938607215881,-0.049859944730997086,1397.0,1.0299768447875977,0.02490841969847679,1175.75,1.0395525693893433
138,1766546659.8756385,441600,-0.03666667640209198,1132.0,1.009584903717041,0.3004140853881836,879.0,0.9996818900108337,-0.049859944730997086,1397.0,1.0299768447875977,0.02490841969847679,1175.75,1.0395525693893433
139,1766546660.7575111,444800,-0.04623657092452049,1115.0,1.0068562030792236,0.3004140853881836,879.0,0.9996818900108337,-0.049859944730997086,1397.0,1.0299768447875977,0.02490841969847679,1175.75,1.0395525693893433
140,1766546662.7223604,448000,-0.04623657092452049,1115.0,1.0068562030792236,0.3004140853881836,879.0,0.9996818900108337,-0.07700680196285248,690.0,1.0305237770080566,0.02490841969847679,1175.75,1.0395525693893433
141,1766546666.0340447,451200,-0.04623657092452049,1115.0,1.0068562030792236,0.3004140853881836,879.0,0.9996818900108337,-0.07486772537231445,1172.0,1.005732536315918,0.02490841969847679,1175.75,1.0395525693893433
142,1766546666.569238,454400,-0.07604167610406876,2528.0,0.995978832244873,0.3004140853881836,879.0,0.9996818900108337,-0.07486772537231445,1172.0,1.005732536315918,0.02490841969847679,1175.75,1.0395525693893433
143,1766546667.7267392,457600,-0.07604167610406876,2528.0,0.995978832244873,0.3004140853881836,879.0,0.9996818900108337,-0.07486772537231445,1172.0,1.005732536315918,0.04088318347930908,883.7999877929688,1.0179017782211304
144,1766546671.1829963,460800,-0.07604167610406876,2528.0,0.995978832244873,0.31289684772491455,787.7999877929688,0.9996982216835022,-0.07486772537231445,1172.0,1.005732536315918,0.04088318347930908,883.7999877929688,1.0179017782211304
145,1766546674.0677788,464000,-0.07604167610406876,2528.0,0.995978832244873,0.31289684772491455,787.7999877929688,0.9996982216835022,-0.09987130016088486,1436.0,0.9968282580375671,0.04088318347930908,883.7999877929688,1.0179017782211304
146,1766546674.13863,467200,-0.10404041409492493,1056.3333740234375,1.0033626556396484,0.31289684772491455,787.7999877929688,0.9996982216835022,-0.09987130016088486,1436.0,0.9968282580375671,0.04088318347930908,883.7999877929688,1.0179017782211304
147,1766546674.2795587,470400,-0.10404041409492493,1056.3333740234375,1.0033626556396484,0.31289684772491455,787.7999877929688,0.9996982216835022,-0.09987130016088486,1436.0,0.9968282580375671,0.06680525839328766,1319.0,1.0120258331298828
148,1766546679.4155228,473600,-0.10404041409492493,1056.3333740234375,1.0033626556396484,0.31289684772491455,787.7999877929688,0.9996982216835022,-0.09987130016088486,1436.0,0.9968282580375671,0.09136302024126053,1314.75,0.9989823698997498
149,1766546680.8987935,476800,-0.10404041409492493,1056.3333740234375,1.0033626556396484,0.31289684772491455,787.7999877929688,0.9996982216835022,-0.1235589012503624,1028.666748046875,1.0021787881851196,0.09136302024126053,1314.75,0.9989823698997498
150,1766546681.8510368,480000,-0.10404041409492493,1056.3333740234375,1.0033626556396484,0.3403809368610382,765.0,0.9990394115447998,-0.1235589012503624,1028.666748046875,1.0021787881851196,0.09136302024126053,1314.75,0.9989823698997498
151,1766546686.0562057,483200,-0.1303921639919281,1725.0,1.0021737813949585,0.3403809368610382,765.0,0.9990394115447998,-0.1235589012503624,1028.666748046875,1.0021787881851196,0.09136302024126053,1314.75,0.9989823698997498
152,1766546691.149077,486400,-0.1303921639919281,1725.0,1.0021737813949585,0.3403809368610382,765.0,0.9990394115447998,-0.1235589012503624,1028.666748046875,1.0021787881851196,0.11466140300035477,904.75,1.0073431730270386
153,1766546695.1303139,489600,-0.11714284121990204,1311.0,1.0081546306610107,0.3403809368610382,765.0,0.9990394115447998,-0.1235589012503624,1028.666748046875,1.0021787881851196,0.11466140300035477,904.75,1.0073431730270386
154,1766546700.9911175,492800,-0.11714284121990204,1311.0,1.0081546306610107,0.3403809368610382,765.0,0.9990394115447998,-0.1289377361536026,982.5,1.0172314643859863,0.11466140300035477,904.75,1.0073431730270386
155,1766546705.2599835,496000,-0.14166665077209473,914.5,1.0081626176834106,0.3403809368610382,765.0,0.9990394115447998,-0.1289377361536026,982.5,1.0172314643859863,0.11466140300035477,904.75,1.0073431730270386
156,1766546706.7076635,499200,-0.14166665077209473,914.5,1.0081626176834106,0.3401099145412445,720.5,0.9977967143058777,-0.1289377361536026,982.5,1.0172314643859863,0.11466140300035477,904.75,1.0073431730270386
157,1766546710.9399571,502400,-0.14166665077209473,914.5,1.0081626176834106,0.3401099145412445,720.5,0.9977967143058777,-0.1289377361536026,982.5,1.0172314643859863,0.1117948666214943,1066.0,1.014379858970642
158,1766546711.7063863,505600,-0.14166665077209473,914.5,1.0081626176834106,0.3401099145412445,720.5,0.9977967143058777,-0.15071429312229156,450.0,1.002697467803955,0.1117948666214943,1066.0,1.014379858970642
159,1766546715.6192136,508800,-0.14684684574604034,918.6666870117188,0.9981875419616699,0.3401099145412445,720.5,0.9977967143058777,-0.15071429312229156,450.0,1.002697467803955,0.1117948666214943,1066.0,1.014379858970642
160,1766546718.7108493,512000,-0.16929824650287628,1393.0,0.9995287656784058,0.3401099145412445,720.5,0.9977967143058777,-0.15071429312229156,450.0,1.002697467803955,0.1117948666214943,1066.0,1.014379858970642
161,1766546719.6216154,515200,-0.16929824650287628,1393.0,0.9995287656784058,0.3401099145412445,720.5,0.9977967143058777,-0.15071429312229156,450.0,1.002697467803955,0.13345840573310852,555.0,1.0011452436447144
162,1766546722.8860736,518400,-0.1905982941389084,761.0,1.000991702079773,0.3401099145412445,720.5,0.9977967143058777,-0.15071429312229156,450.0,1.002697467803955,0.13345840573310852,555.0,1.0011452436447144
163,1766546723.1291354,521600,-0.1905982941389084,761.0,1.000991702079773,0.3460317552089691,530.0,0.9994277954101562,-0.15071429312229156,450.0,1.002697467803955,0.13345840573310852,555.0,1.0011452436447144
164,1766546725.4187422,524800,-0.1905982941389084,761.0,1.000991702079773,0.3460317552089691,530.0,0.9994277954101562,-0.15516842901706696,1021.3333740234375,1.002242922782898,0.13345840573310852,555.0,1.0011452436447144
165,1766546728.3199255,528000,-0.1905982941389084,761.0,1.000991702079773,0.3460317552089691,530.0,0.9994277954101562,-0.17528347671031952,527.0,0.9992532730102539,0.13345840573310852,555.0,1.0011452436447144
166,1766546729.9208448,531200,-0.1905982941389084,761.0,1.000991702079773,0.3460317552089691,530.0,0.9994277954101562,-0.17528347671031952,527.0,0.9992532730102539,0.14218558371067047,950.25,1.0090081691741943
167,1766546732.408018,534400,-0.1905982941389084,761.0,1.000991702079773,0.3460317552089691,530.0,0.9994277954101562,-0.17528347671031952,527.0,0.9992532730102539,0.14218558371067047,950.25,1.0005772113800049
168,1766546736.3612487,537600,-0.210833340883255,1014.0,1.0077650547027588,0.3460317552089691,530.0,0.9994277954101562,-0.17528347671031952,527.0,0.9992532730102539,0.14218558371067047,950.25,1.0005772113800049
169,1766546738.688684,540800,-0.210833340883255,1014.0,1.0077650547027588,0.36938777565956116,402.66668701171875,0.9964020848274231,-0.17528347671031952,527.0,0.9992532730102539,0.14218558371067047,950.25,1.0005772113800049
170,1766546742.9146025,544000,-0.23008131980895996,1546.666748046875,1.0062530040740967,0.36938777565956116,402.66668701171875,0.9964020848274231,-0.17528347671031952,527.0,0.9992532730102539,0.14218558371067047,950.25,1.0005772113800049
171,1766546743.404976,547200,-0.23008131980895996,1546.666748046875,1.0062530040740967,0.36938777565956116,402.66668701171875,0.9964020848274231,-0.17528347671031952,527.0,0.9992532730102539,0.16213475167751312,934.0,0.999888002872467
172,1766546745.9878771,550400,-0.20079365372657776,1530.0,0.9982900619506836,0.36938777565956116,402.66668701171875,0.9964020848274231,-0.17528347671031952,527.0,0.9992532730102539,0.16213475167751312,934.0,0.999888002872467
173,1766546746.688106,553600,-0.20079365372657776,1530.0,0.9982900619506836,0.36938777565956116,402.66668701171875,0.9964020848274231,-0.19446292519569397,837.0,1.0107718706130981,0.16213475167751312,934.0,0.999888002872467
174,1766546749.2120392,556800,-0.20079365372657776,1530.0,0.9982900619506836,0.3738916218280792,846.5,0.9978606700897217,-0.19446292519569397,837.0,1.0107718706130981,0.16213475167751312,934.0,0.999888002872467
175,1766546751.6237683,560000,-0.20079365372657776,1530.0,0.9982900619506836,0.3738916218280792,846.5,0.9978606700897217,-0.19446292519569397,837.0,1.0107718706130981,0.18117715418338776,892.0,1.0094987154006958
176,1766546752.5300786,563200,-0.20079365372657776,1530.0,0.9982900619506836,0.3738916218280792,846.5,0.9978606700897217,-0.19761905074119568,1447.3333740234375,0.996304452419281,0.18117715418338776,892.0,1.0094987154006958
177,1766546755.8554387,566400,-0.19612403213977814,2471.5,0.9931692481040955,0.3738916218280792,846.5,0.9978606700897217,-0.19761905074119568,1447.3333740234375,0.996304452419281,0.18117715418338776,892.0,1.0094987154006958
178,1766546757.086588,569600,-0.19612403213977814,2471.5,0.9931692481040955,0.3738916218280792,846.5,0.9978606700897217,-0.19761905074119568,1447.3333740234375,0.996304452419281,0.1697435975074768,2201.33349609375,0.9936381578445435
179,1766546759.9299169,572800,-0.19612403213977814,2471.5,0.9931692481040955,0.3738916218280792,846.5,0.9978606700897217,-0.19322751462459564,1957.5,0.988318145275116,0.1697435975074768,2201.33349609375,0.9936381578445435
180,1766546762.1222937,576000,-0.2143939733505249,2607.5,0.9931545257568359,0.3738916218280792,846.5,0.9978606700897217,-0.19322751462459564,1957.5,0.988318145275116,0.1697435975074768,2201.33349609375,0.9936381578445435
181,1766546766.56315,579200,-0.2143939733505249,2607.5,0.9931545257568359,0.3738916218280792,846.5,0.9978606700897217,-0.19322751462459564,1957.5,0.988318145275116,0.18779265880584717,1862.0,0.991916835308075
182,1766546777.0056741,582400,-0.2143939733505249,2607.5,0.9931545257568359,0.381428599357605,1153.5999755859375,1.0036715269088745,-0.19322751462459564,1957.5,0.988318145275116,0.18779265880584717,1862.0,0.991916835308075
183,1766546778.0717564,585600,-0.23185187578201294,1224.0,1.0005697011947632,0.381428599357605,1153.5999755859375,1.0036715269088745,-0.19322751462459564,1957.5,0.988318145275116,0.18779265880584717,1862.0,0.991916835308075
184,1766546778.1453886,588800,-0.23185187578201294,1224.0,1.0005697011947632,0.381428599357605,1153.5999755859375,1.0036715269088745,-0.2107660472393036,1126.666748046875,0.9865385293960571,0.18779265880584717,1862.0,0.991916835308075
185,1766546781.728487,592000,-0.23185187578201294,1224.0,1.0005697011947632,0.381428599357605,1153.5999755859375,1.0036715269088745,-0.2107660472393036,1126.666748046875,0.9865385293960571,0.20507365465164185,1537.5,0.9963861703872681
186,1766546782.3444107,595200,-0.20507249236106873,1778.0,0.9921996593475342,0.381428599357605,1153.5999755859375,1.0036715269088745,-0.2107660472393036,1126.666748046875,0.9865385293960571,0.20507365465164185,1537.5,0.9963861703872681
187,1766546784.614498,598400,-0.20507249236106873,1778.0,0.9921996593475342,0.381428599357605,1153.5999755859375,1.0036715269088745,-0.2062816619873047,1422.0,0.9926993250846863,0.20507365465164185,1537.5,0.9963861703872681
188,1766546787.720882,601600,-0.20507249236106873,1778.0,0.9921996593475342,0.381428599357605,1153.5999755859375,1.0036715269088745,-0.2062816619873047,1422.0,0.9926993250846863,0.1938568353652954,1230.0,0.9957852959632874
189,1766546792.1529183,604800,-0.20507249236106873,1778.0,0.9921996593475342,0.381428599357605,1153.5999755859375,1.0036715269088745,-0.18115079402923584,1062.5,0.9872183203697205,0.1938568353652954,1230.0,0.9957852959632874
190,1766546792.8893993,608000,-0.17943264544010162,1348.666748046875,0.9965562224388123,0.381428599357605,1153.5999755859375,1.0036715269088745,-0.18115079402923584,1062.5,0.9872183203697205,0.1938568353652954,1230.0,0.9957852959632874
191,1766546794.8310018,611200,-0.17943264544010162,1348.666748046875,0.9965562224388123,0.381428599357605,1153.5999755859375,1.0036715269088745,-0.18115079402923584,1062.5,0.9872183203697205,0.16949240863323212,992.0,0.9904186725616455
192,1766546795.608633,614400,-0.15486113727092743,2115.0,0.9915837049484253,0.381428599357605,1153.5999755859375,1.0036715269088745,-0.18115079402923584,1062.5,0.9872183203697205,0.16949240863323212,992.0,0.9904186725616455
193,1766546795.7450671,617600,-0.15486113727092743,2115.0,0.9915837049484253,0.34976959228515625,490.8000183105469,1.000407338142395,-0.18115079402923584,1062.5,0.9872183203697205,0.16949240863323212,992.0,0.9904186725616455
194,1766546800.1334102,620800,-0.15486113727092743,2115.0,0.9915837049484253,0.34976959228515625,490.8000183105469,1.000407338142395,-0.15704567730426788,1518.0,0.9759927988052368,0.16949240863323212,992.0,0.9904186725616455
195,1766546802.7677493,624000,-0.15486113727092743,2115.0,0.9915837049484253,0.34976959228515625,490.8000183105469,1.000407338142395,-0.15704567730426788,1518.0,0.9759927988052368,0.14610256254673004,1702.5,0.9849845767021179
196,1766546812.4299545,627200,-0.13129253685474396,1853.0,0.9911567568778992,0.34976959228515625,490.8000183105469,1.000407338142395,-0.15704567730426788,1518.0,0.9759927988052368,0.14610256254673004,1702.5,0.9849845767021179
197,1766546814.330382,630400,-0.13129253685474396,1853.0,0.9911567568778992,0.30758926272392273,786.5,1.004128098487854,-0.15704567730426788,1518.0,0.9759927988052368,0.14610256254673004,1702.5,0.9849845767021179
198,1766546818.8000665,633600,-0.14866667985916138,1383.0,0.9916195273399353,0.30758926272392273,786.5,1.004128098487854,-0.15704567730426788,1518.0,0.9759927988052368,0.14610256254673004,1702.5,0.9849845767021179
199,1766546821.5288768,636800,-0.14866667985916138,1383.0,0.9916195273399353,0.30758926272392273,786.5,1.004128098487854,-0.1539047658443451,1390.0,0.9706693887710571,0.14610256254673004,1702.5,0.9849845767021179
200,1766546823.2013266,640000,-0.12614381313323975,2214.0,0.9963526129722595,0.30758926272392273,786.5,1.004128098487854,-0.1539047658443451,1390.0,0.9706693887710571,0.14610256254673004,1702.5,0.9849845767021179
201,1766546823.882745,643200,-0.12614381313323975,2214.0,0.9963526129722595,0.30758926272392273,786.5,1.004128098487854,-0.1539047658443451,1390.0,0.9706693887710571,0.14323781430721283,1543.5,0.9820494651794434
202,1766546825.648146,646400,-0.12614381313323975,2214.0,0.9963526129722595,0.2982683777809143,924.5,1.0014601945877075,-0.1539047658443451,1390.0,0.9706693887710571,0.14323781430721283,1543.5,0.9820494651794434
203,1766546826.1070414,649600,-0.10448720306158066,1981.0,0.9902071952819824,0.2982683777809143,924.5,1.0014601945877075,-0.1539047658443451,1390.0,0.9706693887710571,0.14323781430721283,1543.5,0.9820494651794434
204,1766546828.3006263,652800,-0.10448720306158066,1981.0,0.9902071952819824,0.2982683777809143,924.5,1.0014601945877075,-0.1539047658443451,1390.0,0.9706693887710571,0.14048324525356293,1467.5,0.9886074662208557
205,1766546828.6216493,656000,-0.10448720306158066,1981.0,0.9902071952819824,0.2982683777809143,924.5,1.0014601945877075,-0.14108312129974365,1411.5,0.9788104891777039,0.14048324525356293,1467.5,0.9886074662208557
206,1766546830.398186,659200,-0.10448720306158066,1981.0,0.9902071952819824,0.2982683777809143,924.5,1.0014601945877075,-0.11913920938968658,2010.0,0.9472800493240356,0.14048324525356293,1467.5,0.9886074662208557
207,1766546832.7895854,662400,-0.10448720306158066,1981.0,0.9902071952819824,0.2982683777809143,924.5,1.0014601945877075,-0.11913920938968658,2010.0,0.9472800493240356,0.11896469444036484,1712.0,0.9731074571609497
208,1766546833.8481598,665600,-0.08364781737327576,2025.0,1.0006589889526367,0.2982683777809143,924.5,1.0014601945877075,-0.11913920938968658,2010.0,0.9472800493240356,0.11896469444036484,1712.0,0.9731074571609497
209,1766546834.9652205,668800,-0.08364781737327576,2025.0,1.0006589889526367,0.26008403301239014,732.3333740234375,1.0006979703903198,-0.11913920938968658,2010.0,0.9472800493240356,0.11896469444036484,1712.0,0.9731074571609497
210,1766546836.3923814,672000,-0.08364781737327576,2025.0,1.0006589889526367,0.26008403301239014,732.3333740234375,1.0006979703903198,-0.11913920938968658,2010.0,0.9472800493240356,0.09824312478303909,1949.0,0.9872159361839294
211,1766546854.4424343,675200,-0.08364781737327576,2025.0,1.0006589889526367,0.26008403301239014,732.3333740234375,1.0006979703903198,-0.09802336990833282,1715.0,1.0158346891403198,0.09824312478303909,1949.0,0.9872159361839294
212,1766546857.3489704,678400,-0.06358026713132858,1884.75,1.0092110633850098,0.26008403301239014,732.3333740234375,1.0006979703903198,-0.09802336990833282,1715.0,1.0158346891403198,0.09824312478303909,1949.0,0.9872159361839294
213,1766546860.1526785,681600,-0.06358026713132858,1884.75,1.0092110633850098,0.2240816354751587,819.75,0.9983214139938354,-0.09802336990833282,1715.0,1.0158346891403198,0.09824312478303909,1949.0,0.9872159361839294
214,1766546860.504254,684800,-0.08060607314109802,2204.0,1.0098530054092407,0.2240816354751587,819.75,0.9983214139938354,-0.09802336990833282,1715.0,1.0158346891403198,0.09824312478303909,1949.0,0.9872159361839294
215,1766546863.793845,688000,-0.08060607314109802,2204.0,1.0098530054092407,0.2240816354751587,819.75,0.9983214139938354,-0.09003528207540512,1293.0,1.058622121810913,0.09824312478303909,1949.0,0.9872159361839294
216,1766546864.1482635,691200,-0.07321431487798691,1754.3333740234375,1.0087988376617432,0.2240816354751587,819.75,0.9983214139938354,-0.09003528207540512,1293.0,1.058622121810913,0.09824312478303909,1949.0,0.9872159361839294
217,1766546865.0104787,694400,-0.07321431487798691,1754.3333740234375,1.0087988376617432,0.2240816354751587,819.75,0.9983214139938354,-0.09003528207540512,1293.0,1.058622121810913,0.07827505469322205,1615.0,1.0346146821975708
218,1766546867.2158568,697600,-0.07321431487798691,1754.3333740234375,1.0087988376617432,0.2271164059638977,1120.3333740234375,0.9970843195915222,-0.09003528207540512,1293.0,1.058622121810913,0.07827505469322205,1615.0,1.0346146821975708
219,1766546869.4111273,700800,-0.07321431487798691,1754.3333740234375,1.0087988376617432,0.2271164059638977,1120.3333740234375,0.9970843195915222,-0.09003528207540512,1293.0,1.058622121810913,0.07687728852033615,1742.5,1.0273339748382568
220,1766546869.9123564,704000,-0.08947370201349258,1026.0,1.0090734958648682,0.2271164059638977,1120.3333740234375,0.9970843195915222,-0.09003528207540512,1293.0,1.058622121810913,0.07687728852033615,1742.5,1.0273339748382568
221,1766546870.189028,707200,-0.08947370201349258,1026.0,1.0090734958648682,0.2271164059638977,1120.3333740234375,0.9970843195915222,-0.08233767002820969,1325.3333740234375,1.0347594022750854,0.07687728852033615,1742.5,1.0273339748382568
222,1766546871.4239478,710400,-0.08947370201349258,1026.0,1.0090734958648682,0.22097812592983246,952.5,0.996100902557373,-0.08233767002820969,1325.3333740234375,1.0347594022750854,0.07687728852033615,1742.5,1.0273339748382568
223,1766546872.3506792,713600,-0.08947370201349258,1026.0,1.0090734958648682,0.22097812592983246,952.5,0.996100902557373,-0.08233767002820969,1325.3333740234375,1.0347594022750854,0.08137653023004532,1073.0,1.0228317975997925
224,1766546896.8956873,716800,-0.10517242550849915,1408.5,1.001285195350647,0.22097812592983246,952.5,0.996100902557373,-0.08233767002820969,1325.3333740234375,1.0347594022750854,0.08137653023004532,1073.0,1.0228317975997925
225,1766546900.2477207,720000,-0.10517242550849915,1408.5,1.001285195350647,0.22097812592983246,952.5,0.996100902557373,-0.09872450679540634,964.6666870117188,1.008498191833496,0.08137653023004532,1073.0,1.0228317975997925
226,1766546901.3832862,723200,-0.12033899873495102,1642.3333740234375,1.0029373168945312,0.22097812592983246,952.5,0.996100902557373,-0.09872450679540634,964.6666870117188,1.008498191833496,0.08137653023004532,1073.0,1.0228317975997925
227,1766546903.4053535,726400,-0.12033899873495102,1642.3333740234375,1.0029373168945312,0.22097812592983246,952.5,0.996100902557373,-0.09872450679540634,964.6666870117188,1.008498191833496,0.09721486270427704,1218.0,1.008073329925537
228,1766546905.2239087,729600,-0.12033899873495102,1642.3333740234375,0.9915526509284973,0.22097812592983246,952.5,0.996100902557373,-0.09872450679540634,964.6666870117188,1.008498191833496,0.09721486270427704,1218.0,1.008073329925537
229,1766546905.809887,732800,-0.12033899873495102,1642.3333740234375,0.9915526509284973,0.24147869646549225,1100.75,0.9983586072921753,-0.09872450679540634,964.6666870117188,1.008498191833496,0.09721486270427704,1218.0,1.008073329925537
230,1766546907.4947774,736000,-0.12033899873495102,1642.3333740234375,0.9915526509284973,0.24147869646549225,1100.75,0.9983586072921753,-0.114536352455616,1028.666748046875,1.0035384893417358,0.09721486270427704,1218.0,1.008073329925537
231,1766546909.3135493,739200,-0.12033899873495102,1642.3333740234375,0.9915526509284973,0.24147869646549225,1100.75,0.9983586072921753,-0.114536352455616,1028.666748046875,1.0035384893417358,0.11251630634069443,1304.0,1.005147933959961
232,1766546913.0501745,742400,-0.13500002026557922,940.5,0.9921079277992249,0.24147869646549225,1100.75,0.9983586072921753,-0.114536352455616,1028.666748046875,1.0035384893417358,0.11251630634069443,1304.0,1.005147933959961
233,1766546916.9226503,745600,-0.13500002026557922,940.5,0.9921079277992249,0.2609279751777649,861.6666870117188,1.0049254894256592,-0.114536352455616,1028.666748046875,1.0035384893417358,0.11251630634069443,1304.0,1.005147933959961
234,1766546917.1629796,748800,-0.13500002026557922,940.5,0.9921079277992249,0.2609279751777649,861.6666870117188,1.0049254894256592,-0.12980297207832336,685.5,0.9740539193153381,0.11251630634069443,1304.0,1.005147933959961
235,1766546918.2060874,752000,-0.1491803377866745,2253.0,0.9912921786308289,0.2609279751777649,861.6666870117188,1.0049254894256592,-0.12980297207832336,685.5,0.9740539193153381,0.11251630634069443,1304.0,1.005147933959961
236,1766546920.6116674,755200,-0.1491803377866745,2253.0,0.9912921786308289,0.2609279751777649,861.6666870117188,1.0049254894256592,-0.12980297207832336,685.5,0.9740539193153381,0.1273077130317688,808.5,0.9851097464561462
237,1766546923.1423795,758400,-0.1491803377866745,2253.0,0.9912921786308289,0.2609279751777649,861.6666870117188,1.0049254894256592,-0.1445520669221878,1196.0,0.9655015468597412,0.1273077130317688,808.5,0.9851097464561462
238,1766546924.2049692,761600,-0.1491803377866745,2253.0,0.9912921786308289,0.2609279751777649,861.6666870117188,1.0049254894256592,-0.1445520669221878,1196.0,0.9655015468597412,0.1416141241788864,1038.0,0.9824674725532532
239,1766546927.8854814,764800,-0.15215055644512177,1881.3333740234375,1.0036053657531738,0.2609279751777649,861.6666870117188,1.0049254894256592,-0.1445520669221878,1196.0,0.9655015468597412,0.1416141241788864,1038.0,0.9824674725532532
240,1766546930.5684025,768000,-0.15215055644512177,1881.3333740234375,1.0036053657531738,0.2669047713279724,1043.0,0.999294102191925,-0.1445520669221878,1196.0,0.9655015468597412,0.1416141241788864,1038.0,0.9824674725532532
241,1766546931.2994268,771200,-0.15215055644512177,1881.3333740234375,1.0036053657531738,0.2669047713279724,1043.0,0.999294102191925,-0.14769843220710754,1466.3333740234375,0.9912490844726562,0.1416141241788864,1038.0,0.9824674725532532
242,1766546931.8936892,774400,-0.15215055644512177,1881.3333740234375,1.0036053657531738,0.2669047713279724,1043.0,0.999294102191925,-0.14769843220710754,1466.3333740234375,0.9912490844726562,0.15545906126499176,1678.5,0.988146185874939
243,1766546946.1082504,777600,-0.1338624507188797,2104.0,1.001251220703125,0.2669047713279724,1043.0,0.999294102191925,-0.14769843220710754,1466.3333740234375,0.9912490844726562,0.15545906126499176,1678.5,0.988146185874939
244,1766546951.659348,780800,-0.1338624507188797,2104.0,1.001251220703125,0.2669047713279724,1043.0,0.999294102191925,-0.14769843220710754,1466.3333740234375,0.9912490844726562,0.1477004736661911,1677.666748046875,1.005507230758667
245,1766546954.0548263,784000,-0.1338624507188797,2104.0,1.001251220703125,0.2669047713279724,1043.0,0.999294102191925,-0.12888368964195251,1728.5,1.009848952293396,0.1477004736661911,1677.666748046875,1.005507230758667
246,1766546956.2781587,787200,-0.11614584922790527,1980.0,1.0089229345321655,0.2669047713279724,1043.0,0.999294102191925,-0.12888368964195251,1728.5,1.009848952293396,0.1477004736661911,1677.666748046875,1.005507230758667
247,1766546959.249493,790400,-0.11614584922790527,1980.0,1.0089229345321655,0.23600463569164276,860.3333740234375,0.9963434934616089,-0.12888368964195251,1728.5,1.009848952293396,0.1477004736661911,1677.666748046875,1.005507230758667
248,1766546959.6482456,793600,-0.11435899138450623,1715.5,1.0085995197296143,0.23600463569164276,860.3333740234375,0.9963434934616089,-0.12888368964195251,1728.5,1.009848952293396,0.1477004736661911,1677.666748046875,1.005507230758667
249,1766546962.460767,796800,-0.11262628436088562,2011.5,1.006771206855774,0.23600463569164276,860.3333740234375,0.9963434934616089,-0.12888368964195251,1728.5,1.009848952293396,0.1477004736661911,1677.666748046875,1.005507230758667
250,1766546965.3349173,800000,-0.11262628436088562,2011.5,1.006771206855774,0.23038548231124878,905.0,0.9948034286499023,-0.12888368964195251,1728.5,1.009848952293396,0.1477004736661911,1677.666748046875,1.005507230758667
251,1766546966.8392105,803200,-0.11262628436088562,2011.5,1.006771206855774,0.23038548231124878,905.0,0.9948034286499023,-0.12142857909202576,1397.0,1.0374946594238281,0.1477004736661911,1677.666748046875,1.005507230758667
252,1766546967.0471087,806400,-0.11262628436088562,2011.5,1.006771206855774,0.23038548231124878,905.0,0.9948034286499023,-0.12142857909202576,1397.0,1.0374946594238281,0.14018431305885315,1445.3333740234375,1.0214911699295044
253,1766546970.959311,809600,-0.11262628436088562,2011.5,1.006771206855774,0.23038548231124878,905.0,0.9948034286499023,-0.12142857909202576,1397.0,1.0374946594238281,0.12264300882816315,1672.0,1.0192011594772339
254,1766546971.8888485,812800,-0.11262628436088562,2011.5,1.006771206855774,0.23038548231124878,905.0,0.9948034286499023,-0.11950115114450455,1374.5,1.011383056640625,0.12264300882816315,1672.0,1.0192011594772339
255,1766546973.5983715,816000,-0.11262628436088562,2011.5,1.006771206855774,0.23038548231124878,905.0,0.9948034286499023,-0.11950115114450455,1374.5,1.011383056640625,0.12078478187322617,1777.0,1.003702163696289
256,1766546977.1543815,819200,-0.12587065994739532,925.0,1.0021032094955444,0.23038548231124878,905.0,0.9948034286499023,-0.11950115114450455,1374.5,1.011383056640625,0.12078478187322617,1777.0,1.003702163696289
257,1766546978.895528,822400,-0.12587065994739532,925.0,1.0021032094955444,0.2327796071767807,964.3333740234375,0.9984964728355408,-0.11950115114450455,1374.5,1.011383056640625,0.12078478187322617,1777.0,1.003702163696289
258,1766546980.4915335,825600,-0.12401962280273438,1883.0,1.0060436725616455,0.2327796071767807,964.3333740234375,0.9984964728355408,-0.11950115114450455,1374.5,1.011383056640625,0.12078478187322617,1777.0,1.003702163696289
259,1766546986.340948,828800,-0.12401962280273438,1883.0,1.0060436725616455,0.2327796071767807,964.3333740234375,0.9984964728355408,-0.12284226715564728,1086.0,1.0049341917037964,0.12078478187322617,1777.0,1.003702163696289
260,1766546987.5303655,832000,-0.12401962280273438,1883.0,1.0060436725616455,0.2327796071767807,964.3333740234375,0.9984964728355408,-0.12284226715564728,1086.0,1.0049341917037964,0.13390740752220154,1281.0,1.0105994939804077
261,1766546991.1950438,835200,-0.12222223728895187,1540.5,0.9995872378349304,0.2327796071767807,964.3333740234375,0.9984964728355408,-0.12284226715564728,1086.0,1.0049341917037964,0.13390740752220154,1281.0,1.0105994939804077
262,1766546991.7353942,838400,-0.12222223728895187,1540.5,0.9995872378349304,0.21991342306137085,1035.3333740234375,0.9972739815711975,-0.12284226715564728,1086.0,1.0049341917037964,0.13390740752220154,1281.0,1.0105994939804077
263,1766546993.413619,841600,-0.12222223728895187,1540.5,0.9995872378349304,0.21991342306137085,1035.3333740234375,0.9972739815711975,-0.12284226715564728,1086.0,1.0049341917037964,0.11723228543996811,1282.0,1.0054091215133667
264,1766546995.243385,844800,-0.13476191461086273,2559.0,0.9938657879829407,0.21991342306137085,1035.3333740234375,0.9972739815711975,-0.12284226715564728,1086.0,1.0049341917037964,0.11723228543996811,1282.0,1.0054091215133667
265,1766546996.3318882,848000,-0.13476191461086273,2559.0,0.9938657879829407,0.21991342306137085,1035.3333740234375,0.9972739815711975,-0.12608058750629425,1181.3333740234375,0.9983240962028503,0.11723228543996811,1282.0,1.0054091215133667
266,1766547000.7405987,851200,-0.13476191461086273,2559.0,0.9938657879829407,0.21991342306137085,1035.3333740234375,0.9972739815711975,-0.12608058750629425,1181.3333740234375,0.9983240962028503,0.13002602756023407,1887.0,0.9909572601318359
267,1766547006.9077995,854400,-0.13476191461086273,2559.0,0.9938657879829407,0.23724867403507233,1503.25,1.0036535263061523,-0.12608058750629425,1181.3333740234375,0.9983240962028503,0.13002602756023407,1887.0,0.9909572601318359
268,1766547008.4372413,857600,-0.13476191461086273,2559.0,0.9938657879829407,0.23724867403507233,1503.25,1.0036535263061523,-0.13932180404663086,1278.0,0.9729903936386108,0.13002602756023407,1887.0,0.9909572601318359
269,1766547008.5605748,860800,-0.1328638643026352,2065.0,0.9919453859329224,0.23724867403507233,1503.25,1.0036535263061523,-0.13932180404663086,1278.0,0.9729903936386108,0.13002602756023407,1887.0,0.9909572601318359
270,1766547018.0764537,864000,-0.14490742981433868,1056.5,0.9981619119644165,0.23724867403507233,1503.25,1.0036535263061523,-0.13932180404663086,1278.0,0.9729903936386108,0.13002602756023407,1887.0,0.9909572601318359
271,1766547021.1552913,867200,-0.1292237490415573,1525.0,0.9956622123718262,0.23724867403507233,1503.25,1.0036535263061523,-0.13932180404663086,1278.0,0.9729903936386108,0.13002602756023407,1887.0,0.9909572601318359
272,1766547022.3744452,870400,-0.1292237490415573,1525.0,0.9956622123718262,0.23209109902381897,827.0,1.0009645223617554,-0.13932180404663086,1278.0,0.9729903936386108,0.13002602756023407,1887.0,0.9909572601318359
273,1766547023.2759051,873600,-0.1292237490415573,1525.0,0.9956622123718262,0.23209109902381897,827.0,1.0009645223617554,-0.1372423768043518,913.5,0.9658718705177307,0.13002602756023407,1887.0,0.9909572601318359
274,1766547024.785814,876800,-0.1274774819612503,2070.5,0.9985517859458923,0.23209109902381897,827.0,1.0009645223617554,-0.1372423768043518,913.5,0.9658718705177307,0.13002602756023407,1887.0,0.9909572601318359
275,1766547025.5667207,880000,-0.1274774819612503,2070.5,0.9985517859458923,0.23209109902381897,827.0,1.0009645223617554,-0.1372423768043518,913.5,0.9658718705177307,0.1329304277896881,1290.0,0.9866387844085693
276,1766547028.8383992,883200,-0.1274774819612503,2070.5,0.9985517859458923,0.23209109902381897,827.0,1.0009645223617554,-0.1372423768043518,913.5,0.9658718705177307,0.13105817139148712,1108.5,0.9977473020553589
277,1766547028.8891158,886400,-0.1274774819612503,2070.5,0.9985517859458923,0.23209109902381897,827.0,1.0009645223617554,-0.1352241039276123,1489.25,0.9859764575958252,0.13105817139148712,1108.5,0.9977473020553589
278,1766547031.7424834,889600,-0.1274774819612503,2070.5,0.9985517859458923,0.23209109902381897,827.0,1.0009645223617554,-0.1352241039276123,1489.25,0.9859764575958252,0.12923792004585266,1510.5,0.9985271096229553
279,1766547035.2302208,892800,-0.1274774819612503,2070.5,0.9985517859458923,0.22006076574325562,850.3333740234375,1.0003379583358765,-0.1352241039276123,1489.25,0.9859764575958252,0.12923792004585266,1510.5,0.9985271096229553
280,1766547036.331376,896000,-0.1124444454908371,1845.5,0.9927427172660828,0.22006076574325562,850.3333740234375,1.0003379583358765,-0.1352241039276123,1489.25,0.9859764575958252,0.12923792004585266,1510.5,0.9985271096229553
281,1766547038.1024425,899200,-0.1124444454908371,1845.5,0.9927427172660828,0.22006076574325562,850.3333740234375,1.0003379583358765,-0.11877156794071198,1604.0,0.9605807065963745,0.12923792004585266,1510.5,0.9985271096229553
282,1766547042.908579,902400,-0.1124444454908371,1845.5,0.9927427172660828,0.22006076574325562,850.3333740234375,1.0003379583358765,-0.11877156794071198,1604.0,0.9605807065963745,0.11376890540122986,1412.0,0.9824017882347107
283,1766547047.089746,905600,-0.09780703485012054,1456.0,0.9907665848731995,0.22006076574325562,850.3333740234375,1.0003379583358765,-0.11877156794071198,1604.0,0.9605807065963745,0.11376890540122986,1412.0,0.9824017882347107
284,1766547051.7900183,908800,-0.09780703485012054,1456.0,0.9907665848731995,0.22006076574325562,850.3333740234375,1.0003379583358765,-0.10278911888599396,1483.0,0.9368626475334167,0.11376890540122986,1412.0,0.9824017882347107
285,1766547057.2054923,912000,-0.09780703485012054,1456.0,0.9907665848731995,0.22006076574325562,850.3333740234375,1.0003379583358765,-0.10278911888599396,1483.0,0.9368626475334167,0.11223148554563522,1337.0,0.981351912021637
286,1766547060.1418393,915200,-0.10952381044626236,1806.0,0.9909341335296631,0.22006076574325562,850.3333740234375,1.0003379583358765,-0.10278911888599396,1483.0,0.9368626475334167,0.11223148554563522,1337.0,0.981351912021637
287,1766547060.958001,918400,-0.10952381044626236,1806.0,0.9909341335296631,0.21547618508338928,1075.75,1.0060904026031494,-0.10278911888599396,1483.0,0.9368626475334167,0.11223148554563522,1337.0,0.981351912021637
288,1766547062.979547,921600,-0.10952381044626236,1806.0,0.9909341335296631,0.21547618508338928,1075.75,1.0060904026031494,-0.11542588472366333,847.5,0.9182398915290833,0.11223148554563522,1337.0,0.981351912021637
289,1766547066.766708,924800,-0.09529916197061539,1640.5,1.0049476623535156,0.21547618508338928,1075.75,1.0060904026031494,-0.11542588472366333,847.5,0.9182398915290833,0.11223148554563522,1337.0,0.981351912021637
290,1766547069.8720481,928000,-0.08143461495637894,1805.666748046875,1.0049307346343994,0.21547618508338928,1075.75,1.0060904026031494,-0.11542588472366333,847.5,0.9182398915290833,0.11223148554563522,1337.0,0.981351912021637
291,1766547072.4502172,931200,-0.08143461495637894,1805.666748046875,1.003021001815796,0.21547618508338928,1075.75,1.0060904026031494,-0.11542588472366333,847.5,0.9182398915290833,0.11223148554563522,1337.0,0.981351912021637
292,1766547072.5983658,934400,-0.08143461495637894,1805.666748046875,1.003021001815796,0.19067054986953735,841.6666870117188,0.9975866675376892,-0.11542588472366333,847.5,0.9182398915290833,0.11223148554563522,1337.0,0.981351912021637
293,1766547073.5388727,937600,-0.08143461495637894,1805.666748046875,1.003021001815796,0.19067054986953735,841.6666870117188,0.9975866675376892,-0.11542588472366333,847.5,0.9182398915290833,0.10629060864448547,1352.3333740234375,0.9979455471038818
294,1766547076.0241163,940800,-0.08143461495637894,1805.666748046875,1.003021001815796,0.16685713827610016,624.0,0.9980554580688477,-0.11542588472366333,847.5,0.9182398915290833,0.10629060864448547,1352.3333740234375,0.9979455471038818
295,1766547076.6472774,944000,-0.08143461495637894,1805.666748046875,1.003021001815796,0.16685713827610016,624.0,0.9980554580688477,-0.09993386268615723,1409.0,1.0526460409164429,0.10629060864448547,1352.3333740234375,0.9979455471038818
296,1766547078.3262057,947200,-0.06791668385267258,2498.0,0.9964680075645447,0.16685713827610016,624.0,0.9980554580688477,-0.09993386268615723,1409.0,1.0526460409164429,0.10629060864448547,1352.3333740234375,0.9979455471038818
297,1766547079.4861093,950400,-0.06791668385267258,2498.0,0.9964680075645447,0.16685713827610016,624.0,0.9980554580688477,-0.08486627787351608,1155.0,0.9931037425994873,0.10629060864448547,1352.3333740234375,0.9979455471038818
298,1766547080.2534544,953600,-0.06791668385267258,2498.0,0.9964680075645447,0.16685713827610016,624.0,0.9980554580688477,-0.08486627787351608,1155.0,0.9931037425994873,0.0917341560125351,1581.666748046875,1.0181666612625122
299,1766547082.2613218,956800,-0.06791668385267258,2498.0,0.9964680075645447,0.16685713827610016,624.0,0.9980554580688477,-0.08486627787351608,1155.0,0.9931037425994873,0.07755578309297562,1804.0,1.0033892393112183
300,1766547091.8661659,960000,-0.06791668385267258,2498.0,0.9964680075645447,0.1439775824546814,1002.0,0.998453676700592,-0.08486627787351608,1155.0,0.9931037425994873,0.07755578309297562,1804.0,1.0033892393112183
301,1766547094.6961806,963200,-0.06791668385267258,2498.0,0.9964680075645447,0.1439775824546814,1002.0,0.998453676700592,-0.08486627787351608,1155.0,0.9931037425994873,0.06374096870422363,992.0,0.9989564418792725
302,1766547097.3843179,966400,-0.054732516407966614,1767.0,1.0089033842086792,0.1439775824546814,1002.0,0.998453676700592,-0.08486627787351608,1155.0,0.9931037425994873,0.06374096870422363,992.0,0.9989564418792725
303,1766547100.0990694,969600,-0.054732516407966614,1767.0,1.0089033842086792,0.1439775824546814,1002.0,0.998453676700592,-0.070205919444561,1770.666748046875,1.0217496156692505,0.06374096870422363,992.0,0.9989564418792725
304,1766547105.3884282,972800,-0.06626017391681671,2014.0,1.0058437585830688,0.1439775824546814,1002.0,0.998453676700592,-0.070205919444561,1770.666748046875,1.0217496156692505,0.06374096870422363,992.0,0.9989564418792725
305,1766547106.8372018,976000,-0.06626017391681671,2014.0,1.0058437585830688,0.14761905372142792,1137.3333740234375,0.9960561990737915,-0.070205919444561,1770.666748046875,1.0217496156692505,0.06374096870422363,992.0,0.9989564418792725
306,1766547107.9966435,979200,-0.06626017391681671,2014.0,1.0058437585830688,0.14761905372142792,1137.3333740234375,0.9960561990737915,-0.08260317891836166,1058.0,1.0197525024414062,0.06374096870422363,992.0,0.9989564418792725
307,1766547108.1528878,982400,-0.06626017391681671,2014.0,1.0058437585830688,0.14761905372142792,1137.3333740234375,0.9960561990737915,-0.08260317891836166,1058.0,1.0197525024414062,0.06715354323387146,1741.0,1.018782138824463
308,1766547115.6606653,985600,-0.06546185910701752,2419.5,0.9984366297721863,0.14761905372142792,1137.3333740234375,0.9960561990737915,-0.08260317891836166,1058.0,1.0197525024414062,0.06715354323387146,1741.0,1.018782138824463
309,1766547122.051121,988800,-0.06546185910701752,2419.5,0.9984366297721863,0.14761905372142792,1137.3333740234375,0.9960561990737915,-0.08260317891836166,1058.0,1.0197525024414062,0.06631412357091904,2064.0,0.9978408813476562
310,1766547128.5505342,992000,-0.06468255072832108,1533.0,1.0017292499542236,0.14761905372142792,1137.3333740234375,0.9960561990737915,-0.08260317891836166,1058.0,1.0197525024414062,0.06631412357091904,2064.0,0.9978408813476562
311,1766547129.1710722,995200,-0.06468255072832108,1533.0,1.0017292499542236,0.15112309157848358,1381.666748046875,0.9996641278266907,-0.08260317891836166,1058.0,1.0197525024414062,0.06631412357091904,2064.0,0.9978408813476562
312,1766547130.6584074,998400,-0.06468255072832108,1533.0,1.0017292499542236,0.15112309157848358,1381.666748046875,0.9996641278266907,-0.08590225130319595,1358.0,0.999762773513794,0.06631412357091904,2064.0,0.9978408813476562
313,1766547132.5123856,1001600,-0.07568629086017609,1826.0,0.9915545582771301,0.15112309157848358,1381.666748046875,0.9996641278266907,-0.08590225130319595,1358.0,0.999762773513794,0.06631412357091904,2064.0,0.9978408813476562
314,1766547136.0785332,1004800,-0.07568629086017609,1826.0,0.9915545582771301,0.15112309157848358,1381.666748046875,0.9996641278266907,-0.08478663861751556,1132.0,0.9452794194221497,0.06631412357091904,2064.0,0.9978408813476562
315,1766547138.1020353,1008000,-0.07568629086017609,1826.0,0.9915545582771301,0.15112309157848358,1381.666748046875,0.9996641278266907,-0.08478663861751556,1132.0,0.9452794194221497,0.06961065530776978,1179.666748046875,0.995745837688446
316,1766547139.6597748,1011200,-0.07568629086017609,1826.0,0.9915545582771301,0.15449735522270203,1164.0,1.001631498336792,-0.08478663861751556,1132.0,0.9452794194221497,0.06961065530776978,1179.666748046875,0.995745837688446
317,1766547144.4491968,1014400,-0.08643411844968796,2046.5,1.0064692497253418,0.15449735522270203,1164.0,1.001631498336792,-0.08478663861751556,1132.0,0.9452794194221497,0.06961065530776978,1179.666748046875,0.995745837688446
318,1766547152.0148134,1017600,-0.08643411844968796,2046.5,1.0064692497253418,0.15449735522270203,1164.0,1.001631498336792,-0.08478663861751556,1132.0,0.9452794194221497,0.08095686137676239,1482.5,1.0057225227355957
319,1766547153.9267251,1020800,-0.09693487733602524,1971.0,1.00181245803833,0.15449735522270203,1164.0,1.001631498336792,-0.08478663861751556,1132.0,0.9452794194221497,0.08095686137676239,1482.5,1.0057225227355957
320,1766547155.4922817,1024000,-0.09693487733602524,1971.0,1.00181245803833,0.16987012326717377,1214.5,0.9961442351341248,-0.08478663861751556,1132.0,0.9452794194221497,0.08095686137676239,1482.5,1.0057225227355957
321,1766547155.8194149,1027200,-0.09693487733602524,1971.0,1.00181245803833,0.16987012326717377,1214.5,0.9961442351341248,-0.09652014076709747,1264.666748046875,1.029855728149414,0.08095686137676239,1482.5,1.0057225227355957
322,1766547157.874365,1030400,-0.09204546362161636,1668.666748046875,0.9919090270996094,0.16987012326717377,1214.5,0.9961442351341248,-0.09652014076709747,1264.666748046875,1.029855728149414,0.08095686137676239,1482.5,1.0057225227355957
323,1766547161.750176,1033600,-0.09204546362161636,1668.666748046875,0.9919090270996094,0.16987012326717377,1214.5,0.9961442351341248,-0.09529837220907211,1060.5,0.9256056547164917,0.08095686137676239,1482.5,1.0057225227355957
324,1766547161.9259305,1036800,-0.09204546362161636,1668.666748046875,0.9919090270996094,0.16987012326717377,1214.5,0.9961442351341248,-0.09529837220907211,1060.5,0.9256056547164917,0.09202966839075089,1304.0,1.0018343925476074
325,1766547164.9983606,1040000,-0.09204546362161636,1668.666748046875,0.9919090270996094,0.16987012326717377,1214.5,0.9961442351341248,-0.09529837220907211,1060.5,0.9256056547164917,0.07902932167053223,1251.0,0.9918928146362305
326,1766547171.132417,1043200,-0.09101124107837677,2218.5,1.0007251501083374,0.16987012326717377,1214.5,0.9961442351341248,-0.09529837220907211,1060.5,0.9256056547164917,0.07902932167053223,1251.0,0.9918928146362305
327,1766547172.8559134,1046400,-0.09101124107837677,2218.5,1.0007251501083374,0.16987012326717377,1214.5,0.9961442351341248,-0.08994048088788986,1572.3333740234375,0.9853746294975281,0.07902932167053223,1251.0,0.9918928146362305
328,1766547174.0572634,1049600,-0.09101124107837677,2218.5,1.0007251501083374,0.16088435053825378,1157.5,1.0039951801300049,-0.08994048088788986,1572.3333740234375,0.9853746294975281,0.07902932167053223,1251.0,0.9918928146362305
329,1766547176.9561856,1052800,-0.09101124107837677,2218.5,1.0007251501083374,0.16088435053825378,1157.5,1.0039951801300049,-0.08994048088788986,1572.3333740234375,0.9853746294975281,0.07417798787355423,1835.0,1.006764531135559
330,1766547178.4084957,1056000,-0.09000000357627869,2082.5,1.004286527633667,0.16088435053825378,1157.5,1.0039951801300049,-0.08994048088788986,1572.3333740234375,0.9853746294975281,0.07417798787355423,1835.0,1.006764531135559
331,1766547181.3447495,1059200,-0.09000000357627869,2082.5,1.004286527633667,0.16088435053825378,1157.5,1.0039951801300049,-0.08883009850978851,1518.0,0.9812424778938293,0.07417798787355423,1835.0,1.006764531135559
332,1766547190.205737,1062400,-0.10000000894069672,1416.0,0.9908629655838013,0.16088435053825378,1157.5,1.0039951801300049,-0.08883009850978851,1518.0,0.9812424778938293,0.07417798787355423,1835.0,1.006764531135559
333,1766547193.0667148,1065600,-0.10000000894069672,1416.0,0.9908629655838013,0.16088435053825378,1157.5,1.0039951801300049,-0.08883009850978851,1518.0,0.9812424778938293,0.08494336158037186,1351.5,0.9887425303459167
334,1766547195.5241857,1068800,-0.08804348111152649,1337.0,1.0021443367004395,0.16088435053825378,1157.5,1.0039951801300049,-0.08883009850978851,1518.0,0.9812424778938293,0.08494336158037186,1351.5,0.9887425303459167
335,1766547196.122331,1072000,-0.08804348111152649,1337.0,1.0021443367004395,0.16390977799892426,852.3333740234375,1.0011367797851562,-0.08883009850978851,1518.0,0.9812424778938293,0.08494336158037186,1351.5,0.9887425303459167
336,1766547198.7198834,1075200,-0.08804348111152649,1337.0,1.0021443367004395,0.16390977799892426,852.3333740234375,1.0011367797851562,-0.08774680644273758,1111.0,0.8525699973106384,0.08494336158037186,1351.5,0.9887425303459167
337,1766547200.8853474,1078400,-0.0763440951704979,1424.0,1.0074079036712646,0.16390977799892426,852.3333740234375,1.0011367797851562,-0.08774680644273758,1111.0,0.8525699973106384,0.08494336158037186,1351.5,0.9887425303459167
338,1766547202.5239792,1081600,-0.0763440951704979,1424.0,1.0074079036712646,0.14384236931800842,757.0,0.9971176981925964,-0.08774680644273758,1111.0,0.8525699973106384,0.08494336158037186,1351.5,0.9887425303459167
339,1766547204.768651,1084800,-0.0763440951704979,1424.0,1.0074079036712646,0.14384236931800842,757.0,0.9971176981925964,-0.07464142143726349,1280.5,1.1873037815093994,0.08494336158037186,1351.5,0.9887425303459167
340,1766547206.3216887,1088000,-0.0763440951704979,1424.0,1.0074079036712646,0.14384236931800842,757.0,0.9971176981925964,-0.07464142143726349,1280.5,1.1873037815093994,0.07247275114059448,983.6666870117188,0.9956393837928772
341,1766547206.681191,1091200,-0.07907802611589432,1442.3333740234375,1.0090397596359253,0.14384236931800842,757.0,0.9971176981925964,-0.07464142143726349,1280.5,1.1873037815093994,0.07247275114059448,983.6666870117188,0.9956393837928772
342,1766547209.5492132,1094400,-0.07907802611589432,1442.3333740234375,1.0088449716567993,0.14384236931800842,757.0,0.9971176981925964,-0.07464142143726349,1280.5,1.1873037815093994,0.07247275114059448,983.6666870117188,0.9956393837928772
343,1766547210.7162902,1097600,-0.07907802611589432,1442.3333740234375,1.0088449716567993,0.14384236931800842,757.0,0.9971176981925964,-0.07464142143726349,1280.5,1.1873037815093994,0.07247275114059448,983.6666870117188,1.019879937171936
344,1766547211.86002,1100800,-0.07907802611589432,1442.3333740234375,1.0088449716567993,0.14140436053276062,877.5,0.9936444759368896,-0.07464142143726349,1280.5,1.1873037815093994,0.07247275114059448,983.6666870117188,1.019879937171936
345,1766547214.7001557,1104000,-0.07907802611589432,1442.3333740234375,1.0088449716567993,0.14140436053276062,877.5,0.9936444759368896,-0.06978458911180496,1293.3333740234375,1.069972038269043,0.07247275114059448,983.6666870117188,1.019879937171936
346,1766547216.0658743,1107200,-0.07907802611589432,1442.3333740234375,1.0088449716567993,0.14140436053276062,877.5,0.9936444759368896,-0.06978458911180496,1293.3333740234375,1.069972038269043,0.06786131858825684,1415.0,1.0151337385177612
347,1766547218.9665751,1110400,-0.07907802611589432,1442.3333740234375,1.0088449716567993,0.14140436053276062,877.5,0.9936444759368896,-0.06978458911180496,1293.3333740234375,1.069972038269043,0.06709883362054825,769.5,1.0141559839248657
348,1766547219.8068109,1113600,-0.06771931052207947,1809.3333740234375,1.0077091455459595,0.14140436053276062,877.5,0.9936444759368896,-0.06978458911180496,1293.3333740234375,1.069972038269043,0.06709883362054825,769.5,1.0141559839248657
349,1766547220.6212592,1116800,-0.06771931052207947,1809.3333740234375,1.0077091455459595,0.12238096445798874,829.5,0.9921299815177917,-0.06978458911180496,1293.3333740234375,1.069972038269043,0.06709883362054825,769.5,1.0141559839248657
350,1766547221.5418434,1120000,-0.06771931052207947,1809.3333740234375,1.0077091455459595,0.12238096445798874,829.5,0.9921299815177917,-0.06504201889038086,1315.0,1.0599626302719116,0.06709883362054825,769.5,1.0141559839248657
351,1766547239.7280476,1123200,-0.06771931052207947,1809.3333740234375,1.0077091455459595,0.12238096445798874,829.5,0.9921299815177917,-0.06504201889038086,1315.0,1.0599626302719116,0.06635329127311707,2851.5,1.0118205547332764
352,1766547241.920839,1126400,-0.07743056863546371,2971.0,1.008176326751709,0.12238096445798874,829.5,0.9921299815177917,-0.06504201889038086,1315.0,1.0599626302719116,0.06635329127311707,2851.5,1.0118205547332764
353,1766547253.8140445,1129600,-0.08694158494472504,1500.5,1.0010018348693848,0.12238096445798874,829.5,0.9921299815177917,-0.06504201889038086,1315.0,1.0599626302719116,0.06635329127311707,2851.5,1.0118205547332764
354,1766547255.1583111,1132800,-0.08694158494472504,1500.5,1.0010018348693848,0.1367681473493576,1463.0,0.993668794631958,-0.06504201889038086,1315.0,1.0599626302719116,0.06635329127311707,2851.5,1.0118205547332764
355,1766547257.0605545,1136000,-0.08694158494472504,1500.5,1.0010018348693848,0.1367681473493576,1463.0,0.993668794631958,-0.07591361552476883,1462.5,1.013337254524231,0.06635329127311707,2851.5,1.0118205547332764
356,1766547259.2902923,1139200,-0.08694158494472504,1500.5,1.0010018348693848,0.1367681473493576,1463.0,0.993668794631958,-0.07591361552476883,1462.5,1.013337254524231,0.07661314308643341,1479.0,1.0043598413467407
357,1766547262.6324599,1142400,-0.09625851362943649,1902.0,1.0019187927246094,0.1367681473493576,1463.0,0.993668794631958,-0.07591361552476883,1462.5,1.013337254524231,0.07661314308643341,1479.0,1.0043598413467407
358,1766547265.7654803,1145600,-0.09625851362943649,1902.0,1.0019187927246094,0.1367681473493576,1463.0,0.993668794631958,-0.08653529733419418,1145.5,1.0100497007369995,0.07661314308643341,1479.0,1.0043598413467407
359,1766547267.706694,1148800,-0.09625851362943649,1902.0,1.0019187927246094,0.1367681473493576,1463.0,0.993668794631958,-0.08653529733419418,1145.5,1.0100497007369995,0.08664996176958084,1378.5,1.002500295639038
360,1766547270.4243987,1152000,-0.10538721829652786,1893.0,1.0004950761795044,0.1367681473493576,1463.0,0.993668794631958,-0.08653529733419418,1145.5,1.0100497007369995,0.08664996176958084,1378.5,1.002500295639038
361,1766547272.2898583,1155200,-0.10538721829652786,1893.0,1.0004950761795044,0.15069124102592468,973.0,0.9965448379516602,-0.08653529733419418,1145.5,1.0100497007369995,0.08664996176958084,1378.5,1.002500295639038
362,1766547274.0203967,1158400,-0.11433332413434982,1236.0,1.0076762437820435,0.15069124102592468,973.0,0.9965448379516602,-0.08653529733419418,1145.5,1.0100497007369995,0.08664996176958084,1378.5,1.002500295639038
363,1766547275.5470715,1161600,-0.11433332413434982,1236.0,1.0076762437820435,0.15069124102592468,973.0,0.9965448379516602,-0.0969155803322792,622.5,0.9830069541931152,0.08664996176958084,1378.5,1.002500295639038
364,1766547277.6620827,1164800,-0.12433334439992905,1621.0,1.0070140361785889,0.15069124102592468,973.0,0.9965448379516602,-0.0969155803322792,622.5,0.9830069541931152,0.08664996176958084,1378.5,1.002500295639038
365,1766547278.5124142,1168000,-0.12433334439992905,1621.0,1.0070140361785889,0.14829933643341064,1054.5,0.9890033602714539,-0.0969155803322792,622.5,0.9830069541931152,0.08664996176958084,1378.5,1.002500295639038
366,1766547279.2824278,1171200,-0.12433334439992905,1621.0,1.0070140361785889,0.14829933643341064,1054.5,0.9890033602714539,-0.0969155803322792,622.5,0.9830069541931152,0.0964709222316742,1097.5,1.0007375478744507
367,1766547283.3683252,1174400,-0.12433334439992905,1621.0,1.0070140361785889,0.16160714626312256,1028.0,0.9864916801452637,-0.0969155803322792,622.5,0.9830069541931152,0.0964709222316742,1097.5,1.0007375478744507
368,1766547284.1094365,1177600,-0.12433334439992905,1621.0,1.0070140361785889,0.16160714626312256,1028.0,0.9864916801452637,-0.09957195818424225,1185.666748046875,1.0492483377456665,0.0964709222316742,1097.5,1.0007375478744507
369,1766547284.8405204,1180800,-0.12433334439992905,1621.0,1.0070140361785889,0.16160714626312256,1028.0,0.9864916801452637,-0.09957195818424225,1185.666748046875,1.0492483377456665,0.09544463455677032,1766.5,1.0089030265808105
370,1766547287.6273499,1184000,-0.12433334439992905,1621.0,1.0070140361785889,0.16160714626312256,1028.0,0.9864916801452637,-0.09957195818424225,1185.666748046875,1.0492483377456665,0.10496627539396286,1153.0,1.007820725440979
371,1766547288.4837518,1187200,-0.13433332741260529,1925.0,1.000409722328186,0.16160714626312256,1028.0,0.9864916801452637,-0.09957195818424225,1185.666748046875,1.0492483377456665,0.10496627539396286,1153.0,1.007820725440979
372,1766547294.3225605,1190400,-0.13433332741260529,1925.0,1.000409722328186,0.16160714626312256,1028.0,0.9864916801452637,-0.09846560657024384,1841.0,0.9857102632522583,0.10496627539396286,1153.0,1.007820725440979
373,1766547304.80271,1193600,-0.1276666671037674,1998.0,1.0002342462539673,0.16160714626312256,1028.0,0.9864916801452637,-0.09846560657024384,1841.0,0.9857102632522583,0.10496627539396286,1153.0,1.007820725440979
374,1766547307.1136744,1196800,-0.1276666671037674,1998.0,1.0002342462539673,0.1668131947517395,1059.5,0.9986907839775085,-0.09846560657024384,1841.0,0.9857102632522583,0.10496627539396286,1153.0,1.007820725440979
375,1766547309.076128,1200000,-0.1276666671037674,1934.0,0.9941129088401794,0.1668131947517395,1059.5,0.9986907839775085,-0.09846560657024384,1841.0,0.9857102632522583,0.10496627539396286,1153.0,1.007820725440979
376,1766547310.4791384,1203200,-0.1276666671037674,1934.0,0.9941129088401794,0.1668131947517395,1059.5,0.9986907839775085,-0.09846560657024384,1841.0,0.9857102632522583,0.1073450967669487,1514.666748046875,0.9977131485939026
377,1766547313.0540023,1206400,-0.1276666671037674,2138.0,0.9929084777832031,0.1668131947517395,1059.5,0.9986907839775085,-0.09846560657024384,1841.0,0.9857102632522583,0.1073450967669487,1514.666748046875,0.9977131485939026
378,1766547314.0806332,1209600,-0.1276666671037674,2138.0,0.9929084777832031,0.1668131947517395,1059.5,0.9986907839775085,-0.10837257653474808,1164.0,0.9841687679290771,0.1073450967669487,1514.666748046875,0.9977131485939026
379,1766547316.829078,1212800,-0.11766666173934937,1444.5,0.9925652742385864,0.1668131947517395,1059.5,0.9986907839775085,-0.10837257653474808,1164.0,0.9841687679290771,0.1073450967669487,1514.666748046875,0.9977131485939026
380,1766547317.0136251,1216000,-0.11766666173934937,1444.5,0.9925652742385864,0.1668131947517395,1059.5,0.9986907839775085,-0.11806418001651764,1129.0,0.9276838302612305,0.1073450967669487,1514.666748046875,0.9977131485939026
381,1766547317.917761,1219200,-0.11766666173934937,1444.5,0.9925652742385864,0.1733766347169876,1250.0,1.0135036706924438,-0.11806418001651764,1129.0,0.9276838302612305,0.1073450967669487,1514.666748046875,0.9977131485939026
382,1766547318.3227615,1222400,-0.11766666173934937,1444.5,0.9925652742385864,0.1733766347169876,1250.0,1.0135036706924438,-0.11806418001651764,1129.0,0.9276838302612305,0.11654771864414215,1860.0,0.9973372220993042
383,1766547321.1088758,1225600,-0.11766666173934937,1444.5,0.9925652742385864,0.1733766347169876,1250.0,1.0135036706924438,-0.11679466813802719,1131.0,0.9168607592582703,0.11654771864414215,1860.0,0.9973372220993042
384,1766547321.2099662,1228800,-0.11766666173934937,1444.5,0.9925652742385864,0.1733766347169876,1250.0,1.0135036706924438,-0.11679466813802719,1131.0,0.9168607592582703,0.11535845696926117,1621.0,0.9920530319213867
385,1766547334.0127852,1232000,-0.11766666173934937,1444.5,0.9925652742385864,0.1733766347169876,1250.0,1.0135036706924438,-0.11679466813802719,1131.0,0.9168607592582703,0.11419322341680527,877.5,0.9911363124847412
386,1766547341.1531022,1235200,-0.0976666733622551,1287.5,0.995365560054779,0.1733766347169876,1250.0,1.0135036706924438,-0.11679466813802719,1131.0,0.9168607592582703,0.11419322341680527,877.5,0.9911363124847412
387,1766547344.4214342,1238400,-0.08833333104848862,1797.666748046875,1.0008217096328735,0.1733766347169876,1250.0,1.0135036706924438,-0.11679466813802719,1131.0,0.9168607592582703,0.11419322341680527,877.5,0.9911363124847412
388,1766547345.9822464,1241600,-0.08833333104848862,1797.666748046875,1.0008217096328735,0.15586353838443756,745.0,1.0041084289550781,-0.11679466813802719,1131.0,0.9168607592582703,0.11419322341680527,877.5,0.9911363124847412
389,1766547347.7704313,1244800,-0.08833333104848862,1797.666748046875,1.0008217096328735,0.15586353838443756,745.0,1.0041084289550781,-0.10916919261217117,1205.0,0.9552778601646423,0.11419322341680527,877.5,0.9911363124847412
390,1766547350.1059482,1248000,-0.08833333104848862,1797.666748046875,1.0008217096328735,0.15586353838443756,745.0,1.0041084289550781,-0.10916919261217117,1205.0,0.9552778601646423,0.10305128991603851,1317.0,0.999711275100708
391,1766547350.3517942,1251200,-0.08833333104848862,1797.666748046875,1.0008217096328735,0.15586353838443756,745.0,1.0041084289550781,-0.10916919261217117,1205.0,0.9609429836273193,0.10305128991603851,1317.0,0.999711275100708
392,1766547352.6891575,1254400,-0.08833333104848862,1797.666748046875,1.0008217096328735,0.15586353838443756,745.0,1.0041084289550781,-0.10916919261217117,1205.0,0.9609429836273193,0.11305128037929535,1428.0,0.9966270327568054
393,1766547352.915846,1257600,-0.07833334058523178,1947.0,0.9949737191200256,0.15586353838443756,745.0,1.0041084289550781,-0.10916919261217117,1205.0,0.9609429836273193,0.11305128037929535,1428.0,0.9966270327568054
394,1766547356.38385,1260800,-0.07833334058523178,1947.0,0.9949737191200256,0.14621849358081818,908.5,1.0077842473983765,-0.10916919261217117,1205.0,0.9609429836273193,0.11305128037929535,1428.0,0.9966270327568054
395,1766547358.5425217,1264000,-0.07833334058523178,1947.0,0.9949737191200256,0.14621849358081818,908.5,1.0077842473983765,-0.0974937379360199,1710.5,0.8295449614524841,0.11305128037929535,1428.0,0.9966270327568054
396,1766547361.0442035,1267200,-0.07833334058523178,1947.0,0.9949737191200256,0.14621849358081818,908.5,1.0077842473983765,-0.0974937379360199,1710.5,0.8295449614524841,0.11305128782987595,1539.5,0.9888186454772949
397,1766547365.7254777,1270400,-0.0650000050663948,1944.0,0.9933791756629944,0.14621849358081818,908.5,1.0077842473983765,-0.0974937379360199,1710.5,0.8295449614524841,0.11305128782987595,1539.5,0.9888186454772949
398,1766547372.570574,1273600,-0.06499999761581421,1382.0,1.0010864734649658,0.14621849358081818,908.5,1.0077842473983765,-0.0974937379360199,1710.5,0.8295449614524841,0.11305128782987595,1539.5,0.9888186454772949
399,1766547376.1838372,1276800,-0.06499999761581421,1382.0,1.0010864734649658,0.14621849358081818,908.5,1.0077842473983765,-0.0930059552192688,1237.0,0.9811709523200989,0.11305128782987595,1539.5,0.9888186454772949
400,1766547377.0885592,1280000,-0.06499999761581421,1382.0,1.0010864734649658,0.14621849358081818,908.5,1.0077842473983765,-0.0930059552192688,1237.0,0.9811709523200989,0.11305128037929535,1451.3333740234375,1.0045439004898071
401,1766547390.3425307,1283200,-0.04500000923871994,1682.5,0.9973608255386353,0.14621849358081818,908.5,1.0077842473983765,-0.0930059552192688,1237.0,0.9811709523200989,0.11305128037929535,1451.3333740234375,1.0045439004898071
402,1766547392.0524836,1286400,-0.03500000014901161,1623.5,0.9917551875114441,0.14621849358081818,908.5,1.0077842473983765,-0.0930059552192688,1237.0,0.9811709523200989,0.11305128037929535,1451.3333740234375,1.0045439004898071
403,1766547392.5029268,1289600,-0.03500000014901161,1623.5,0.9917551875114441,0.13685300946235657,719.0,0.9958402514457703,-0.0930059552192688,1237.0,0.9811709523200989,0.11305128037929535,1451.3333740234375,1.0045439004898071
404,1766547394.2517226,1292800,-0.03500000014901161,1623.5,0.9910904765129089,0.13685300946235657,719.0,0.9958402514457703,-0.0930059552192688,1237.0,0.9811709523200989,0.11305128037929535,1451.3333740234375,1.0045439004898071
405,1766547396.7425704,1296000,-0.03500000014901161,1623.5,0.9910904765129089,0.13013605773448944,726.6666870117188,1.0114473104476929,-0.0930059552192688,1237.0,0.9811709523200989,0.11305128037929535,1451.3333740234375,1.0045439004898071
406,1766547397.6374338,1299200,-0.03500000014901161,1623.5,0.9910904765129089,0.13013605773448944,726.6666870117188,1.0114473104476929,-0.08689248561859131,1423.0,0.8473325371742249,0.11305128037929535,1451.3333740234375,1.0045439004898071
407,1766547399.669315,1302400,-0.03500000014901161,1623.5,0.9910904765129089,0.13013605773448944,726.6666870117188,1.0114473104476929,-0.08689248561859131,1423.0,0.6574758887290955,0.11305128037929535,1451.3333740234375,1.0045439004898071
408,1766547402.0396676,1305600,-0.03500000014901161,1623.5,0.9910904765129089,0.13013605773448944,726.6666870117188,1.0114473104476929,-0.08689248561859131,1423.0,0.6574758887290955,0.10266666114330292,1417.0,0.993373453617096
409,1766547404.1640275,1308800,-0.03500000014901161,1623.5,0.9910904765129089,0.13013605773448944,726.6666870117188,1.0114473104476929,-0.08689248561859131,1423.0,0.6574758887290955,0.10266666114330292,1417.0,0.9861721396446228
410,1766547406.5337338,1312000,-0.03500000014901161,1623.5,0.9910904765129089,0.13013605773448944,726.6666870117188,1.0114473104476929,-0.07580174505710602,1558.0,0.47980859875679016,0.10266666114330292,1417.0,0.9861721396446228
411,1766547407.334956,1315200,-0.03500000014901161,1623.5,0.9910904765129089,0.13013605773448944,726.6666870117188,1.0114473104476929,-0.07580174505710602,1558.0,0.47980859875679016,0.08266666531562805,1328.0,0.9842450022697449
412,1766547412.3313596,1318400,-0.030000004917383194,1874.0,0.9913384914398193,0.13013605773448944,726.6666870117188,1.0114473104476929,-0.07580174505710602,1558.0,0.47980859875679016,0.08266666531562805,1328.0,0.9842450022697449
413,1766547414.2817671,1321600,-0.04999999701976776,1278.0,1.0025591850280762,0.13013605773448944,726.6666870117188,1.0114473104476929,-0.07580174505710602,1558.0,0.47980859875679016,0.08266666531562805,1328.0,0.9842450022697449
414,1766547415.545236,1324800,-0.04999999701976776,1278.0,1.0025591850280762,0.13299798965454102,977.3333740234375,1.00420081615448,-0.07580174505710602,1558.0,0.47980859875679016,0.08266666531562805,1328.0,0.9842450022697449
415,1766547420.5780873,1328000,-0.04999999701976776,1278.0,1.0025591850280762,0.13299798965454102,977.3333740234375,1.00420081615448,-0.07580174505710602,1558.0,0.47980859875679016,0.08266666531562805,1421.5,0.9963463544845581
416,1766547421.4867587,1331200,-0.04999999701976776,1278.0,1.0025591850280762,0.13299798965454102,977.3333740234375,1.00420081615448,-0.07840307056903839,1073.666748046875,0.9305002093315125,0.08266666531562805,1421.5,0.9963463544845581
417,1766547435.3442109,1334400,-0.03999999538064003,1447.0,1.0061081647872925,0.13299798965454102,977.3333740234375,1.00420081615448,-0.07840307056903839,1073.666748046875,0.9305002093315125,0.08266666531562805,1421.5,0.9963463544845581
418,1766547438.384257,1337600,-0.019999999552965164,3247.0,0.9988632202148438,0.13299798965454102,977.3333740234375,1.00420081615448,-0.07840307056903839,1073.666748046875,0.9305002093315125,0.08266666531562805,1421.5,0.9963463544845581
419,1766547438.826999,1340800,-0.019999999552965164,3247.0,0.9988632202148438,0.11726191639900208,965.0,0.9917693734169006,-0.07840307056903839,1073.666748046875,0.9305002093315125,0.08266666531562805,1421.5,0.9963463544845581
420,1766547441.3557608,1344000,-0.019999999552965164,3247.0,0.9988632202148438,0.11726191639900208,965.0,0.9917693734169006,-0.06761904805898666,1909.5,1.3980560302734375,0.08266666531562805,1421.5,0.9963463544845581
421,1766547443.2719364,1347200,-0.019999999552965164,3247.0,0.9988632202148438,0.11726191639900208,965.0,0.9917693734169006,-0.06761904805898666,1909.5,1.3980560302734375,0.06266666203737259,1586.3333740234375,1.0151562690734863
422,1766547446.4701314,1350400,-0.01666666381061077,1931.0,1.0040234327316284,0.11726191639900208,965.0,0.9917693734169006,-0.06761904805898666,1909.5,1.3980560302734375,0.06266666203737259,1586.3333740234375,1.0151562690734863
423,1766547448.7148733,1353600,-0.01666666381061077,1931.0,1.0040234327316284,0.11726191639900208,965.0,0.9917693734169006,-0.06761904805898666,1909.5,1.3980560302734375,0.042666662484407425,1841.0,1.0007141828536987
424,1766547448.9617355,1356800,-0.01666666381061077,1931.0,1.0040234327316284,0.11108937859535217,1195.0,0.9994619488716125,-0.06761904805898666,1909.5,1.3980560302734375,0.042666662484407425,1841.0,1.0007141828536987
425,1766547449.7236798,1360000,-0.01666666381061077,1931.0,1.0040234327316284,0.11108937859535217,1195.0,0.9994619488716125,-0.0776190534234047,1599.5,1.0312339067459106,0.042666662484407425,1841.0,1.0007141828536987
426,1766547451.0327008,1363200,-0.01666666381061077,2513.0,1.004664421081543,0.11108937859535217,1195.0,0.9994619488716125,-0.0776190534234047,1599.5,1.0312339067459106,0.042666662484407425,1841.0,1.0007141828536987
427,1766547455.5228338,1366400,-0.01666666381061077,2513.0,1.004664421081543,0.11108937859535217,1195.0,0.9994619488716125,-0.07928571105003357,1689.666748046875,1.0440343618392944,0.042666662484407425,1841.0,1.0007141828536987
428,1766547456.2270474,1369600,-0.01666666381061077,2513.0,1.004664421081543,0.11108937859535217,1195.0,0.9994619488716125,-0.07928571105003357,1689.666748046875,1.0440343618392944,0.029333332553505898,1535.666748046875,1.0043174028396606
429,1766547458.2044177,1372800,-0.01666666381061077,2513.0,1.004664421081543,0.11409267783164978,982.0,0.9896377921104431,-0.07928571105003357,1689.666748046875,1.0440343618392944,0.029333332553505898,1535.666748046875,1.0043174028396606
430,1766547463.3097825,1376000,-0.0266666691750288,1968.5,1.0062004327774048,0.11409267783164978,982.0,0.9896377921104431,-0.07928571105003357,1689.666748046875,1.0440343618392944,0.029333332553505898,1535.666748046875,1.0043174028396606
431,1766547470.58051,1379200,-0.0266666691750288,1968.5,1.0062004327774048,0.11409267783164978,982.0,0.9896377921104431,-0.07500001043081284,1536.0,0.9523449540138245,0.029333332553505898,1535.666748046875,1.0043174028396606
432,1766547471.3175364,1382400,-0.0266666691750288,1968.5,1.0062004327774048,0.11409267783164978,982.0,0.9896377921104431,-0.07500001043081284,1536.0,0.9523449540138245,0.02266666851937771,1887.666748046875,1.0114963054656982
433,1766547478.2372334,1385600,-0.04666666314005852,1472.0,0.9972823262214661,0.11409267783164978,982.0,0.9896377921104431,-0.07500001043081284,1536.0,0.9523449540138245,0.02266666851937771,1887.666748046875,1.0114963054656982
434,1766547481.7839475,1388800,-0.05666665732860565,1281.5,1.0019525289535522,0.11409267783164978,982.0,0.9896377921104431,-0.07500001043081284,1536.0,0.9523449540138245,0.02266666851937771,1887.666748046875,1.0114963054656982
435,1766547482.6982205,1392000,-0.05666665732860565,1281.5,1.0019525289535522,0.11257144063711166,809.0,1.0020614862442017,-0.07500001043081284,1536.0,0.9523449540138245,0.02266666851937771,1887.666748046875,1.0114963054656982
436,1766547484.6822999,1395200,-0.05666665732860565,1281.5,1.0019525289535522,0.11257144063711166,809.0,1.0020614862442017,-0.07500001043081284,1536.0,0.9523449540138245,0.02933333069086075,870.5,0.9973957538604736
437,1766547485.7982483,1398400,-0.05666665732860565,1281.5,1.0019525289535522,0.11257144063711166,809.0,1.0020614862442017,-0.06833332777023315,1045.0,1.131397008895874,0.02933333069086075,870.5,0.9973957538604736
438,1766547493.3070638,1401600,-0.07666666805744171,1686.5,1.002160906791687,0.11257144063711166,809.0,1.0020614862442017,-0.06833332777023315,1045.0,1.131397008895874,0.02933333069086075,870.5,0.9973957538604736
439,1766547496.2190416,1404800,-0.09666665643453598,2098.0,0.9961411356925964,0.11257144063711166,809.0,1.0020614862442017,-0.06833332777023315,1045.0,1.131397008895874,0.02933333069086075,870.5,0.9973957538604736
440,1766547496.3668137,1408000,-0.09666665643453598,2098.0,0.9961411356925964,0.12424813210964203,1013.0,0.9966943264007568,-0.06833332777023315,1045.0,1.131397008895874,0.02933333069086075,870.5,0.9973957538604736
441,1766547499.7071056,1411200,-0.09666665643453598,2098.0,0.9961411356925964,0.12424813210964203,1013.0,0.9966943264007568,-0.06833334267139435,1254.0,0.9788846969604492,0.02933333069086075,870.5,0.9973957538604736
442,1766547501.2254658,1414400,-0.09666665643453598,2098.0,0.9961411356925964,0.12424813210964203,1013.0,0.9966943264007568,-0.06833334267139435,1254.0,0.9788846969604492,0.03266666829586029,1413.666748046875,0.9988496899604797
443,1766547503.2919667,1417600,-0.09666665643453598,2098.0,0.9961411356925964,0.12424813210964203,1013.0,0.9966943264007568,-0.06833334267139435,1254.0,0.9788846969604492,0.029333332553505898,1892.0,1.0027097463607788
444,1766547516.1683822,1420800,-0.09333334118127823,2086.5,0.9974249005317688,0.12424813210964203,1013.0,0.9966943264007568,-0.06833334267139435,1254.0,0.9788846969604492,0.029333332553505898,1892.0,1.0027097463607788
445,1766547518.760612,1424000,-0.09333334118127823,2086.5,0.9974249005317688,0.12424813210964203,1013.0,0.9966943264007568,-0.05833332985639572,1476.5,0.8868394494056702,0.029333332553505898,1892.0,1.0027097463607788
446,1766547521.105888,1427200,-0.09333334118127823,2086.5,0.9974249005317688,0.12912802398204803,1271.5,1.0019408464431763,-0.05833332985639572,1476.5,0.8868394494056702,0.029333332553505898,1892.0,1.0027097463607788
447,1766547522.4891653,1430400,-0.09333334118127823,2086.5,0.9974249005317688,0.12912802398204803,1271.5,1.0019408464431763,-0.05833332985639572,1476.5,0.8868394494056702,0.03933333232998848,1304.0,0.9902158379554749
448,1766547522.499309,1433600,-0.09999999403953552,1784.0,0.9927701950073242,0.12912802398204803,1271.5,1.0019408464431763,-0.05833332985639572,1476.5,0.8868394494056702,0.03933333232998848,1304.0,0.9902158379554749
449,1766547525.1203659,1436800,-0.09999999403953552,1784.0,0.9927701950073242,0.12912802398204803,1271.5,1.0019408464431763,-0.04833333566784859,1521.0,0.798254668712616,0.03933333232998848,1304.0,0.9902158379554749
450,1766547526.4511354,1440000,-0.10999999940395355,1200.5,1.003480076789856,0.12912802398204803,1271.5,1.0019408464431763,-0.04833333566784859,1521.0,0.798254668712616,0.03933333232998848,1304.0,0.9902158379554749
451,1766547528.886234,1443200,-0.10999999940395355,1200.5,1.0028626918792725,0.12912802398204803,1271.5,1.0019408464431763,-0.04833333566784859,1521.0,0.798254668712616,0.03933333232998848,1304.0,0.9902158379554749
452,1766547529.0441165,1446400,-0.10999999940395355,1200.5,1.0028626918792725,0.12912802398204803,1271.5,1.0019408464431763,-0.04833333566784859,1521.0,0.798254668712616,0.03599999472498894,1496.5,0.9853166937828064
453,1766547530.14423,1449600,-0.10999999940395355,1200.5,1.0028626918792725,0.1210622787475586,812.75,1.0002087354660034,-0.04833333566784859,1521.0,0.798254668712616,0.03599999472498894,1496.5,0.9853166937828064
454,1766547531.9943128,1452800,-0.10999999940395355,1200.5,1.0028626918792725,0.1210622787475586,812.75,1.0002087354660034,-0.03833333030343056,810.0,0.8404248356819153,0.03599999472498894,1496.5,0.9853166937828064
455,1766547535.4708488,1456000,-0.10999999940395355,1200.5,1.0028626918792725,0.1210622787475586,812.75,1.0002087354660034,-0.03833333030343056,810.0,0.8404248356819153,0.02266666293144226,938.3333740234375,0.9978445172309875
456,1766547537.9748347,1459200,-0.10999999940395355,1200.5,1.0028626918792725,0.1210622787475586,812.75,1.0002087354660034,-0.02833334356546402,1413.0,1.1552058458328247,0.02266666293144226,938.3333740234375,0.9978445172309875
457,1766547539.9953854,1462400,-0.10999999940395355,1200.5,1.0028626918792725,0.1210622787475586,812.75,1.0002087354660034,-0.02833334356546402,1413.0,1.1552058458328247,0.02266666293144226,1971.0,1.0058685541152954
458,1766547542.3235862,1465600,-0.11999999731779099,2359.5,0.9969087243080139,0.1210622787475586,812.75,1.0002087354660034,-0.02833334356546402,1413.0,1.1552058458328247,0.02266666293144226,1971.0,1.0058685541152954
459,1766547544.3449583,1468800,-0.11999999731779099,2359.5,0.9969087243080139,0.1195298507809639,1186.5,0.993293821811676,-0.02833334356546402,1413.0,1.1552058458328247,0.02266666293144226,1971.0,1.0058685541152954
460,1766547561.1652744,1472000,-0.1066666767001152,1425.5,1.0080997943878174,0.1195298507809639,1186.5,0.993293821811676,-0.02833334356546402,1413.0,1.1552058458328247,0.02266666293144226,1971.0,1.0058685541152954
461,1766547562.0819392,1475200,-0.1066666767001152,1425.5,1.0080997943878174,0.1195298507809639,1186.5,0.993293821811676,-0.008333330042660236,1773.0,1.0211029052734375,0.02266666293144226,1971.0,1.0058685541152954
462,1766547564.004569,1478400,-0.1066666767001152,1425.5,1.0080997943878174,0.1195298507809639,1186.5,0.993293821811676,-0.008333330042660236,1773.0,1.0211029052734375,0.01266666129231453,1856.5,1.0147387981414795
463,1766547565.1798964,1481600,-0.08666665107011795,2013.0,0.9912197589874268,0.1195298507809639,1186.5,0.993293821811676,-0.008333330042660236,1773.0,1.0211029052734375,0.01266666129231453,1856.5,1.0147387981414795
464,1766547566.7476838,1484800,-0.08666665107011795,2013.0,0.9912197589874268,0.10553572326898575,683.6666870117188,0.9980028867721558,-0.008333330042660236,1773.0,1.0211029052734375,0.01266666129231453,1856.5,1.0147387981414795
465,1766547569.141117,1488000,-0.08666666597127914,2192.666748046875,1.0052851438522339,0.10553572326898575,683.6666870117188,0.9980028867721558,-0.008333330042660236,1773.0,1.0211029052734375,0.01266666129231453,1856.5,1.0147387981414795
466,1766547570.0933828,1491200,-0.08666666597127914,2192.666748046875,1.0052851438522339,0.10553572326898575,683.6666870117188,0.9980028867721558,0.011666664853692055,1467.5,0.6932896375656128,0.01266666129231453,1856.5,1.0147387981414795
467,1766547572.4325936,1494400,-0.08666666597127914,2192.666748046875,1.0089595317840576,0.10553572326898575,683.6666870117188,0.9980028867721558,0.011666664853692055,1467.5,0.6932896375656128,0.01266666129231453,1856.5,1.0147387981414795
468,1766547572.9618897,1497600,-0.08666666597127914,2192.666748046875,1.0089595317840576,0.10553572326898575,683.6666870117188,0.9980028867721558,0.011666664853692055,1467.5,0.6932896375656128,-0.0006666707922704518,1334.5,0.9910504221916199
469,1766547573.8541224,1500800,-0.08666666597127914,2192.666748046875,1.0089595317840576,0.10834803432226181,1279.0,0.9902483224868774,0.011666664853692055,1467.5,0.6932896375656128,-0.0006666707922704518,1334.5,0.9910504221916199
470,1766547575.9997182,1504000,-0.08666666597127914,2192.666748046875,1.0089595317840576,0.10834803432226181,1279.0,0.9902483224868774,-0.0016666674055159092,1645.666748046875,1.3211278915405273,-0.0006666707922704518,1334.5,0.9910504221916199
471,1766547577.3737416,1507200,-0.08666666597127914,2192.666748046875,1.0089595317840576,0.10834803432226181,1279.0,0.9902483224868774,-0.0016666674055159092,1645.666748046875,1.3211278915405273,0.0026666640769690275,1718.3333740234375,1.010697841644287
472,1766547581.569674,1510400,-0.08666666597127914,2192.666748046875,1.0089595317840576,0.10834803432226181,1279.0,0.9902483224868774,-0.0016666674055159092,1645.666748046875,1.3211278915405273,0.02266666293144226,2064.0,1.0144928693771362
473,1766547591.8761468,1513600,-0.07666666060686111,1934.75,1.0076647996902466,0.10834803432226181,1279.0,0.9902483224868774,-0.0016666674055159092,1645.666748046875,1.3211278915405273,0.02266666293144226,2064.0,1.0144928693771362
474,1766547595.1643872,1516800,-0.07666666060686111,1934.75,1.0076647996902466,0.10834803432226181,1279.0,0.9902483224868774,0.004999995231628418,1278.0,1.0963821411132812,0.02266666293144226,2064.0,1.0144928693771362
475,1766547595.5429544,1520000,-0.07666666060686111,1934.75,0.996383011341095,0.10834803432226181,1279.0,0.9902483224868774,0.004999995231628418,1278.0,1.0963821411132812,0.02266666293144226,2064.0,1.0144928693771362
476,1766547596.5460236,1523200,-0.07666666060686111,1934.75,0.996383011341095,0.10702671110630035,1086.25,0.9860715866088867,0.004999995231628418,1278.0,1.0963821411132812,0.02266666293144226,2064.0,1.0144928693771362
477,1766547601.336976,1526400,-0.07666666060686111,1934.75,0.996383011341095,0.10702671110630035,1086.25,0.9860715866088867,0.004999995231628418,1278.0,1.0963821411132812,0.019333330914378166,1371.3333740234375,1.004433512687683
478,1766547604.3484113,1529600,-0.07666667550802231,1915.3333740234375,0.9927392601966858,0.10702671110630035,1086.25,0.9860715866088867,0.004999995231628418,1278.0,1.0963821411132812,0.019333330914378166,1371.3333740234375,1.004433512687683
479,1766547605.678104,1532800,-0.07666667550802231,1915.3333740234375,0.9927392601966858,0.10702671110630035,1086.25,0.9860715866088867,0.00833333469927311,1533.0,0.8979377746582031,0.019333330914378166,1371.3333740234375,1.004433512687683
480,1766547609.7802322,1536000,-0.06666667014360428,1369.0,1.003840684890747,0.10702671110630035,1086.25,0.9860715866088867,0.00833333469927311,1533.0,0.8979377746582031,0.019333330914378166,1371.3333740234375,1.004433512687683
481,1766547610.3832777,1539200,-0.06666667014360428,1369.0,1.003840684890747,0.10702671110630035,1086.25,0.9860715866088867,0.00833333469927311,1533.0,0.8979377746582031,0.01933332346379757,1500.0,0.9889782667160034
482,1766547611.2458572,1542400,-0.06666667014360428,1369.0,1.003840684890747,0.10702671110630035,1086.25,0.9860715866088867,-0.011666667647659779,1303.0,0.8559848070144653,0.01933332346379757,1500.0,0.9889782667160034
483,1766547611.3593252,1545600,-0.06666667014360428,1369.0,1.003840684890747,0.11778542399406433,1021.75,1.000527262687683,-0.011666667647659779,1303.0,0.8559848070144653,0.01933332346379757,1500.0,0.9889782667160034
484,1766547615.2980719,1548800,-0.06666667014360428,1369.0,1.003840684890747,0.11778542399406433,1021.75,1.000527262687683,-0.011666667647659779,1303.0,0.8559848070144653,0.0293333288282156,1207.0,1.0049593448638916
485,1766547616.4487758,1552000,-0.07999999821186066,1649.0,0.9948331117630005,0.11778542399406433,1021.75,1.000527262687683,-0.011666667647659779,1303.0,0.8559848070144653,0.0293333288282156,1207.0,1.0049593448638916
486,1766547620.5786386,1555200,-0.07999999821186066,1649.0,0.9948331117630005,0.11778542399406433,1021.75,1.000527262687683,-0.017000000923871994,1098.666748046875,0.889323890209198,0.0293333288282156,1207.0,1.0049593448638916
487,1766547624.5643444,1558400,-0.07999999821186066,1649.0,0.9948331117630005,0.11778542399406433,1021.75,1.000527262687683,-0.017000000923871994,1098.666748046875,0.889323890209198,0.02266666293144226,1517.0,0.989892303943634
488,1766547628.4710026,1561600,-0.07999999821186066,1649.0,0.9948331117630005,0.12233560532331467,848.25,1.0118775367736816,-0.017000000923871994,1098.666748046875,0.889323890209198,0.02266666293144226,1517.0,0.989892303943634
489,1766547629.4527752,1564800,-0.07999999821186066,1649.0,0.9948331117630005,0.12233560532331467,848.25,1.0118775367736816,-0.01700000651180744,834.5,0.6838117241859436,0.02266666293144226,1517.0,0.989892303943634
490,1766547630.5851374,1568000,-0.07000000029802322,2057.0,0.9917973279953003,0.12233560532331467,848.25,1.0118775367736816,-0.01700000651180744,834.5,0.6838117241859436,0.02266666293144226,1517.0,0.989892303943634
491,1766547635.0336654,1571200,-0.056666672229766846,1464.5,1.0009528398513794,0.12233560532331467,848.25,1.0118775367736816,-0.01700000651180744,834.5,0.6838117241859436,0.02266666293144226,1517.0,0.989892303943634
492,1766547636.803085,1574400,-0.056666672229766846,1464.5,1.0009528398513794,0.12233560532331467,848.25,1.0118775367736816,-0.01700000651180744,834.5,0.6838117241859436,0.03266666457056999,1770.5,0.9953678846359253
493,1766547639.4425123,1577600,-0.056666672229766846,1464.5,1.0009528398513794,0.12233560532331467,848.25,1.0118775367736816,0.0029999995604157448,1726.666748046875,1.0705950260162354,0.03266666457056999,1770.5,0.9953678846359253
494,1766547642.1210365,1580800,-0.056666672229766846,1464.5,1.0009528398513794,0.12233560532331467,848.25,1.0118775367736816,0.0029999995604157448,1726.666748046875,1.0705950260162354,0.032666657119989395,1297.0,1.0012571811676025
495,1766547647.048559,1584000,-0.05666665732860565,1780.0,1.0022568702697754,0.12233560532331467,848.25,1.0118775367736816,0.0029999995604157448,1726.666748046875,1.0705950260162354,0.032666657119989395,1297.0,1.0012571811676025
496,1766547648.889059,1587200,-0.05666665732860565,1780.0,1.0022568702697754,0.11501400917768478,720.0,0.9958575367927551,0.0029999995604157448,1726.666748046875,1.0705950260162354,0.032666657119989395,1297.0,1.0012571811676025
497,1766547653.5930207,1590400,-0.05666665732860565,1780.0,1.0022568702697754,0.11501400917768478,720.0,0.9958575367927551,0.006333326920866966,1486.5,0.9182402491569519,0.032666657119989395,1297.0,1.0012571811676025
498,1766547656.3839011,1593600,-0.03666666895151138,1351.0,0.9910445213317871,0.11501400917768478,720.0,0.9958575367927551,0.006333326920866966,1486.5,0.9182402491569519,0.032666657119989395,1297.0,1.0012571811676025
499,1766547660.1873603,1596800,-0.016666660085320473,1683.3333740234375,1.0006670951843262,0.11501400917768478,720.0,0.9958575367927551,0.006333326920866966,1486.5,0.9182402491569519,0.032666657119989395,1297.0,1.0012571811676025
500,1766547662.5266032,1600000,-0.016666660085320473,1683.3333740234375,1.0006670951843262,0.11501400917768478,720.0,0.9958575367927551,0.021333331242203712,769.5,0.753200352191925,0.032666657119989395,1297.0,1.0012571811676025
501,1766547662.556051,1603200,-0.016666660085320473,1683.3333740234375,1.0006670951843262,0.11501400917768478,720.0,0.9958575367927551,0.021333331242203712,769.5,0.753200352191925,0.03933332860469818,1204.0,0.986527144908905
502,1766547663.9427567,1606400,-0.016666660085320473,1683.3333740234375,1.0006670951843262,0.10204873234033585,766.25,1.0066038370132446,0.021333331242203712,769.5,0.753200352191925,0.03933332860469818,1204.0,0.986527144908905
503,1766547664.289177,1609600,-0.016666660085320473,1810.0,1.000827670097351,0.10204873234033585,766.25,1.0066038370132446,0.021333331242203712,769.5,0.753200352191925,0.03933332860469818,1204.0,0.986527144908905
504,1766547668.2089534,1612800,-0.016666660085320473,1810.0,1.000827670097351,0.10204873234033585,766.25,1.0066038370132446,0.021333331242203712,769.5,0.753200352191925,0.03933332487940788,1324.0,0.9978240132331848
505,1766547668.732094,1616000,-0.016666660085320473,1810.0,1.000827670097351,0.10204873234033585,766.25,1.0066038370132446,0.021333331242203712,1814.5,0.9584595561027527,0.03933332487940788,1324.0,0.9978240132331848
506,1766547672.3015053,1619200,-0.03666665777564049,1984.0,0.9908878803253174,0.10204873234033585,766.25,1.0066038370132446,0.021333331242203712,1814.5,0.9584595561027527,0.03933332487940788,1324.0,0.9978240132331848
507,1766547672.5513291,1622400,-0.03666665777564049,1984.0,0.9908878803253174,0.10204873234033585,766.25,1.0066038370132446,0.021333331242203712,1814.5,0.9584595561027527,0.04933333769440651,1522.0,1.0040016174316406
508,1766547674.0845213,1625600,-0.03666665777564049,1984.0,0.9908878803253174,0.10470716655254364,894.0,1.0022239685058594,0.021333331242203712,1814.5,0.9584595561027527,0.04933333769440651,1522.0,1.0040016174316406
509,1766547675.495149,1628800,-0.03666665777564049,1984.0,0.9908878803253174,0.10470716655254364,894.0,1.0022239685058594,0.011333326809108257,1353.5,0.8175806403160095,0.04933333769440651,1522.0,1.0040016174316406
510,1766547691.971356,1632000,-0.036666665226221085,1569.5,0.9988261461257935,0.10470716655254364,894.0,1.0022239685058594,0.011333326809108257,1353.5,0.8175806403160095,0.04933333769440651,1522.0,1.0040016174316406
511,1766547693.3622277,1635200,-0.036666665226221085,1569.5,0.9988261461257935,0.10470716655254364,894.0,1.0022239685058594,0.011333326809108257,1353.5,0.8175806403160095,0.06266666203737259,1542.5,0.9870012998580933
512,1766547695.8234537,1638400,-0.016666674986481667,2024.0,0.9904091954231262,0.10470716655254364,894.0,1.0022239685058594,0.011333326809108257,1353.5,0.8175806403160095,0.06266666203737259,1542.5,0.9870012998580933
513,1766547697.3452797,1641600,-0.016666674986481667,2024.0,0.9904091954231262,0.09972944110631943,829.6666870117188,1.0071789026260376,0.011333326809108257,1353.5,0.8175806403160095,0.06266666203737259,1542.5,0.9870012998580933
514,1766547698.7414005,1644800,-0.016666674986481667,2024.0,0.9904091954231262,0.09972944110631943,829.6666870117188,1.0071789026260376,0.024666661396622658,1327.0,0.8497644066810608,0.06266666203737259,1542.5,0.9870012998580933
515,1766547702.0634477,1648000,-0.016666674986481667,2024.0,0.9904091954231262,0.09972944110631943,829.6666870117188,1.0071789026260376,0.024666661396622658,1327.0,0.8497644066810608,0.0559999980032444,1463.5,0.9934213161468506
516,1766547705.5727725,1651200,-0.006666671950370073,2008.0,0.9993847608566284,0.09972944110631943,829.6666870117188,1.0071789026260376,0.024666661396622658,1327.0,0.8497644066810608,0.0559999980032444,1463.5,0.9934213161468506
517,1766547707.6639144,1654400,-0.006666660308837891,1745.5,0.9900634288787842,0.09972944110631943,829.6666870117188,1.0071789026260376,0.024666661396622658,1327.0,0.8497644066810608,0.0559999980032444,1463.5,0.9934213161468506
518,1766547708.5976937,1657600,-0.006666660308837891,1745.5,0.9900634288787842,0.09972944110631943,829.6666870117188,1.0071789026260376,0.024666661396622658,1573.0,0.7441995143890381,0.0559999980032444,1463.5,0.9934213161468506
519,1766547710.804182,1660800,-0.006666660308837891,1745.5,0.9900634288787842,0.09299090504646301,954.25,1.0063046216964722,0.024666661396622658,1573.0,0.7441995143890381,0.0559999980032444,1463.5,0.9934213161468506
520,1766547711.162276,1664000,-0.006666660308837891,1745.5,0.9900634288787842,0.09299090504646301,954.25,1.0063046216964722,0.024666661396622658,1573.0,0.7441995143890381,0.06266666203737259,1712.666748046875,0.9946679472923279
521,1766547711.9653177,1667200,-0.006666660308837891,1745.5,0.9900634288787842,0.09299090504646301,954.25,1.0063046216964722,0.03466666117310524,1561.5,0.43466269969940186,0.06266666203737259,1712.666748046875,0.9946679472923279
522,1766547715.421712,1670400,-0.006666660308837891,1745.5,0.9900634288787842,0.09299090504646301,954.25,1.0063046216964722,0.03466666117310524,1561.5,0.43466269969940186,0.06266666203737259,1361.0,0.9799061417579651
523,1766547723.3229563,1673600,-0.020000005140900612,1731.3333740234375,0.9940659999847412,0.09299090504646301,954.25,1.0063046216964722,0.03466666117310524,1561.5,0.43466269969940186,0.06266666203737259,1361.0,0.9799061417579651
524,1766547726.6188798,1676800,-0.020000005140900612,1731.3333740234375,0.9940659999847412,0.09299090504646301,954.25,1.0063046216964722,0.021333331242203712,1279.0,0.41341155767440796,0.06266666203737259,1361.0,0.9799061417579651
525,1766547728.8635304,1680000,-0.020000005140900612,1731.3333740234375,0.9940659999847412,0.09299090504646301,954.25,1.0063046216964722,0.021333331242203712,1279.0,0.41341155767440796,0.06599999219179153,1408.0,0.9877714514732361
526,1766547730.6790807,1683200,-0.020000005140900612,2322.0,1.0036876201629639,0.09299090504646301,954.25,1.0063046216964722,0.021333331242203712,1279.0,0.41341155767440796,0.06599999219179153,1408.0,0.9877714514732361
527,1766547731.8710625,1686400,-0.020000005140900612,2322.0,1.0036876201629639,0.09195768088102341,998.0,0.9999796748161316,0.021333331242203712,1279.0,0.41341155767440796,0.06599999219179153,1408.0,0.9877714514732361
528,1766547733.3235426,1689600,-0.020000005140900612,2322.0,1.0036876201629639,0.09195768088102341,998.0,0.9999796748161316,0.021333329379558563,1794.0,1.3891175985336304,0.06599999219179153,1408.0,0.9877714514732361
529,1766547740.7022078,1692800,-0.02666667476296425,1982.3333740234375,1.0096611976623535,0.09195768088102341,998.0,0.9999796748161316,0.021333329379558563,1794.0,1.3891175985336304,0.06599999219179153,1408.0,0.9877714514732361
530,1766547742.9916508,1696000,-0.006666669622063637,970.0,1.0098084211349487,0.09195768088102341,998.0,0.9999796748161316,0.021333329379558563,1794.0,1.3891175985336304,0.06599999219179153,1408.0,0.9877714514732361
531,1766547744.9781194,1699200,-0.006666669622063637,970.0,1.0098084211349487,0.08545264601707458,835.5,0.9896856546401978,0.021333329379558563,1794.0,1.3891175985336304,0.06599999219179153,1408.0,0.9877714514732361
532,1766547745.293762,1702400,-0.006666669622063637,970.0,1.0098084211349487,0.08545264601707458,835.5,0.9896856546401978,0.021333329379558563,1794.0,1.3891175985336304,0.05666665732860565,1743.0,1.0240082740783691
533,1766547747.0685632,1705600,-0.006666664965450764,1809.5,1.0004009008407593,0.08545264601707458,835.5,0.9896856546401978,0.021333329379558563,1794.0,1.3891175985336304,0.05666665732860565,1743.0,1.0240082740783691
534,1766547749.6026483,1708800,-0.006666664965450764,1809.5,1.0004009008407593,0.08545264601707458,835.5,0.9896856546401978,0.017333336174488068,1565.0,1.1333297491073608,0.05666665732860565,1743.0,1.0240082740783691
535,1766547750.7704384,1712000,-0.006666664965450764,1809.5,1.0004009008407593,0.07365424931049347,589.0,0.9921677708625793,0.017333336174488068,1565.0,1.1333297491073608,0.05666665732860565,1743.0,1.0240082740783691
536,1766547753.4002569,1715200,-0.006666664965450764,1809.5,1.0004009008407593,0.07365424931049347,589.0,0.9921677708625793,0.017333336174488068,1565.0,1.1333297491073608,0.03666665777564049,1350.3333740234375,1.0108273029327393
537,1766547754.4781168,1718400,-0.006666664965450764,1809.5,1.0004009008407593,0.07365424931049347,589.0,0.9921677708625793,0.01733333058655262,1311.0,0.9364101886749268,0.03666665777564049,1350.3333740234375,1.0108273029327393
538,1766547755.9924066,1721600,-0.006666664965450764,1809.5,1.0004009008407593,0.07365424931049347,589.0,0.9921677708625793,0.01733333058655262,1311.0,0.9364101886749268,0.01666666753590107,1269.0,1.0071191787719727
539,1766547766.9605513,1724800,-0.016666674986481667,935.5,0.9981886744499207,0.07365424931049347,589.0,0.9921677708625793,0.01733333058655262,1311.0,0.9364101886749268,0.01666666753590107,1269.0,1.0071191787719727
540,1766547771.9840612,1728000,-0.016666674986481667,935.5,0.9981886744499207,0.07365424931049347,589.0,0.9921677708625793,0.01733333058655262,1311.0,0.9364101886749268,0.006666660308837891,521.5,0.9978974461555481
541,1766547774.4632673,1731200,-0.016666674986481667,935.5,0.9981886744499207,0.07644649595022202,707.6666870117188,1.0015817880630493,0.01733333058655262,1311.0,0.9364101886749268,0.006666660308837891,521.5,0.9978974461555481
542,1766547776.0573213,1734400,-0.016666674986481667,935.5,0.9981886744499207,0.07644649595022202,707.6666870117188,1.0015817880630493,0.003999991342425346,732.3333740234375,0.8941370844841003,0.006666660308837891,521.5,0.9978974461555481
543,1766547778.599256,1737600,-0.03666666895151138,1153.0,1.001295566558838,0.07644649595022202,707.6666870117188,1.0015817880630493,0.003999991342425346,732.3333740234375,0.8941370844841003,0.006666660308837891,521.5,0.9978974461555481
544,1766547781.8313518,1740800,-0.046666670590639114,1809.0,0.9976136684417725,0.07644649595022202,707.6666870117188,1.0015817880630493,0.003999991342425346,732.3333740234375,0.8941370844841003,0.006666660308837891,521.5,0.9978974461555481
545,1766547785.4339962,1744000,-0.04666667804121971,2900.0,0.9945628046989441,0.07644649595022202,707.6666870117188,1.0015817880630493,0.003999991342425346,732.3333740234375,0.8941370844841003,0.006666660308837891,521.5,0.9978974461555481
546,1766547787.4411383,1747200,-0.04666667804121971,2900.0,0.9945628046989441,0.07644649595022202,707.6666870117188,1.0015817880630493,0.003999991342425346,732.3333740234375,0.8941370844841003,0.009999999776482582,1197.0,1.0017765760421753
547,1766547788.4212556,1750400,-0.04666667804121971,2900.0,0.9945628046989441,0.08201621472835541,1230.0,1.0026426315307617,0.003999991342425346,732.3333740234375,0.8941370844841003,0.009999999776482582,1197.0,1.0017765760421753
548,1766547788.959623,1753600,-0.04666667804121971,2900.0,0.9945628046989441,0.08201621472835541,1230.0,1.0026426315307617,0.0006666576955467463,1274.0,0.8832223415374756,0.009999999776482582,1197.0,1.0017765760421753
549,1766547790.064738,1756800,-0.03999999910593033,1214.0,0.9962749481201172,0.08201621472835541,1230.0,1.0026426315307617,0.0006666576955467463,1274.0,0.8832223415374756,0.009999999776482582,1197.0,1.0017765760421753
550,1766547791.548193,1760000,-0.03999999910593033,1214.0,0.9962749481201172,0.08201621472835541,1230.0,1.0026426315307617,-0.019333332777023315,1628.5,0.7330078482627869,0.009999999776482582,1197.0,1.0017765760421753
551,1766547793.570638,1763200,-0.03999999910593033,1214.0,0.9962749481201172,0.08201621472835541,1230.0,1.0026426315307617,-0.019333332777023315,1628.5,0.7330078482627869,0.009999995119869709,2072.33349609375,0.9982441663742065
552,1766547795.576426,1766400,-0.03999999910593033,1214.0,0.9962749481201172,0.08201621472835541,1230.0,1.0026426315307617,-0.019333332777023315,1628.5,0.7330078482627869,-0.004999999888241291,843.0,0.9870451092720032
553,1766547801.8257513,1769600,-0.03999999910593033,1214.0,0.9962749481201172,0.08201621472835541,1230.0,1.0026426315307617,-0.019333330914378166,938.0,0.4960557520389557,-0.004999999888241291,843.0,0.9870451092720032
554,1766547808.8030145,1772800,-0.03999999910593033,1214.0,0.9962749481201172,0.07062657177448273,803.3333740234375,1.0076704025268555,-0.019333330914378166,938.0,0.4960557520389557,-0.004999999888241291,843.0,0.9870451092720032
555,1766547814.5543132,1776000,-0.0266666691750288,1632.0,0.9905351996421814,0.07062657177448273,803.3333740234375,1.0076704025268555,-0.019333330914378166,938.0,0.4960557520389557,-0.004999999888241291,843.0,0.9870451092720032
556,1766547817.1269279,1779200,-0.006666669622063637,2100.0,1.0064419507980347,0.07062657177448273,803.3333740234375,1.0076704025268555,-0.019333330914378166,938.0,0.4960557520389557,-0.004999999888241291,843.0,0.9870451092720032
557,1766547820.1598902,1782400,-0.006666669622063637,2100.0,1.0064419507980347,0.06641865521669388,1082.3333740234375,0.9959144592285156,-0.019333330914378166,938.0,0.4960557520389557,-0.004999999888241291,843.0,0.9870451092720032
558,1766547821.2325726,1785600,-0.006666669622063637,2100.0,1.0064419507980347,0.06641865521669388,1082.3333740234375,0.9959144592285156,-0.019333330914378166,938.0,0.4960557520389557,-0.02500000409781933,1377.666748046875,0.9821087718009949
559,1766547822.7993019,1788800,-0.006666669622063637,2100.0,1.0064419507980347,0.06641865521669388,1082.3333740234375,0.9959144592285156,-0.016333336010575294,1598.0,0.9786578416824341,-0.02500000409781933,1377.666748046875,0.9821087718009949
560,1766547823.6174676,1792000,-0.006666669622063637,1538.0,1.0038608312606812,0.06641865521669388,1082.3333740234375,0.9959144592285156,-0.016333336010575294,1598.0,0.9786578416824341,-0.02500000409781933,1377.666748046875,0.9821087718009949
561,1766547826.2423553,1795200,-0.006666669622063637,1538.0,1.0038608312606812,0.06641865521669388,1082.3333740234375,0.9959144592285156,-0.016333336010575294,1598.0,0.9786578416824341,-0.03500000387430191,1647.5,1.004887342453003
562,1766547834.882661,1798400,-0.00666667427867651,1206.0,1.008105754852295,0.06641865521669388,1082.3333740234375,0.9959144592285156,-0.016333336010575294,1598.0,0.9786578416824341,-0.03500000387430191,1647.5,1.004887342453003
563,1766547835.767911,1801600,-0.00666667427867651,1206.0,1.008105754852295,0.07604320347309113,885.0,0.9901110529899597,-0.016333336010575294,1598.0,0.9786578416824341,-0.03500000387430191,1647.5,1.004887342453003
564,1766547836.6571066,1804800,-0.00666667427867651,1206.0,1.008105754852295,0.07604320347309113,885.0,0.9901110529899597,-0.016333339735865593,822.6666870117188,1.4122915267944336,-0.03500000387430191,1647.5,1.004887342453003
565,1766547839.6258264,1808000,0.013333327136933804,1464.0,1.0023969411849976,0.07604320347309113,885.0,0.9901110529899597,-0.016333339735865593,822.6666870117188,1.4122915267944336,-0.03500000387430191,1647.5,1.004887342453003
566,1766547840.8065987,1811200,0.013333327136933804,1464.0,1.0023969411849976,0.07604320347309113,885.0,0.9901110529899597,-0.016333339735865593,822.6666870117188,1.4122915267944336,-0.021666670218110085,1077.0,1.0158789157867432
567,1766547844.6013627,1814400,0.026666663587093353,1550.0,0.9981948733329773,0.07604320347309113,885.0,0.9901110529899597,-0.016333339735865593,822.6666870117188,1.4122915267944336,-0.021666670218110085,1077.0,1.0158789157867432
568,1766547844.65727,1817600,0.026666663587093353,1550.0,0.9981948733329773,0.06506317108869553,780.3333740234375,0.9958935379981995,-0.016333339735865593,822.6666870117188,1.4122915267944336,-0.021666670218110085,1077.0,1.0158789157867432
569,1766547845.4025643,1820800,0.026666663587093353,1550.0,0.9981948733329773,0.06506317108869553,780.3333740234375,0.9958935379981995,-0.006333334371447563,1049.3333740234375,1.0056411027908325,-0.021666670218110085,1077.0,1.0158789157867432
570,1766547848.3311832,1824000,0.026666663587093353,1550.0,0.9981948733329773,0.06506317108869553,780.3333740234375,0.9958935379981995,-0.006333334371447563,1049.3333740234375,1.0056411027908325,-0.0416666679084301,1177.5,1.0186160802841187
571,1766547850.0641067,1827200,0.026666663587093353,1550.0,0.9981948733329773,0.06506317108869553,780.3333740234375,0.9958935379981995,0.013666667975485325,1047.0,0.8557886481285095,-0.0416666679084301,1177.5,1.0186160802841187
572,1766547851.8292704,1830400,0.006666660308837891,2264.0,0.9908413290977478,0.06506317108869553,780.3333740234375,0.9958935379981995,0.013666667975485325,1047.0,0.8557886481285095,-0.0416666679084301,1177.5,1.0186160802841187
573,1766547852.4291496,1833600,0.006666660308837891,2264.0,0.9908413290977478,0.06506317108869553,780.3333740234375,0.9958935379981995,0.013666667975485325,1047.0,0.8557886481285095,-0.06166667491197586,1329.0,0.9945016503334045
574,1766547865.8688033,1836800,0.006666660308837891,2264.0,0.9908413290977478,0.06506317108869553,780.3333740234375,0.9958935379981995,0.02033332735300064,1343.3333740234375,0.7638055086135864,-0.06166667491197586,1329.0,0.9945016503334045
575,1766547867.620197,1840000,0.006666660308837891,2264.0,0.9908413290977478,0.06506317108869553,780.3333740234375,0.9958935379981995,0.02033332735300064,1343.3333740234375,0.7638055086135864,-0.05499998852610588,1291.3333740234375,0.9822497367858887
576,1766547872.3476245,1843200,-0.003333337139338255,1133.5,0.9955973625183105,0.06506317108869553,780.3333740234375,0.9958935379981995,0.02033332735300064,1343.3333740234375,0.7638055086135864,-0.05499998852610588,1291.3333740234375,0.9822497367858887
577,1766547872.9860256,1846400,-0.003333337139338255,1133.5,0.9955973625183105,0.06642617285251617,1003.4000244140625,1.0130996704101562,0.02033332735300064,1343.3333740234375,0.7638055086135864,-0.05499998852610588,1291.3333740234375,0.9822497367858887
578,1766547879.298404,1849600,-5.960464122267695e-09,1701.666748046875,1.0002700090408325,0.06642617285251617,1003.4000244140625,1.0130996704101562,0.02033332735300064,1343.3333740234375,0.7638055086135864,-0.05499998852610588,1291.3333740234375,0.9822497367858887
579,1766547881.38285,1852800,-5.960464122267695e-09,1701.666748046875,1.0002700090408325,0.06642617285251617,1003.4000244140625,1.0130996704101562,0.020333323627710342,1090.666748046875,1.184845209121704,-0.05499998852610588,1291.3333740234375,0.9822497367858887
580,1766547882.3069353,1856000,-5.960464122267695e-09,1701.666748046875,1.0002700090408325,0.06242857500910759,851.3333740234375,0.9965399503707886,0.020333323627710342,1090.666748046875,1.184845209121704,-0.05499998852610588,1291.3333740234375,0.9822497367858887
581,1766547883.9412782,1859200,-5.960464122267695e-09,1701.666748046875,1.0002700090408325,0.06242857500910759,851.3333740234375,0.9965399503707886,0.020333323627710342,1090.666748046875,1.184845209121704,-0.041666675359010696,1269.3333740234375,1.0019124746322632
582,1766547885.4584422,1862400,-0.010000007227063179,2077.0,0.9898033142089844,0.06242857500910759,851.3333740234375,0.9965399503707886,0.020333323627710342,1090.666748046875,1.184845209121704,-0.041666675359010696,1269.3333740234375,1.0019124746322632
583,1766547887.6331577,1865600,-0.010000007227063179,2077.0,0.9898033142089844,0.06242857500910759,851.3333740234375,0.9965399503707886,0.030333327129483223,1725.5,0.6168791055679321,-0.041666675359010696,1269.3333740234375,1.0019124746322632
584,1766547889.1047378,1868800,-0.010000007227063179,2077.0,0.9898033142089844,0.06242857500910759,851.3333740234375,0.9965399503707886,0.030333327129483223,1725.5,0.6168791055679321,-0.03166665881872177,1913.5,0.9813966155052185
585,1766547900.8700056,1872000,-0.010000007227063179,2077.0,0.9898033142089844,0.06242857500910759,851.3333740234375,0.9965399503707886,0.030333327129483223,1725.5,0.6168791055679321,-0.041666675359010696,918.0,0.9760662913322449
586,1766547905.083293,1875200,0.010000004433095455,1433.0,0.9936324954032898,0.06242857500910759,851.3333740234375,0.9965399503707886,0.030333327129483223,1725.5,0.6168791055679321,-0.041666675359010696,918.0,0.9760662913322449
587,1766547907.081868,1878400,0.010000004433095455,1433.0,0.9936324954032898,0.06242857500910759,851.3333740234375,0.9965399503707886,0.04366666078567505,1228.5,0.371145635843277,-0.041666675359010696,918.0,0.9760662913322449
588,1766547907.7458177,1881600,0.01499999687075615,1533.25,0.9957306385040283,0.06242857500910759,851.3333740234375,0.9965399503707886,0.04366666078567505,1228.5,0.371145635843277,-0.041666675359010696,918.0,0.9760662913322449
589,1766547909.8175583,1884800,0.01499999687075615,1533.25,0.9952567219734192,0.06242857500910759,851.3333740234375,0.9965399503707886,0.04366666078567505,1228.5,0.371145635843277,-0.041666675359010696,918.0,0.9760662913322449
590,1766547910.5063403,1888000,0.01499999687075615,1533.25,0.9952567219734192,0.06909523904323578,852.6666870117188,1.007020115852356,0.04366666078567505,1228.5,0.371145635843277,-0.041666675359010696,918.0,0.9760662913322449
591,1766547913.2411208,1891200,0.01499999687075615,1533.25,0.9952567219734192,0.06909523904323578,852.6666870117188,1.007020115852356,0.05699998885393143,1241.0,0.430721640586853,-0.041666675359010696,918.0,0.9760662913322449
592,1766547916.2266188,1894400,0.01499999687075615,1533.25,0.9952567219734192,0.06909523904323578,852.6666870117188,1.007020115852356,0.05699998885393143,1241.0,0.430721640586853,-0.044999998062849045,1142.666748046875,0.9843571782112122
593,1766547918.108331,1897600,0.02499999850988388,2160.5,0.9977785348892212,0.06909523904323578,852.6666870117188,1.007020115852356,0.05699998885393143,1241.0,0.430721640586853,-0.044999998062849045,1142.666748046875,0.9843571782112122
594,1766547918.428974,1900800,0.02499999850988388,2160.5,0.9977785348892212,0.06909523904323578,852.6666870117188,1.007020115852356,0.07699998468160629,1169.0,0.8726975917816162,-0.044999998062849045,1142.666748046875,0.9843571782112122
595,1766547921.2762258,1904000,0.02499999850988388,2160.5,0.9977785348892212,0.06909523904323578,852.6666870117188,1.007020115852356,0.07699998468160629,1169.0,0.8726975917816162,-0.04500000923871994,1611.666748046875,1.0103281736373901
596,1766547921.4404416,1907200,0.02499999850988388,2160.5,0.9977785348892212,0.05766667053103447,747.3333740234375,0.998717188835144,0.07699998468160629,1169.0,0.8726975917816162,-0.04500000923871994,1611.666748046875,1.0103281736373901
597,1766547925.1025531,1910400,0.02499999850988388,2160.5,0.9977785348892212,0.05766667053103447,747.3333740234375,0.998717188835144,0.07699998468160629,1169.0,0.8726975917816162,-0.044999998062849045,1884.0,0.9819865226745605
598,1766547934.442166,1913600,0.03500000014901161,1674.5,0.9898779988288879,0.05766667053103447,747.3333740234375,0.998717188835144,0.07699998468160629,1169.0,0.8726975917816162,-0.044999998062849045,1884.0,0.9819865226745605
599,1766547937.5704443,1916800,0.03166666999459267,1440.0,0.9985694885253906,0.05766667053103447,747.3333740234375,0.998717188835144,0.07699998468160629,1169.0,0.8726975917816162,-0.044999998062849045,1884.0,0.9819865226745605
600,1766547938.124386,1920000,0.03166666999459267,1440.0,0.9985694885253906,0.05766667053103447,747.3333740234375,0.998717188835144,0.08366666734218597,1588.3333740234375,0.4078781008720398,-0.044999998062849045,1884.0,0.9819865226745605
601,1766547940.4061966,1923200,0.03166666999459267,1440.0,0.9985694885253906,0.052666664123535156,862.25,1.0051509141921997,0.08366666734218597,1588.3333740234375,0.4078781008720398,-0.044999998062849045,1884.0,0.9819865226745605
602,1766547942.7096894,1926400,0.03166666999459267,1440.0,0.9985694885253906,0.052666664123535156,862.25,1.0051509141921997,0.08366666734218597,1278.75,1.0034966468811035,-0.044999998062849045,1884.0,0.9819865226745605
603,1766547944.4028978,1929600,0.03166666999459267,1440.0,0.9985694885253906,0.052666664123535156,862.25,1.0051509141921997,0.08366666734218597,1278.75,1.0034966468811035,-0.03166666254401207,1632.666748046875,0.9795866012573242
604,1766547946.654638,1932800,0.05166666954755783,1453.0,0.9929778575897217,0.052666664123535156,862.25,1.0051509141921997,0.08366666734218597,1278.75,1.0034966468811035,-0.03166666254401207,1632.666748046875,0.9795866012573242
605,1766547947.0244086,1936000,0.05166666954755783,1453.0,0.9929778575897217,0.052666664123535156,862.25,1.0051509141921997,0.08366666734218597,1278.75,1.0034966468811035,-0.03166666254401207,974.0,0.9821807146072388
606,1766547950.0111587,1939200,0.05166666954755783,1453.0,0.9929778575897217,0.052666664123535156,862.25,1.0051509141921997,0.10366666316986084,1089.0,0.3822573721408844,-0.03166666254401207,974.0,0.9821807146072388
607,1766547953.548044,1942400,0.05166666954755783,1453.0,0.9929778575897217,0.052666664123535156,862.25,1.0051509141921997,0.10366666316986084,1089.0,0.3822573721408844,-0.044999994337558746,1105.0,1.0078595876693726
608,1766547961.5170984,1945600,0.04500000923871994,1382.0,1.0053330659866333,0.052666664123535156,862.25,1.0051509141921997,0.10366666316986084,1089.0,0.3822573721408844,-0.044999994337558746,1105.0,1.0078595876693726
609,1766547966.3347275,1948800,0.04500000923871994,1382.0,1.0053330659866333,0.052666664123535156,862.25,1.0051509141921997,0.10366666316986084,876.5,0.7597100734710693,-0.044999994337558746,1105.0,1.0078595876693726
610,1766547969.1738431,1952000,0.05500000715255737,1495.0,0.9885237812995911,0.052666664123535156,862.25,1.0051509141921997,0.10366666316986084,876.5,0.7597100734710693,-0.044999994337558746,1105.0,1.0078595876693726
611,1766547969.5960877,1955200,0.05500000715255737,1495.0,0.9885237812995911,0.036000002175569534,791.8333740234375,0.9982616901397705,0.10366666316986084,876.5,0.7597100734710693,-0.044999994337558746,1105.0,1.0078595876693726
612,1766547972.8813722,1958400,0.05500000715255737,1495.0,0.9885237812995911,0.036000002175569534,791.8333740234375,0.9982616901397705,0.10366666316986084,876.5,0.7597100734710693,-0.05499999225139618,1322.0,0.9786452054977417
613,1766547972.9850175,1961600,0.048333339393138885,1985.3333740234375,0.9937093257904053,0.036000002175569534,791.8333740234375,0.9982616901397705,0.10366666316986084,876.5,0.7597100734710693,-0.05499999225139618,1322.0,0.9786452054977417
614,1766547976.8767729,1964800,0.028333336114883423,1772.0,0.9959592819213867,0.036000002175569534,791.8333740234375,0.9982616901397705,0.10366666316986084,876.5,0.7597100734710693,-0.05499999225139618,1322.0,0.9786452054977417
615,1766547977.5511267,1968000,0.028333336114883423,1772.0,0.9959592819213867,0.036000002175569534,791.8333740234375,0.9982616901397705,0.09366666525602341,1307.5,0.3635769486427307,-0.05499999225139618,1322.0,0.9786452054977417
616,1766547980.2173665,1971200,0.028333336114883423,1772.0,0.9959592819213867,0.02266666665673256,674.3333740234375,1.0015466213226318,0.09366666525602341,1307.5,0.3635769486427307,-0.05499999225139618,1322.0,0.9786452054977417
617,1766547981.3934922,1974400,0.028333336114883423,1772.0,0.9959592819213867,0.02266666665673256,674.3333740234375,1.0015466213226318,0.09366666525602341,1307.5,0.3635769486427307,-0.06833332777023315,1371.666748046875,0.9659309387207031
618,1766547983.2050934,1977600,0.028333336114883423,1772.0,0.9959592819213867,0.02266666665673256,674.3333740234375,1.0015466213226318,0.08700000494718552,1754.3333740234375,0.7994462251663208,-0.06833332777023315,1371.666748046875,0.9659309387207031
619,1766547987.486945,1980800,0.028333336114883423,1772.0,0.9959592819213867,0.02266666665673256,674.3333740234375,1.0015466213226318,0.08700000494718552,1754.3333740234375,0.7994462251663208,-0.07833332568407059,2075.0,0.9810345768928528
620,1766547990.9680402,1984000,0.02833333984017372,268.0,0.9883910417556763,0.02266666665673256,674.3333740234375,1.0015466213226318,0.08700000494718552,1754.3333740234375,0.7994462251663208,-0.07833332568407059,2075.0,0.9810345768928528
621,1766547994.282918,1987200,0.02833333984017372,268.0,0.9883910417556763,0.02266666665673256,674.3333740234375,1.0015466213226318,0.08699999749660492,603.0,0.13342855870723724,-0.07833332568407059,2075.0,0.9810345768928528
622,1766547998.2942364,1990400,0.02833333984017372,268.0,0.9883910417556763,0.02266666665673256,674.3333740234375,1.0015466213226318,0.08699999749660492,603.0,0.13342855870723724,-0.07833334058523178,267.0,0.9431045055389404
623,1766547999.3699572,1993600,0.01833334006369114,1320.0,0.9878189563751221,0.02266666665673256,674.3333740234375,1.0015466213226318,0.08699999749660492,603.0,0.13342855870723724,-0.07833334058523178,267.0,0.9431045055389404
624,1766548002.2214208,1996800,0.018333343788981438,1953.3333740234375,0.9872843623161316,0.02266666665673256,674.3333740234375,1.0015466213226318,0.08699999749660492,603.0,0.13342855870723724,-0.07833334058523178,267.0,0.9431045055389404
625,1766548004.7869902,2000000,0.018333343788981438,1953.3333740234375,0.9872843623161316,0.012666673399508,613.1666870117188,1.0109821557998657,0.08699999749660492,603.0,0.13342855870723724,-0.07833334058523178,267.0,0.9431045055389404
626,1766548005.2535923,2003200,0.018333343788981438,1953.3333740234375,0.9869644045829773,0.012666673399508,613.1666870117188,1.0109821557998657,0.08699999749660492,603.0,0.13342855870723724,-0.07833334058523178,267.0,0.9431045055389404
627,1766548005.745583,2006400,0.018333343788981438,1953.3333740234375,0.9869644045829773,0.012666673399508,613.1666870117188,1.0109821557998657,0.09199998527765274,1498.5,0.14040246605873108,-0.07833334058523178,267.0,0.9431045055389404
628,1766548007.7520695,2009600,0.018333343788981438,1953.3333740234375,0.9869644045829773,0.012666673399508,613.1666870117188,1.0109821557998657,0.08533332496881485,1427.3333740234375,0.20740947127342224,-0.07833334058523178,267.0,0.9431045055389404
629,1766548008.7360406,2012800,0.018333343788981438,1953.3333740234375,0.9869644045829773,0.012666673399508,613.1666870117188,1.0109821557998657,0.08533332496881485,1427.3333740234375,0.20740947127342224,-0.09833332896232605,1390.3333740234375,0.9122216701507568
630,1766548011.6557837,2016000,0.018333343788981438,1953.3333740234375,0.9869644045829773,0.012666673399508,613.1666870117188,1.0109821557998657,0.08533332496881485,1427.3333740234375,0.20740947127342224,-0.0950000062584877,1654.0,0.8759319186210632
631,1766548013.0399377,2019200,0.018333343788981438,1953.3333740234375,0.9869644045829773,0.012666673399508,613.1666870117188,1.0109821557998657,0.08533333241939545,3203.0,0.025778500363230705,-0.0950000062584877,1654.0,0.8759319186210632
632,1766548015.1552587,2022400,0.008333342149853706,2558.0,0.9871410727500916,0.012666673399508,613.1666870117188,1.0109821557998657,0.08533333241939545,3203.0,0.025778500363230705,-0.0950000062584877,1654.0,0.8759319186210632
633,1766548017.1876462,2025600,0.008333342149853706,2558.0,0.9871410727500916,0.012666673399508,613.1666870117188,1.0109821557998657,0.08533333241939545,3203.0,0.025778500363230705,-0.09166666120290756,2108.0,0.7981953024864197
634,1766548029.7929332,2028800,0.008333339355885983,1505.0,1.0087999105453491,0.012666673399508,613.1666870117188,1.0109821557998657,0.08533333241939545,3203.0,0.025778500363230705,-0.09166666120290756,2108.0,0.7981953024864197
635,1766548030.0882268,2032000,0.008333339355885983,1505.0,1.0087999105453491,-0.0040000020526349545,628.0,1.0048288106918335,0.08533333241939545,3203.0,0.025778500363230705,-0.09166666120290756,2108.0,0.7981953024864197
636,1766548031.8530095,2035200,0.008333339355885983,1505.0,1.0087999105453491,-0.0040000020526349545,628.0,1.0048288106918335,0.08699999749660492,1317.0,0.613323450088501,-0.09166666120290756,2108.0,0.7981953024864197
637,1766548033.6666722,2038400,0.008333339355885983,1505.0,1.0087999105453491,-0.0040000020526349545,628.0,1.0048288106918335,0.08699999749660492,1317.0,0.613323450088501,-0.09166666865348816,1317.666748046875,1.0002292394638062
638,1766548044.5366223,2041600,0.008333339355885983,1505.0,1.0087999105453491,-0.0040000020526349545,628.0,1.0048288106918335,0.08699999749660492,807.6666870117188,1.9176455736160278,-0.09166666865348816,1317.666748046875,1.0002292394638062
639,1766548047.0394518,2044800,0.01833334006369114,1220.5,1.007637619972229,-0.0040000020526349545,628.0,1.0048288106918335,0.08699999749660492,807.6666870117188,1.9176455736160278,-0.09166666865348816,1317.666748046875,1.0002292394638062
640,1766548049.2394283,2048000,0.01833334006369114,1220.5,1.007637619972229,-0.015999997034668922,617.4000244140625,0.9949572682380676,0.08699999749660492,807.6666870117188,1.9176455736160278,-0.09166666865348816,1317.666748046875,1.0002292394638062
641,1766548050.3182347,2051200,0.01833334006369114,1220.5,1.007637619972229,-0.015999997034668922,617.4000244140625,0.9949572682380676,0.08699999749660492,807.6666870117188,1.9176455736160278,-0.09166666120290756,910.25,1.3625893592834473
642,1766548052.189284,2054400,0.008333342149853706,1009.6666870117188,1.0075340270996094,-0.015999997034668922,617.4000244140625,0.9949572682380676,0.08699999749660492,807.6666870117188,1.9176455736160278,-0.09166666120290756,910.25,1.3625893592834473
643,1766548055.5884063,2057600,0.008333342149853706,1009.6666870117188,1.0075340270996094,-0.015999997034668922,617.4000244140625,0.9949572682380676,0.09199998527765274,1099.0,1.0592421293258667,-0.09166666120290756,910.25,1.3625893592834473
644,1766548059.907322,2060800,0.008333342149853706,1009.6666870117188,1.0075340270996094,-0.015999997034668922,617.4000244140625,0.9949572682380676,0.09199998527765274,1099.0,1.0592421293258667,-0.10166666656732559,1296.25,1.0768258571624756
645,1766548061.2674043,2064000,0.005000004544854164,1324.666748046875,0.9981552958488464,-0.015999997034668922,617.4000244140625,0.9949572682380676,0.09199998527765274,1099.0,1.0592421293258667,-0.10166666656732559,1296.25,1.0768258571624756
646,1766548062.57055,2067200,0.005000004544854164,1324.666748046875,0.9981552958488464,-0.012000000104308128,626.4000244140625,0.9963147044181824,0.09199998527765274,1099.0,1.0592421293258667,-0.10166666656732559,1296.25,1.0768258571624756
647,1766548063.5664291,2070400,0.005000004544854164,1324.666748046875,0.9981552958488464,-0.012000000104308128,626.4000244140625,0.9963147044181824,0.09866666793823242,1093.0,0.5939949750900269,-0.10166666656732559,1296.25,1.0768258571624756
648,1766548071.884385,2073600,0.011666664853692055,1141.666748046875,1.000043272972107,-0.012000000104308128,626.4000244140625,0.9963147044181824,0.09866666793823242,1093.0,0.5939949750900269,-0.10166666656732559,1296.25,1.0768258571624756
649,1766548073.0300853,2076800,0.011666664853692055,1141.666748046875,1.000043272972107,-0.012000000104308128,626.4000244140625,0.9963147044181824,0.09866666793823242,1093.0,0.5939949750900269,-0.08166665583848953,816.3333740234375,0.9467294812202454
650,1766548076.0922227,2080000,0.024999989196658134,1696.3333740234375,0.9990964531898499,-0.012000000104308128,626.4000244140625,0.9963147044181824,0.09866666793823242,1093.0,0.5939949750900269,-0.08166665583848953,816.3333740234375,0.9467294812202454
651,1766548077.0339892,2083200,0.024999989196658134,1696.3333740234375,0.9990964531898499,-0.012000000104308128,626.4000244140625,0.9963147044181824,0.09866666793823242,1093.0,0.5939949750900269,-0.09166666865348816,983.75,1.0774646997451782
652,1766548078.579463,2086400,0.024999989196658134,1696.3333740234375,0.9990964531898499,-0.015333330258727074,601.1666870117188,0.9961087107658386,0.09866666793823242,1093.0,0.5939949750900269,-0.09166666865348816,983.75,1.0774646997451782
653,1766548079.5382643,2089600,0.024999989196658134,1696.3333740234375,0.9990964531898499,-0.015333330258727074,601.1666870117188,0.9961087107658386,0.10866666585206985,1191.0,1.1082253456115723,-0.09166666865348816,983.75,1.0774646997451782
654,1766548085.4477139,2092800,0.024999989196658134,1696.3333740234375,0.9990964531898499,-0.015333330258727074,601.1666870117188,0.9961087107658386,0.10866666585206985,1191.0,1.1082253456115723,-0.10499999672174454,2258.0,0.8770780563354492
655,1766548086.0602796,2096000,0.02499999850988388,984.0,0.9876390099525452,-0.015333330258727074,601.1666870117188,0.9961087107658386,0.10866666585206985,1191.0,1.1082253456115723,-0.10499999672174454,2258.0,0.8770780563354492
656,1766548089.084961,2099200,0.02499999850988388,984.0,0.9876390099525452,-0.015333330258727074,601.1666870117188,0.9961087107658386,0.10866666585206985,437.0,0.5213542580604553,-0.10499999672174454,2258.0,0.8770780563354492
657,1766548096.0024068,2102400,0.011666669510304928,909.5,0.9876110553741455,-0.015333330258727074,601.1666870117188,0.9961087107658386,0.10866666585206985,437.0,0.5213542580604553,-0.10499999672174454,2258.0,0.8770780563354492
658,1766548099.239584,2105600,0.011666669510304928,909.5,0.9876110553741455,-0.015333330258727074,601.1666870117188,0.9961087107658386,0.10866666585206985,437.0,0.5213542580604553,-0.0949999988079071,851.3333740234375,0.8460751175880432
659,1766548100.2339942,2108800,0.011666669510304928,909.5,0.9876110553741455,-0.020333334803581238,632.0,1.0045154094696045,0.10866666585206985,437.0,0.5213542580604553,-0.0949999988079071,851.3333740234375,0.8460751175880432
660,1766548100.5648763,2112000,0.011666669510304928,909.5,0.9876110553741455,-0.020333334803581238,632.0,1.0045154094696045,0.10866666585206985,856.3333740234375,0.3293004631996155,-0.0949999988079071,851.3333740234375,0.8460751175880432
661,1766548103.183865,2115200,0.014999995008111,1924.3333740234375,0.9946519136428833,-0.020333334803581238,632.0,1.0045154094696045,0.10866666585206985,856.3333740234375,0.3293004631996155,-0.0949999988079071,851.3333740234375,0.8460751175880432
662,1766548106.287472,2118400,0.014999995008111,1924.3333740234375,0.9946519136428833,-0.020333334803581238,632.0,1.0045154094696045,0.10866666585206985,856.3333740234375,0.3293004631996155,-0.09833332896232605,1707.3333740234375,0.907014012336731
663,1766548107.2811255,2121600,0.014999995008111,1924.3333740234375,0.9946519136428833,-0.020333334803581238,632.0,1.0045154094696045,0.09533332288265228,1189.0,0.660847008228302,-0.09833332896232605,1707.3333740234375,0.907014012336731
664,1766548113.0841398,2124800,0.018333325162529945,1188.666748046875,0.9869428873062134,-0.020333334803581238,632.0,1.0045154094696045,0.09533332288265228,1189.0,0.660847008228302,-0.09833332896232605,1707.3333740234375,0.907014012336731
# _tick,_time,frames,mean_episode_return_0,mean_episode_length_0,loss_0,mean_episode_return_1,mean_episode_length_1,loss_1,mean_episode_return_2,mean_episode_length_2,loss_2,mean_episode_return_3,mean_episode_length_3,loss_3
0,1766548216.749831,2092800,nan,1696.3333740234375,1.0,-0.015333330258727074,601.1666870117188,0.9961087107658386,0.10866666585206985,1191.0,1.1082253456115723,-0.09166666865348816,983.75,1.0774646997451782
1,1766548217.7398121,2096000,nan,1696.3333740234375,0.9995009899139404,-0.015333330258727074,601.1666870117188,0.9961087107658386,0.10866666585206985,1191.0,1.1082253456115723,-0.09166666865348816,983.75,1.0774646997451782
2,1766548219.714778,2099200,nan,1696.3333740234375,0.9991493225097656,-0.015333330258727074,601.1666870117188,0.9961087107658386,0.10866666585206985,1191.0,1.1082253456115723,-0.09166666865348816,983.75,1.0774646997451782
3,1766548222.928514,2102400,nan,1696.3333740234375,0.998576819896698,-0.015333330258727074,601.1666870117188,0.9961087107658386,0.10866666585206985,1191.0,1.1082253456115723,-0.09166666865348816,983.75,1.0774646997451782
4,1766548223.6689892,2105600,nan,1696.3333740234375,0.998576819896698,nan,601.1666870117188,1.0,0.10866666585206985,1191.0,1.1082253456115723,-0.09166666865348816,983.75,1.0774646997451782
5,1766548225.7552288,2108800,nan,1696.3333740234375,0.998576819896698,nan,601.1666870117188,0.9993982315063477,0.10866666585206985,1191.0,1.1082253456115723,-0.09166666865348816,983.75,1.0774646997451782
6,1766548228.0948765,2112000,nan,1696.3333740234375,0.998576819896698,nan,601.1666870117188,0.9987481236457825,0.10866666585206985,1191.0,1.1082253456115723,-0.09166666865348816,983.75,1.0774646997451782
7,1766548231.8265367,2115200,nan,1696.3333740234375,0.998576819896698,nan,601.1666870117188,0.9987481236457825,nan,1191.0,1.0,-0.09166666865348816,983.75,1.0774646997451782
8,1766548234.2630372,2118400,nan,1696.3333740234375,0.998576819896698,nan,601.1666870117188,0.9987481236457825,nan,1191.0,0.9976458549499512,-0.09166666865348816,983.75,1.0774646997451782
9,1766548236.4092312,2121600,nan,1696.3333740234375,0.9978533983230591,nan,601.1666870117188,0.9987481236457825,nan,1191.0,0.9976458549499512,-0.09166666865348816,983.75,1.0774646997451782
10,1766548238.1413379,2124800,nan,1696.3333740234375,0.9978533983230591,nan,601.1666870117188,0.9987481236457825,nan,1191.0,0.9979199767112732,-0.09166666865348816,983.75,1.0774646997451782
11,1766548239.1465676,2128000,nan,1696.3333740234375,0.9978533983230591,nan,601.1666870117188,0.9987481236457825,nan,1191.0,0.9979199767112732,nan,983.75,1.0
12,1766548241.1296818,2131200,nan,1696.3333740234375,0.9978533983230591,nan,601.1666870117188,1.0000349283218384,nan,1191.0,0.9979199767112732,nan,983.75,1.0
13,1766548243.239222,2134400,nan,1696.3333740234375,0.9978533983230591,nan,601.1666870117188,1.0000349283218384,nan,1191.0,0.9979199767112732,nan,983.75,0.995451807975769
14,1766548246.815469,2137600,nan,1696.3333740234375,0.9978533983230591,nan,601.1666870117188,1.0000349283218384,nan,1191.0,0.9979199767112732,nan,983.75,0.9813936948776245
15,1766548249.622743,2140800,nan,1696.3333740234375,0.9978533983230591,nan,601.1666870117188,1.0000349283218384,nan,1191.0,1.0055904388427734,nan,983.75,0.9813936948776245
16,1766548250.7674131,2144000,nan,1696.3333740234375,0.9978533983230591,nan,601.1666870117188,1.0013465881347656,nan,1191.0,1.0055904388427734,nan,983.75,0.9813936948776245
17,1766548252.3168838,2147200,nan,1696.3333740234375,0.9991491436958313,nan,601.1666870117188,1.0013465881347656,nan,1191.0,1.0055904388427734,nan,983.75,0.9813936948776245
18,1766548252.8530283,2150400,nan,1696.3333740234375,0.9991491436958313,nan,601.1666870117188,1.0013465881347656,nan,1191.0,1.0055904388427734,nan,983.75,0.989858090877533
19,1766548261.0170007,2153600,nan,1696.3333740234375,0.9991491436958313,nan,601.1666870117188,1.0013465881347656,nan,1191.0,1.0055904388427734,nan,983.75,1.0612751245498657
20,1766548262.0392878,2156800,nan,1696.3333740234375,0.9991491436958313,nan,601.1666870117188,0.9970478415489197,nan,1191.0,1.0055904388427734,nan,983.75,1.0612751245498657
21,1766548264.1535025,2160000,nan,1696.3333740234375,0.9959210157394409,nan,601.1666870117188,0.9970478415489197,nan,1191.0,1.0055904388427734,nan,983.75,1.0612751245498657
22,1766548265.9937923,2163200,nan,1696.3333740234375,0.9959210157394409,nan,601.1666870117188,0.9970478415489197,nan,1191.0,1.0076631307601929,nan,983.75,1.0612751245498657
23,1766548270.6932504,2166400,nan,1696.3333740234375,0.9959210157394409,nan,601.1666870117188,0.9970478415489197,nan,1191.0,0.9973508715629578,nan,983.75,1.0612751245498657
24,1766548277.5160303,2169600,nan,1696.3333740234375,0.9959210157394409,nan,601.1666870117188,0.9970478415489197,nan,1191.0,0.9973508715629578,nan,983.75,0.990156352519989
25,1766548281.8989947,2172800,nan,1696.3333740234375,0.9959210157394409,nan,601.1666870117188,0.9970478415489197,nan,1191.0,0.9973508715629578,nan,983.75,0.9663445949554443
26,1766548286.048547,2176000,nan,1696.3333740234375,0.9959210157394409,0.0,1327.5,0.9975051879882812,nan,1191.0,0.9973508715629578,nan,983.75,0.9663445949554443
27,1766548286.6356852,2179200,-0.20000000298023224,1482.5999755859375,0.9989510774612427,0.0,1327.5,0.9975051879882812,nan,1191.0,0.9973508715629578,nan,983.75,0.9663445949554443
28,1766548287.0375302,2182400,-0.20000000298023224,1482.5999755859375,0.9989510774612427,0.0,1327.5,0.9975051879882812,0.0,1295.25,0.9993700981140137,nan,983.75,0.9663445949554443
29,1766548293.6492302,2185600,-0.20000000298023224,1482.5999755859375,0.9989510774612427,0.0,1327.5,0.9975051879882812,0.0,1295.25,0.9993700981140137,0.0,1613.75,0.972714900970459
30,1766548300.167815,2188800,0.06666667014360428,1737.0,0.9912485480308533,0.0,1327.5,0.9975051879882812,0.0,1295.25,0.9993700981140137,0.0,1613.75,0.972714900970459
31,1766548305.0428412,2192000,-0.06666667759418488,1103.3333740234375,0.9902859330177307,0.0,1327.5,0.9975051879882812,0.0,1295.25,0.9993700981140137,0.0,1613.75,0.972714900970459
32,1766548306.9830966,2195200,-0.06666667759418488,1103.3333740234375,0.9902859330177307,0.0,1327.5,0.9975051879882812,0.10000000149011612,1651.800048828125,0.9829576015472412,0.0,1613.75,0.972714900970459
33,1766548311.841244,2198400,-0.06666667759418488,1103.3333740234375,0.9902859330177307,0.0555555559694767,1214.3333740234375,0.9958677291870117,0.10000000149011612,1651.800048828125,0.9829576015472412,0.0,1613.75,0.972714900970459
34,1766548312.0146093,2201600,-0.06666667759418488,1103.3333740234375,0.9902859330177307,0.0555555559694767,1214.3333740234375,0.9958677291870117,0.06666667014360428,1274.0,0.9373837113380432,0.0,1613.75,0.972714900970459
35,1766548315.3275557,2204800,-0.06666667759418488,1103.3333740234375,0.9902859330177307,0.0555555559694767,1214.3333740234375,0.9958677291870117,0.06666667014360428,1274.0,0.9373837113380432,0.1666666716337204,1335.5,0.9504777789115906
36,1766548316.5875819,2208000,-0.05000000074505806,1045.0,0.9906591773033142,0.0555555559694767,1214.3333740234375,0.9958677291870117,0.06666667014360428,1274.0,0.9373837113380432,0.1666666716337204,1335.5,0.9504777789115906
37,1766548317.8308678,2211200,-0.05000000074505806,1045.0,0.9906591773033142,0.0555555559694767,1214.3333740234375,0.9958677291870117,-0.20000000298023224,437.0,0.8906528949737549,0.1666666716337204,1335.5,0.9504777789115906
38,1766548320.5671654,2214400,-0.05000000074505806,1045.0,0.9906591773033142,0.0555555559694767,1214.3333740234375,0.9958677291870117,-0.20000000298023224,437.0,0.8906528949737549,0.444444477558136,656.0,0.9295810461044312
39,1766548327.5642555,2217600,-0.05000000074505806,1045.0,0.9906591773033142,0.0555555559694767,1214.3333740234375,0.9958677291870117,-0.20000000298023224,437.0,0.8906528949737549,0.0833333358168602,1730.0,0.8950313925743103
40,1766548340.0256162,2220800,-0.05000000074505806,1045.0,0.9906591773033142,0.0555555559694767,1214.3333740234375,0.9958677291870117,-0.06000000238418579,999.0,0.8488142490386963,0.0833333358168602,1730.0,0.8950313925743103
41,1766548341.9733608,2224000,-0.011428571306169033,774.4285888671875,0.9978225231170654,0.0555555559694767,1214.3333740234375,0.9958677291870117,-0.06000000238418579,999.0,0.8488142490386963,0.0833333358168602,1730.0,0.8950313925743103
42,1766548346.5307915,2227200,-0.011428571306169033,774.4285888671875,0.9978225231170654,0.0555555559694767,1214.3333740234375,0.9958677291870117,-0.06000000238418579,999.0,0.8488142490386963,-0.019047623500227928,1001.4285888671875,0.9580962657928467
43,1766548350.1559684,2230400,-0.04285714030265808,689.7999877929688,0.9973551630973816,0.0555555559694767,1214.3333740234375,0.9958677291870117,-0.06000000238418579,999.0,0.8488142490386963,-0.019047623500227928,1001.4285888671875,0.9580962657928467
44,1766548358.329025,2233600,-0.04285714030265808,689.7999877929688,0.9973551630973816,0.0555555559694767,1214.3333740234375,0.9958677291870117,-0.05000000447034836,723.0,0.9007222056388855,-0.019047623500227928,1001.4285888671875,0.9580962657928467
45,1766548361.9641042,2236800,0.1061224490404129,1011.0,0.9879806041717529,0.0555555559694767,1214.3333740234375,0.9958677291870117,-0.05000000447034836,723.0,0.9007222056388855,-0.019047623500227928,1001.4285888671875,0.9580962657928467
46,1766548366.4967782,2240000,0.1061224490404129,1011.0,0.9879806041717529,0.0555555559694767,1214.3333740234375,0.9958677291870117,-0.18571428954601288,98.0,0.7192927598953247,-0.019047623500227928,1001.4285888671875,0.9580962657928467
47,1766548367.079846,2243200,0.1061224490404129,1011.0,0.9879806041717529,0.08465608954429626,374.71429443359375,1.0083585977554321,-0.18571428954601288,98.0,0.7192927598953247,-0.019047623500227928,1001.4285888671875,0.9580962657928467
48,1766548368.244463,2246400,0.1061224490404129,1011.0,0.9879806041717529,0.08465608954429626,374.71429443359375,1.0083585977554321,-0.18571428954601288,98.0,0.7192927598953247,0.0555555634200573,559.857177734375,0.983921468257904
49,1766548368.4053643,2249600,0.06785714626312256,1300.4000244140625,0.9975131750106812,0.08465608954429626,374.71429443359375,1.0083585977554321,-0.18571428954601288,98.0,0.7192927598953247,0.0555555634200573,559.857177734375,0.983921468257904
50,1766548373.0271068,2252800,0.17142857611179352,984.0,0.9983026385307312,0.08465608954429626,374.71429443359375,1.0083585977554321,-0.18571428954601288,98.0,0.7192927598953247,0.0555555634200573,559.857177734375,0.983921468257904
51,1766548376.474501,2256000,0.17142857611179352,984.0,0.9983026385307312,0.08465608954429626,374.71429443359375,1.0083585977554321,-0.18571428954601288,98.0,0.7192927598953247,0.1904762089252472,148.0,0.922184407711029
52,1766548378.3744771,2259200,0.17142857611179352,984.0,0.9921255111694336,0.08465608954429626,374.71429443359375,1.0083585977554321,-0.18571428954601288,98.0,0.7192927598953247,0.1904762089252472,148.0,0.922184407711029
53,1766548379.5571945,2262400,0.17142857611179352,984.0,0.9921255111694336,0.08465608954429626,374.71429443359375,1.0083585977554321,-0.20416668057441711,582.5,0.9100092649459839,0.1904762089252472,148.0,0.922184407711029
54,1766548383.3236382,2265600,0.05428571626543999,382.0,0.9963971972465515,0.08465608954429626,374.71429443359375,1.0083585977554321,-0.20416668057441711,582.5,0.9100092649459839,0.1904762089252472,148.0,0.922184407711029
55,1766548386.7185676,2268800,0.05428571626543999,382.0,0.9963971972465515,0.08465608954429626,374.71429443359375,1.0083585977554321,-0.15925927460193634,1227.800048828125,0.8513737916946411,0.1904762089252472,148.0,0.922184407711029
56,1766548389.375353,2272000,0.05428571626543999,382.0,0.9963971972465515,0.08465608954429626,374.71429443359375,1.0083585977554321,-0.15925927460193634,1227.800048828125,0.8513737916946411,0.125,1120.3333740234375,0.9230915904045105
57,1766548390.7425764,2275200,0.05428571626543999,382.0,0.9963971972465515,0.08465608954429626,374.71429443359375,1.0083585977554321,-0.15925927460193634,1227.800048828125,0.8237452507019043,0.125,1120.3333740234375,0.9230915904045105
58,1766548396.6144567,2278400,0.05428571626543999,382.0,0.9963971972465515,0.08465608954429626,374.71429443359375,1.0083585977554321,-0.2433333396911621,590.0,0.6877384781837463,0.125,1120.3333740234375,0.9230915904045105
59,1766548398.683402,2281600,0.05428571626543999,382.0,0.9963971972465515,0.08465608954429626,374.71429443359375,1.0083585977554321,-0.2433333396911621,590.0,0.6877384781837463,0.1111111119389534,1418.0,1.0332117080688477
60,1766548403.5838764,2284800,0.05428571626543999,382.0,0.9963971972465515,0.08465608954429626,374.71429443359375,1.0083585977554321,-0.2433333396911621,590.0,0.6877384781837463,0.0,1000.0,0.8946114778518677
61,1766548403.6475775,2288000,0.03116883523762226,917.4000244140625,0.9937861561775208,0.08465608954429626,374.71429443359375,1.0083585977554321,-0.2433333396911621,590.0,0.6877384781837463,0.0,1000.0,0.8946114778518677
62,1766548404.8547318,2291200,0.03116883523762226,917.4000244140625,0.9937861561775208,0.04076479375362396,657.9091186523438,1.0049856901168823,-0.2433333396911621,590.0,0.6877384781837463,0.0,1000.0,0.8946114778518677
63,1766548408.8308983,2294400,0.03116883523762226,917.4000244140625,0.9937861561775208,0.04076479375362396,657.9091186523438,1.0049856901168823,-0.2433333396911621,590.0,0.6877384781837463,-0.09090909361839294,1617.0,0.7562881112098694
64,1766548410.5665998,2297600,0.02857143245637417,1283.5,0.9856901168823242,0.04076479375362396,657.9091186523438,1.0049856901168823,-0.2433333396911621,590.0,0.6877384781837463,-0.09090909361839294,1617.0,0.7562881112098694
65,1766548414.0863385,2300800,0.02857143245637417,1283.5,0.9856901168823242,0.04076479375362396,657.9091186523438,1.0049856901168823,-0.2666666805744171,738.75,0.7590665817260742,-0.09090909361839294,1617.0,0.7562881112098694
66,1766548419.512574,2304000,0.02857143245637417,1283.5,0.9856901168823242,0.04076479375362396,657.9091186523438,1.0049856901168823,-0.2666666805744171,738.75,0.7590665817260742,-0.0416666679084301,775.0,0.8207255601882935
67,1766548421.2145596,2307200,0.02857143245637417,1283.5,0.9856901168823242,0.04076479375362396,657.9091186523438,1.0049856901168823,-0.16111111640930176,1652.0,0.4765293002128601,-0.0416666679084301,775.0,0.8207255601882935
68,1766548429.1728678,2310400,0.02857143245637417,1283.5,0.9856901168823242,0.04076479375362396,657.9091186523438,1.0049856901168823,-0.16111111640930176,1652.0,0.4765293002128601,-0.11538462340831757,1783.0,0.5458101630210876
69,1766548437.0586288,2313600,0.0007326030172407627,1036.666748046875,0.9970712065696716,0.04076479375362396,657.9091186523438,1.0049856901168823,-0.16111111640930176,1652.0,0.4765293002128601,-0.11538462340831757,1783.0,0.5458101630210876
70,1766548440.2663152,2316800,0.02448979951441288,1596.0,0.99000483751297,0.04076479375362396,657.9091186523438,1.0049856901168823,-0.16111111640930176,1652.0,0.4765293002128601,-0.11538462340831757,1783.0,0.5458101630210876
71,1766548442.2871437,2320000,0.02448979951441288,1596.0,0.99000483751297,0.06118326261639595,339.2857360839844,0.9985777139663696,-0.16111111640930176,1652.0,0.4765293002128601,-0.11538462340831757,1783.0,0.5458101630210876
72,1766548444.0244887,2323200,0.022857146337628365,1334.0,0.9953388571739197,0.06118326261639595,339.2857360839844,0.9985777139663696,-0.16111111640930176,1652.0,0.4765293002128601,-0.11538462340831757,1783.0,0.5458101630210876
73,1766548448.656493,2326400,0.022857146337628365,1334.0,0.9953388571739197,0.06118326261639595,339.2857360839844,0.9985777139663696,-0.1487179547548294,1304.25,0.7494542002677917,-0.11538462340831757,1783.0,0.5458101630210876
74,1766548448.7706602,2329600,0.022857146337628365,1334.0,0.9873371124267578,0.06118326261639595,339.2857360839844,0.9985777139663696,-0.1487179547548294,1304.25,0.7494542002677917,-0.11538462340831757,1783.0,0.5458101630210876
75,1766548456.119267,2332800,0.022857146337628365,1334.0,0.9873371124267578,0.06118326261639595,339.2857360839844,0.9985777139663696,-0.11428572237491608,1781.666748046875,0.9709617495536804,-0.11538462340831757,1783.0,0.5458101630210876
76,1766548456.3519492,2336000,0.022857146337628365,1334.0,0.9873371124267578,0.02717652916908264,211.57144165039062,0.9993407726287842,-0.11428572237491608,1781.666748046875,0.9709617495536804,-0.11538462340831757,1783.0,0.5458101630210876
77,1766548458.0349834,2339200,0.022857146337628365,1334.0,0.9873371124267578,0.02717652916908264,211.57144165039062,0.9993407726287842,-0.11428572237491608,1781.666748046875,0.9709617495536804,-0.130952388048172,1640.0,1.0743398666381836
78,1766548462.196592,2342400,0.022857146337628365,1334.0,0.9873371124267578,0.02717652916908264,211.57144165039062,0.9993407726287842,-0.12888890504837036,684.0,0.4721025228500366,-0.130952388048172,1640.0,1.0743398666381836
79,1766548463.852398,2345600,0.02142857387661934,1496.0,0.9890880584716797,0.02717652916908264,211.57144165039062,0.9993407726287842,-0.12888890504837036,684.0,0.4721025228500366,-0.130952388048172,1640.0,1.0743398666381836
80,1766548465.8037138,2348800,0.02142857387661934,1496.0,0.9890880584716797,0.02717652916908264,211.57144165039062,0.9993407726287842,-0.12888890504837036,684.0,0.4721025228500366,-0.055555559694767,443.0,0.963988184928894
81,1766548468.9034393,2352000,0.02142857387661934,1496.0,0.9890880584716797,0.02717652916908264,211.57144165039062,0.9993407726287842,-0.05833334103226662,2331.0,0.18055064976215363,-0.055555559694767,443.0,0.963988184928894
82,1766548474.6599107,2355200,0.02142857387661934,1496.0,0.9890880584716797,0.02717652916908264,211.57144165039062,0.9993407726287842,-0.05833334103226662,2331.0,0.18055064976215363,-0.0520833358168602,987.5,0.5242308974266052
83,1766548477.965255,2358400,0.07899159938097,1251.5,1.0047351121902466,0.02717652916908264,211.57144165039062,0.9993407726287842,-0.05833334103226662,2331.0,0.18055064976215363,-0.0520833358168602,987.5,0.5242308974266052
84,1766548480.6245792,2361600,0.07899159938097,1251.5,1.0047351121902466,0.02717652916908264,211.57144165039062,0.9993407726287842,-0.05833334103226662,2331.0,0.18055064976215363,-0.04901960864663124,1463.0,0.6629405617713928
85,1766548484.0739937,2364800,0.07899159938097,1251.5,1.0047351121902466,0.02717652916908264,211.57144165039062,0.9993407726287842,-0.05490196868777275,1322.0,0.8663674592971802,-0.04901960864663124,1463.0,0.6629405617713928
86,1766548488.8676074,2368000,0.07460317760705948,1048.75,0.9866846203804016,0.02717652916908264,211.57144165039062,0.9993407726287842,-0.05490196868777275,1322.0,0.8663674592971802,-0.04901960864663124,1463.0,0.6629405617713928
87,1766548491.7342353,2371200,0.07460317760705948,1048.75,0.9866846203804016,-0.06242012232542038,407.3999938964844,0.9991642832756042,-0.05490196868777275,1322.0,0.8663674592971802,-0.04901960864663124,1463.0,0.6629405617713928
88,1766548495.290812,2374400,0.07460317760705948,1048.75,1.0012364387512207,-0.06242012232542038,407.3999938964844,0.9991642832756042,-0.05490196868777275,1322.0,0.8663674592971802,-0.04901960864663124,1463.0,0.6629405617713928
89,1766548495.3809555,2377600,0.07460317760705948,1048.75,1.0012364387512207,-0.06242012232542038,407.3999938964844,0.9991642832756042,-0.05490196868777275,1322.0,0.8663674592971802,-0.06481482088565826,1240.666748046875,1.1292122602462769
90,1766548499.8379405,2380800,0.07460317760705948,1048.75,1.0012364387512207,-0.06242012232542038,407.3999938964844,0.9991642832756042,-0.04074074700474739,840.6000366210938,0.7288487553596497,-0.06481482088565826,1240.666748046875,1.1292122602462769
91,1766548505.921034,2384000,0.07460317760705948,1048.75,1.0012364387512207,-0.06242012232542038,407.3999938964844,0.9991642832756042,-0.09122807532548904,1124.0,0.7498962879180908,-0.06481482088565826,1240.666748046875,1.1292122602462769
92,1766548507.7113461,2387200,0.07460317760705948,1048.75,1.0012364387512207,-0.06242012232542038,407.3999938964844,0.9991642832756042,-0.09122807532548904,1124.0,0.7498962879180908,-0.061403512954711914,999.5,0.8869747519493103
93,1766548512.7113092,2390400,0.07460317760705948,1048.75,1.0012364387512207,0.02038239687681198,536.2000122070312,1.0023024082183838,-0.09122807532548904,1124.0,0.7498962879180908,-0.061403512954711914,999.5,0.8869747519493103
94,1766548514.938833,2393600,0.08120300620794296,1426.800048828125,1.0127143859863281,0.02038239687681198,536.2000122070312,1.0023024082183838,-0.09122807532548904,1124.0,0.7498962879180908,-0.061403512954711914,999.5,0.8869747519493103
95,1766548519.8282056,2396800,0.08120300620794296,1426.800048828125,1.0127143859863281,0.02038239687681198,536.2000122070312,1.0023024082183838,-0.09122807532548904,1124.0,0.7498962879180908,-0.008333337493240833,824.0,1.0195086002349854
96,1766548519.8857327,2400000,0.12714286148548126,2005.5,1.0000907182693481,0.02038239687681198,536.2000122070312,1.0023024082183838,-0.09122807532548904,1124.0,0.7498962879180908,-0.008333337493240833,824.0,1.0195086002349854
97,1766548528.577334,2403200,0.12714286148548126,2005.5,1.0000907182693481,0.02038239687681198,536.2000122070312,1.0023024082183838,-0.053333330899477005,1553.5,1.2983133792877197,-0.008333337493240833,824.0,1.0195086002349854
98,1766548529.959328,2406400,0.1369614452123642,1303.0,0.993387758731842,0.02038239687681198,536.2000122070312,1.0023024082183838,-0.053333330899477005,1553.5,1.2983133792877197,-0.008333337493240833,824.0,1.0195086002349854
99,1766548536.2409847,2409600,0.1369614452123642,1303.0,0.993387758731842,0.02038239687681198,536.2000122070312,1.0023024082183838,-0.053333330899477005,1553.5,1.2983133792877197,-0.055555559694767,1594.0,1.5356731414794922
100,1766548536.31991,2412800,0.1369614452123642,1303.0,0.993387758731842,-0.055956389755010605,500.16668701171875,1.0037524700164795,-0.053333330899477005,1553.5,1.2983133792877197,-0.055555559694767,1594.0,1.5356731414794922
101,1766548536.668639,2416000,0.13073593378067017,1093.5,0.9893360733985901,-0.055956389755010605,500.16668701171875,1.0037524700164795,-0.053333330899477005,1553.5,1.2983133792877197,-0.055555559694767,1594.0,1.5356731414794922
102,1766548543.4576483,2419200,0.13073593378067017,1093.5,0.9893360733985901,-0.055956389755010605,500.16668701171875,1.0037524700164795,-0.03492063283920288,1062.3333740234375,0.6379908323287964,-0.055555559694767,1594.0,1.5356731414794922
103,1766548544.3411129,2422400,0.0815735012292862,163.0,0.9823986887931824,-0.055956389755010605,500.16668701171875,1.0037524700164795,-0.03492063283920288,1062.3333740234375,0.6379908323287964,-0.055555559694767,1594.0,1.5356731414794922
104,1766548545.0504334,2425600,0.0815735012292862,163.0,0.9823986887931824,-0.055956389755010605,500.16668701171875,1.0037524700164795,-0.03492063283920288,1062.3333740234375,0.6379908323287964,-0.09848485141992569,1176.0,0.8134484887123108
105,1766548548.7583778,2428800,0.0815735012292862,163.0,0.9823986887931824,-0.055956389755010605,500.16668701171875,1.0037524700164795,0.012121214531362057,1166.0,0.7141013741493225,-0.09848485141992569,1176.0,0.8134484887123108
106,1766548556.2732968,2432000,0.0815735012292862,163.0,0.9823986887931824,-0.055956389755010605,500.16668701171875,1.0037524700164795,-0.031884051859378815,423.0,0.349120557308197,-0.09848485141992569,1176.0,0.8134484887123108
107,1766548556.3757474,2435200,0.0815735012292862,163.0,0.9823986887931824,-0.055956389755010605,500.16668701171875,1.0037524700164795,-0.031884051859378815,423.0,0.349120557308197,-0.11594203114509583,1139.75,0.8136191964149475
108,1766548563.0636373,2438400,0.03650793805718422,628.0,0.9815394282341003,-0.055956389755010605,500.16668701171875,1.0037524700164795,-0.031884051859378815,423.0,0.349120557308197,-0.11594203114509583,1139.75,0.8136191964149475
109,1766548563.296538,2441600,0.03650793805718422,628.0,0.9815394282341003,-0.055956389755010605,500.16668701171875,1.0037524700164795,-0.031884051859378815,423.0,0.349120557308197,-0.0694444477558136,323.0,0.5725362300872803
110,1766548572.6263607,2444800,0.03650793805718422,628.0,0.9815394282341003,-0.036075036972761154,463.857177734375,0.997098982334137,-0.031884051859378815,423.0,0.349120557308197,-0.0694444477558136,323.0,0.5725362300872803
111,1766548574.6915357,2448000,0.03650793805718422,628.0,0.9815394282341003,-0.036075036972761154,463.857177734375,0.997098982334137,-0.07222222536802292,267.0,0.14050889015197754,-0.0694444477558136,323.0,0.5725362300872803
112,1766548574.7544827,2451200,-0.0049523827619850636,1161.0,0.981801450252533,-0.036075036972761154,463.857177734375,0.997098982334137,-0.07222222536802292,267.0,0.14050889015197754,-0.0694444477558136,323.0,0.5725362300872803
113,1766548580.861472,2454400,-0.0049523827619850636,1161.0,0.981801450252533,-0.036075036972761154,463.857177734375,0.997098982334137,-0.07222222536802292,267.0,0.14050889015197754,-0.0266666691750288,574.0,0.4539864957332611
114,1766548581.9570086,2457600,-0.027838831767439842,1363.0,0.9845504760742188,-0.036075036972761154,463.857177734375,0.997098982334137,-0.07222222536802292,267.0,0.14050889015197754,-0.0266666691750288,574.0,0.4539864957332611
115,1766548585.9799702,2460800,-0.027838831767439842,1363.0,0.9883625507354736,-0.036075036972761154,463.857177734375,0.997098982334137,-0.07222222536802292,267.0,0.14050889015197754,-0.0266666691750288,574.0,0.4539864957332611
116,1766548588.719924,2464000,-0.027838831767439842,1363.0,0.9883625507354736,-0.036075036972761154,463.857177734375,0.997098982334137,-0.08933333307504654,1045.25,0.4795726537704468,-0.0266666691750288,574.0,0.4539864957332611
117,1766548594.4203541,2467200,-0.027838831767439842,1363.0,0.9883625507354736,0.02781057171523571,738.1666870117188,0.9965548515319824,-0.08933333307504654,1045.25,0.4795726537704468,-0.0266666691750288,574.0,0.4539864957332611
118,1766548594.976321,2470400,-0.027838831767439842,1363.0,0.9883625507354736,0.02781057171523571,738.1666870117188,0.9965548515319824,-0.08933333307504654,1045.25,0.4795726537704468,0.012820510193705559,959.0,0.3879198431968689
119,1766548595.5726056,2473600,-0.027838831767439842,1363.0,0.9883625507354736,0.02781057171523571,738.1666870117188,0.9965548515319824,-0.12435898184776306,858.6666870117188,0.2330712527036667,0.012820510193705559,959.0,0.3879198431968689
120,1766548596.725458,2476800,0.010229276493191719,1793.0,0.9904162883758545,0.02781057171523571,738.1666870117188,0.9965548515319824,-0.12435898184776306,858.6666870117188,0.2330712527036667,0.012820510193705559,959.0,0.3879198431968689
121,1766548601.8574266,2480000,0.010229276493191719,1793.0,0.9904162883758545,0.02781057171523571,738.1666870117188,0.9965548515319824,-0.08271604776382446,1307.0,0.8358880281448364,0.012820510193705559,959.0,0.3879198431968689
122,1766548602.44235,2483200,0.010229276493191719,1793.0,0.9904162883758545,0.02781057171523571,738.1666870117188,0.9965548515319824,-0.08271604776382446,1307.0,0.8358880281448364,0.03086419403553009,1190.0,0.49476176500320435
123,1766548603.7551653,2486400,0.045578230172395706,1753.0,0.9839930534362793,0.02781057171523571,738.1666870117188,0.9965548515319824,-0.08271604776382446,1307.0,0.8358880281448364,0.03086419403553009,1190.0,0.49476176500320435
124,1766548610.7410605,2489600,0.045578230172395706,1753.0,0.9839930534362793,0.02781057171523571,738.1666870117188,0.9965548515319824,-0.08271604776382446,1307.0,0.8358880281448364,0.01785713993012905,1437.666748046875,1.021173119544983
125,1766548611.1799417,2492800,0.07848931849002838,1645.0,0.9781792759895325,0.02781057171523571,738.1666870117188,0.9965548515319824,-0.08271604776382446,1307.0,0.8358880281448364,0.01785713993012905,1437.666748046875,1.021173119544983
126,1766548616.909216,2496000,0.07848931849002838,1645.0,0.9781792759895325,-0.05784031003713608,510.66668701171875,0.9948054552078247,-0.08271604776382446,1307.0,0.8358880281448364,0.01785713993012905,1437.666748046875,1.021173119544983
127,1766548618.3358378,2499200,0.07848931849002838,1645.0,0.9781792759895325,-0.05784031003713608,510.66668701171875,0.9948054552078247,-0.04404762014746666,1675.0,0.5661602020263672,0.01785713993012905,1437.666748046875,1.021173119544983
128,1766548619.7143862,2502400,0.07848931849002838,1645.0,0.9781792759895325,-0.05784031003713608,510.66668701171875,0.9948054552078247,-0.04404762014746666,1675.0,0.5661602020263672,0.01785713993012905,1437.666748046875,0.506473183631897
129,1766548623.1841702,2505600,0.10920634865760803,1800.666748046875,0.9812998175621033,-0.05784031003713608,510.66668701171875,0.9948054552078247,-0.04404762014746666,1675.0,0.5661602020263672,0.01785713993012905,1437.666748046875,0.506473183631897
130,1766548624.295357,2508800,0.10920634865760803,1800.666748046875,0.9812998175621033,-0.05784031003713608,510.66668701171875,0.9948054552078247,-0.008045977912843227,1663.5,0.2985896170139313,0.01785713993012905,1437.666748046875,0.506473183631897
131,1766548631.4029622,2512000,0.10920634865760803,1800.666748046875,0.9812998175621033,-0.05784031003713608,510.66668701171875,0.9948054552078247,0.025555556640028954,1071.0,0.04681982100009918,0.01785713993012905,1437.666748046875,0.506473183631897
132,1766548636.1519961,2515200,0.10920634865760803,1800.666748046875,0.9812998175621033,-0.05784031003713608,510.66668701171875,0.9948054552078247,0.025555556640028954,1071.0,0.04681982100009918,-0.017241379246115685,1534.0,0.2874487340450287
133,1766548641.4273238,2518400,0.10920634865760803,1800.666748046875,0.9812998175621033,-0.05784031003713608,510.66668701171875,0.9948054552078247,0.025555556640028954,1071.0,0.04681982100009918,-0.050000011920928955,1425.0,0.07871169596910477
134,1766548643.849869,2521600,0.1379416137933731,1308.666748046875,0.9972594380378723,-0.05784031003713608,510.66668701171875,0.9948054552078247,0.025555556640028954,1071.0,0.04681982100009918,-0.050000011920928955,1425.0,0.07871169596910477
135,1766548644.7093353,2524800,0.1379416137933731,1308.666748046875,0.9972594380378723,-0.05784031003713608,510.66668701171875,0.9948054552078247,0.056989237666130066,1618.0,1.1115151643753052,-0.050000011920928955,1425.0,0.07871169596910477
136,1766548650.964743,2528000,0.13363096117973328,977.5,0.9783265590667725,-0.05784031003713608,510.66668701171875,0.9948054552078247,0.056989237666130066,1618.0,1.1115151643753052,-0.050000011920928955,1425.0,0.07871169596910477
137,1766548651.1737719,2531200,0.13363096117973328,977.5,0.9783265590667725,-0.05784031003713608,510.66668701171875,0.9948054552078247,0.056989237666130066,1618.0,1.1115151643753052,-0.08064517378807068,1799.5,1.19655179977417
138,1766548655.655376,2534400,0.13363096117973328,977.5,0.9783265590667725,-0.10833611339330673,445.0000305175781,0.9927563071250916,0.056989237666130066,1618.0,1.1115151643753052,-0.08064517378807068,1799.5,1.19655179977417
139,1766548656.8092434,2537600,0.13363096117973328,977.5,0.9783265590667725,-0.10833611339330673,445.0000305175781,0.9927563071250916,0.06562500447034836,1089.0,0.3510758876800537,-0.08064517378807068,1799.5,1.19655179977417
140,1766548657.1538026,2540800,0.1295815408229828,1262.75,0.9811724424362183,-0.10833611339330673,445.0000305175781,0.9927563071250916,0.06562500447034836,1089.0,0.3510758876800537,-0.08064517378807068,1799.5,1.19655179977417
141,1766548661.5859425,2544000,0.1295815408229828,1262.75,0.9851499795913696,-0.10833611339330673,445.0000305175781,0.9927563071250916,0.06562500447034836,1089.0,0.3510758876800537,-0.08064517378807068,1799.5,1.19655179977417
142,1766548663.5997875,2547200,0.1295815408229828,1262.75,0.9851499795913696,-0.10833611339330673,445.0000305175781,0.9927563071250916,0.06562500447034836,1089.0,0.3510758876800537,-0.0885416716337204,1028.666748046875,0.21382462978363037
143,1766548667.516953,2550400,0.1295815408229828,1262.75,0.9851499795913696,-0.10833611339330673,445.0000305175781,0.9927563071250916,0.06363637000322342,996.75,0.5357027053833008,-0.0885416716337204,1028.666748046875,0.21382462978363037
144,1766548673.9140122,2553600,0.1295815408229828,1262.75,0.9851499795913696,-0.12440735101699829,460.8333435058594,0.9917129278182983,0.06363637000322342,996.75,0.5357027053833008,-0.0885416716337204,1028.666748046875,0.21382462978363037
145,1766548674.552818,2556800,0.15518207848072052,1536.5,0.9993270635604858,-0.12440735101699829,460.8333435058594,0.9917129278182983,0.06363637000322342,996.75,0.5357027053833008,-0.0885416716337204,1028.666748046875,0.21382462978363037
146,1766548677.264222,2560000,0.15518207848072052,1536.5,0.9993270635604858,-0.12440735101699829,460.8333435058594,0.9917129278182983,0.06363637000322342,996.75,0.5357027053833008,-0.07575757801532745,992.0,0.7891471982002258
147,1766548678.5349162,2563200,0.15518207848072052,1536.5,0.9993270635604858,-0.12440735101699829,460.8333435058594,0.9917129278182983,0.09117647260427475,1521.5,0.389519602060318,-0.07575757801532745,992.0,0.7891471982002258
148,1766548684.167257,2566400,0.15518207848072052,1536.5,0.9993270635604858,-0.12440735101699829,460.8333435058594,0.9917129278182983,0.06000000610947609,599.0,0.8260384798049927,-0.07575757801532745,992.0,0.7891471982002258
149,1766548686.471079,2569600,0.16503402590751648,1082.75,1.0229432582855225,-0.12440735101699829,460.8333435058594,0.9917129278182983,0.06000000610947609,599.0,0.8260384798049927,-0.07575757801532745,992.0,0.7891471982002258
150,1766548691.9457953,2572800,0.16503402590751648,1082.75,1.0229432582855225,-0.12440735101699829,460.8333435058594,0.9917129278182983,0.06000000610947609,599.0,0.8260384798049927,-0.09117647260427475,1238.5999755859375,1.0944087505340576
151,1766548693.1608438,2576000,0.16503402590751648,1082.75,1.0229432582855225,-0.13833574950695038,344.0,1.01395583152771,0.06000000610947609,599.0,0.8260384798049927,-0.09117647260427475,1238.5999755859375,1.0944087505340576
152,1766548696.8338323,2579200,0.17433863878250122,1706.5,0.9867361187934875,-0.13833574950695038,344.0,1.01395583152771,0.06000000610947609,599.0,0.8260384798049927,-0.09117647260427475,1238.5999755859375,1.0944087505340576
153,1766548698.4822624,2582400,0.17433863878250122,1706.5,0.9867361187934875,-0.13833574950695038,344.0,1.01395583152771,0.06000000610947609,599.0,0.8260384798049927,-0.09809523820877075,1025.666748046875,1.120507001876831
154,1766548703.4661286,2585600,0.196653813123703,983.5,0.9777288436889648,-0.13833574950695038,344.0,1.01395583152771,0.06000000610947609,599.0,0.8260384798049927,-0.09809523820877075,1025.666748046875,1.120507001876831
155,1766548706.1539087,2588800,0.196653813123703,983.5,0.9777288436889648,-0.13833574950695038,344.0,1.01395583152771,0.07222222536802292,901.0,1.1276434659957886,-0.09809523820877075,1025.666748046875,1.120507001876831
156,1766548710.671376,2592000,0.196653813123703,983.5,0.9777288436889648,-0.1921897530555725,543.75,0.9917008876800537,0.07222222536802292,901.0,1.1276434659957886,-0.09809523820877075,1025.666748046875,1.120507001876831
157,1766548715.4860811,2595200,0.196653813123703,983.5,0.9777288436889648,-0.1921897530555725,543.75,0.9917008876800537,0.097297303378582,1648.4000244140625,0.4749550223350525,-0.09809523820877075,1025.666748046875,1.120507001876831
158,1766548715.5966232,2598400,0.196653813123703,983.5,0.9777288436889648,-0.1921897530555725,543.75,0.9917008876800537,0.097297303378582,1648.4000244140625,0.4749550223350525,-0.12314815074205399,849.5,0.902402937412262
159,1766548717.2406328,2601600,0.18270675837993622,1169.666748046875,0.993051290512085,-0.1921897530555725,543.75,0.9917008876800537,0.097297303378582,1648.4000244140625,0.4749550223350525,-0.12314815074205399,849.5,0.902402937412262
160,1766548723.9012697,2604800,0.1865689903497696,1201.0,0.9904773235321045,-0.1921897530555725,543.75,0.9917008876800537,0.097297303378582,1648.4000244140625,0.4749550223350525,-0.12314815074205399,849.5,0.902402937412262
161,1766548724.2472217,2608000,0.1865689903497696,1201.0,0.9904773235321045,-0.1921897530555725,543.75,0.9917008876800537,0.06842105835676193,932.0,0.5680736899375916,-0.12314815074205399,849.5,0.902402937412262
162,1766548725.6306412,2611200,0.1865689903497696,1201.0,0.9904773235321045,-0.1921897530555725,543.75,0.9917008876800537,0.06842105835676193,932.0,0.5680736899375916,-0.14684684574604034,1453.75,0.972662627696991
163,1766548730.8871763,2614400,0.1865689903497696,1201.0,0.9904773235321045,-0.1921897530555725,543.75,0.9917008876800537,0.07179487496614456,1169.4000244140625,0.6415215730667114,-0.14684684574604034,1453.75,0.972662627696991
164,1766548733.7664995,2617600,0.1865689903497696,1201.0,0.9904773235321045,-0.1921897530555725,543.75,0.9917008876800537,0.07179487496614456,1169.4000244140625,0.6415215730667114,-0.1241854652762413,824.0000610351562,0.9244281053543091
165,1766548738.399057,2620800,0.1865689903497696,1201.0,0.9904773235321045,-0.1921897530555725,543.75,0.9917008876800537,0.07179487496614456,1169.4000244140625,0.6415215730667114,-0.14664225280284882,1314.0,0.4926469326019287
166,1766548742.831872,2624000,0.1865689903497696,1201.0,0.9904773235321045,-0.16127663850784302,468.3333435058594,1.0019882917404175,0.07179487496614456,1169.4000244140625,0.6415215730667114,-0.14664225280284882,1314.0,0.4926469326019287
167,1766548752.4490242,2627200,0.1735714226961136,1095.3333740234375,0.9887214303016663,-0.16127663850784302,468.3333435058594,1.0019882917404175,0.07179487496614456,1169.4000244140625,0.6415215730667114,-0.14664225280284882,1314.0,0.4926469326019287
168,1766548753.5859866,2630400,0.1735714226961136,1095.3333740234375,0.9887214303016663,-0.16127663850784302,468.3333435058594,1.0019882917404175,0.06166667491197586,603.0,0.25955361127853394,-0.14664225280284882,1314.0,0.4926469326019287
169,1766548764.2862158,2633600,0.1735714226961136,1095.3333740234375,0.9887214303016663,-0.16127663850784302,468.3333435058594,1.0019882917404175,0.06166667491197586,603.0,0.25955361127853394,-0.14297619462013245,1162.75,0.623820960521698
170,1766548766.8858142,2636800,0.18559813499450684,1495.666748046875,0.9775213599205017,-0.16127663850784302,468.3333435058594,1.0019882917404175,0.06166667491197586,603.0,0.25955361127853394,-0.14297619462013245,1162.75,0.623820960521698
171,1766548771.0595653,2640000,0.15736961364746094,549.5,0.9762951731681824,-0.16127663850784302,468.3333435058594,1.0019882917404175,0.06166667491197586,603.0,0.25955361127853394,-0.14297619462013245,1162.75,0.623820960521698
172,1766548775.4544182,2643200,0.15736961364746094,549.5,0.9762951731681824,-0.16127663850784302,468.3333435058594,1.0019882917404175,0.08455284684896469,1564.5999755859375,0.37568381428718567,-0.14297619462013245,1162.75,0.623820960521698
173,1766548775.794734,2646400,0.13045403361320496,215.6666717529297,0.9915415048599243,-0.16127663850784302,468.3333435058594,1.0019882917404175,0.08455284684896469,1564.5999755859375,0.37568381428718567,-0.14297619462013245,1162.75,0.623820960521698
174,1766548777.6290872,2649600,0.13045403361320496,215.6666717529297,0.9915415048599243,-0.1831810176372528,504.6666564941406,0.9906516671180725,0.08455284684896469,1564.5999755859375,0.37568381428718567,-0.14297619462013245,1162.75,0.623820960521698
175,1766548782.8050048,2652800,0.13045403361320496,215.6666717529297,0.9915415048599243,-0.1831810176372528,504.6666564941406,0.9906516671180725,0.08455284684896469,1564.5999755859375,0.37568381428718567,-0.15412311255931854,1055.4000244140625,0.34056738018989563
176,1766548783.5885363,2656000,0.10476190596818924,238.0,0.9825823903083801,-0.1831810176372528,504.6666564941406,0.9906516671180725,0.08455284684896469,1564.5999755859375,0.37568381428718567,-0.15412311255931854,1055.4000244140625,0.34056738018989563
177,1766548784.4389427,2659200,0.10476190596818924,238.0,0.9825823903083801,-0.1831810176372528,504.6666564941406,0.9906516671180725,0.06666667014360428,627.3333740234375,0.6840178370475769,-0.15412311255931854,1055.4000244140625,0.34056738018989563
178,1766548788.556966,2662400,0.10476190596818924,238.0,0.9825823903083801,-0.1831810176372528,504.6666564941406,0.9906516671180725,0.057364340871572495,332.3333435058594,0.6830201745033264,-0.15412311255931854,1055.4000244140625,0.34056738018989563
179,1766548791.8658133,2665600,0.10243386775255203,928.25,0.9760715961456299,-0.1831810176372528,504.6666564941406,0.9906516671180725,0.057364340871572495,332.3333435058594,0.6830201745033264,-0.15412311255931854,1055.4000244140625,0.34056738018989563
180,1766548793.9767048,2668800,0.10243386775255203,928.25,0.9760715961456299,-0.1831810176372528,504.6666564941406,0.9906516671180725,0.057364340871572495,332.3333435058594,0.6830201745033264,-0.14251700043678284,735.6666870117188,0.7932044863700867
181,1766548797.8510773,2672000,0.10243386775255203,928.25,0.9760715961456299,-0.13594591617584229,267.5714416503906,0.9888727068901062,0.057364340871572495,332.3333435058594,0.6830201745033264,-0.14251700043678284,735.6666870117188,0.7932044863700867
182,1766548799.5412724,2675200,0.10243386775255203,928.25,0.9760715961456299,-0.13594591617584229,267.5714416503906,0.9888727068901062,0.057364340871572495,332.3333435058594,0.6830201745033264,-0.14251700043678284,735.6666870117188,0.4821273684501648
183,1766548803.3932545,2678400,0.12194617092609406,1121.0,0.9732789993286133,-0.13594591617584229,267.5714416503906,0.9888727068901062,0.057364340871572495,332.3333435058594,0.6830201745033264,-0.14251700043678284,735.6666870117188,0.4821273684501648
184,1766548803.7246628,2681600,0.12194617092609406,1121.0,0.9732789993286133,-0.13594591617584229,267.5714416503906,0.9888727068901062,0.044696975499391556,588.25,0.444853276014328,-0.14251700043678284,735.6666870117188,0.4821273684501648
185,1766548809.1348798,2684800,0.12194617092609406,1121.0,0.9732789993286133,-0.13594591617584229,267.5714416503906,0.9888727068901062,0.06592592597007751,1013.0,0.1388782113790512,-0.14251700043678284,735.6666870117188,0.4821273684501648
186,1766548811.302093,2688000,0.1299898624420166,1201.25,0.9913811087608337,-0.13594591617584229,267.5714416503906,0.9888727068901062,0.06592592597007751,1013.0,0.1388782113790512,-0.14251700043678284,735.6666870117188,0.4821273684501648
187,1766548812.6085317,2691200,0.1299898624420166,1201.25,0.9913811087608337,-0.13594591617584229,267.5714416503906,0.9888727068901062,0.06592592597007751,1013.0,0.1388782113790512,-0.13920265436172485,786.25,0.48383527994155884
188,1766548817.109522,2694400,0.12311508506536484,712.7999877929688,0.983792781829834,-0.13594591617584229,267.5714416503906,0.9888727068901062,0.06592592597007751,1013.0,0.1388782113790512,-0.13920265436172485,786.25,0.48383527994155884
189,1766548819.0296423,2697600,0.12311508506536484,712.7999877929688,0.983792781829834,-0.13594591617584229,267.5714416503906,0.9888727068901062,0.06592592597007751,1013.0,0.1388782113790512,-0.13149350881576538,658.4000244140625,0.7851247787475586
190,1766548820.4727309,2700800,0.12311508506536484,712.7999877929688,0.983792781829834,-0.13594591617584229,267.5714416503906,0.9888727068901062,0.08623188734054565,1290.0,0.8045521378517151,-0.13149350881576538,658.4000244140625,0.7851247787475586
191,1766548820.9936342,2704000,0.14101068675518036,1196.0,1.0038288831710815,-0.13594591617584229,267.5714416503906,0.9888727068901062,0.08623188734054565,1290.0,0.8045521378517151,-0.13149350881576538,658.4000244140625,0.7851247787475586
192,1766548822.0765958,2707200,0.14101068675518036,1196.0,1.0038288831710815,-0.1253024786710739,397.0769348144531,0.9916763305664062,0.08623188734054565,1290.0,0.8045521378517151,-0.13149350881576538,658.4000244140625,0.7851247787475586
193,1766548827.7921546,2710400,0.14101068675518036,1196.0,1.0038288831710815,-0.1253024786710739,397.0769348144531,0.9916763305664062,0.07588653266429901,430.8000183105469,0.537014901638031,-0.13149350881576538,658.4000244140625,0.7851247787475586
194,1766548830.0788097,2713600,0.13319048285484314,790.75,1.0126508474349976,-0.1253024786710739,397.0769348144531,0.9916763305664062,0.07588653266429901,430.8000183105469,0.537014901638031,-0.13149350881576538,658.4000244140625,0.7851247787475586
195,1766548831.5466638,2716800,0.13319048285484314,790.75,1.0126508474349976,-0.1253024786710739,397.0769348144531,0.9916763305664062,0.07588653266429901,430.8000183105469,0.537014901638031,-0.1230158731341362,459.875,0.8063666820526123
196,1766548833.2515523,2720000,0.13319048285484314,790.75,1.0126508474349976,-0.1288595050573349,399.8000183105469,1.0161688327789307,0.07588653266429901,430.8000183105469,0.537014901638031,-0.1230158731341362,459.875,0.8063666820526123
197,1766548836.4750624,2723200,0.11097106337547302,453.0,0.984695553779602,-0.1288595050573349,399.8000183105469,1.0161688327789307,0.07588653266429901,430.8000183105469,0.537014901638031,-0.1230158731341362,459.875,0.8063666820526123
198,1766548836.60933,2726400,0.11097106337547302,453.0,0.984695553779602,-0.1288595050573349,399.8000183105469,1.0161688327789307,0.07430556416511536,1054.0,0.319414883852005,-0.1230158731341362,459.875,0.8063666820526123
199,1766548839.4314485,2729600,0.11097106337547302,453.0,0.984695553779602,-0.1288595050573349,399.8000183105469,1.0161688327789307,0.07430556416511536,1054.0,0.319414883852005,-0.12034161388874054,766.75,0.7469452023506165
200,1766548841.7666078,2732800,0.11097106337547302,453.0,0.984695553779602,-0.1288595050573349,399.8000183105469,1.0161688327789307,0.06870748102664948,1037.5999755859375,1.2020024061203003,-0.12034161388874054,766.75,0.7469452023506165
201,1766548843.4133344,2736000,0.11097106337547302,453.0,0.984695553779602,-0.1288595050573349,399.8000183105469,1.0161688327789307,0.06870748102664948,1037.5999755859375,1.2020024061203003,-0.11352583020925522,981.0,1.286336898803711
202,1766548847.108042,2739200,0.11097106337547302,453.0,0.984695553779602,-0.1288595050573349,399.8000183105469,1.0161688327789307,0.06870748102664948,1037.5999755859375,1.2020024061203003,-0.11810515820980072,1402.0,1.0893291234970093
203,1766548849.1957371,2742400,0.11097106337547302,453.0,0.984695553779602,-0.1288595050573349,399.8000183105469,1.0161688327789307,0.06066667288541794,438.66668701171875,0.5766026377677917,-0.11810515820980072,1402.0,1.0893291234970093
204,1766548851.2794745,2745600,0.11097106337547302,453.0,0.984695553779602,-0.1059567928314209,299.125,1.004294991493225,0.06066667288541794,438.66668701171875,0.5766026377677917,-0.11810515820980072,1402.0,1.0893291234970093
205,1766548852.3935506,2748800,0.100095734000206,758.9091186523438,0.9914878606796265,-0.1059567928314209,299.125,1.004294991493225,0.06066667288541794,438.66668701171875,0.5766026377677917,-0.11810515820980072,1402.0,1.0893291234970093
206,1766548853.4355843,2752000,0.100095734000206,758.9091186523438,0.9914878606796265,-0.1059567928314209,299.125,1.004294991493225,0.06066667288541794,438.66668701171875,0.5766026377677917,-0.10889212787151337,537.8333740234375,0.7612781524658203
207,1766548859.7400513,2755200,0.100095734000206,758.9091186523438,0.9914878606796265,-0.1059567928314209,299.125,1.004294991493225,0.06066667288541794,438.66668701171875,0.5766026377677917,-0.09338094294071198,279.5,0.8176367282867432
208,1766548863.5132005,2758400,0.100095734000206,758.9091186523438,0.9914878606796265,-0.1059567928314209,299.125,1.004294991493225,0.043137263506650925,340.66668701171875,0.5719896554946899,-0.09338094294071198,279.5,0.8176367282867432
209,1766548866.4527843,2761600,0.08405619114637375,486.6875,1.0124369859695435,-0.1059567928314209,299.125,1.004294991493225,0.043137263506650925,340.66668701171875,0.5719896554946899,-0.09338094294071198,279.5,0.8176367282867432
210,1766548871.2651963,2764800,0.08405619114637375,486.6875,1.0124369859695435,-0.07719538360834122,278.8333435058594,1.0115677118301392,0.043137263506650925,340.66668701171875,0.5719896554946899,-0.09338094294071198,279.5,0.8176367282867432
211,1766548877.4160411,2768000,0.08405619114637375,486.6875,1.0124369859695435,-0.07719538360834122,278.8333435058594,1.0115677118301392,0.043137263506650925,340.66668701171875,0.5719896554946899,-0.07439309358596802,342.25,1.3068695068359375
212,1766548879.5306897,2771200,0.0639810860157013,128.88888549804688,1.0279219150543213,-0.07719538360834122,278.8333435058594,1.0115677118301392,0.043137263506650925,340.66668701171875,0.5719896554946899,-0.07439309358596802,342.25,1.3068695068359375
213,1766548885.7976387,2774400,0.0639810860157013,128.88888549804688,1.0279219150543213,-0.07719538360834122,278.8333435058594,1.0115677118301392,0.026739930734038353,248.61904907226562,1.3539373874664307,-0.07439309358596802,342.25,1.3068695068359375
214,1766548889.286358,2777600,0.0639810860157013,128.88888549804688,1.0279219150543213,-0.03231225535273552,127.71429443359375,1.0170788764953613,0.026739930734038353,248.61904907226562,1.3539373874664307,-0.07439309358596802,342.25,1.3068695068359375
215,1766548890.4858222,2780800,0.04794175177812576,287.0,1.0172269344329834,-0.03231225535273552,127.71429443359375,1.0170788764953613,0.026739930734038353,248.61904907226562,1.3539373874664307,-0.07439309358596802,342.25,1.3068695068359375
216,1766548895.6669812,2784000,0.04794175177812576,287.0,1.0172269344329834,-0.03231225535273552,127.71429443359375,1.0170788764953613,0.026739930734038353,248.61904907226562,1.3539373874664307,-0.05373168736696243,202.1333465576172,1.7063876390457153
217,1766548900.817124,2787200,0.029228510335087776,362.75,1.0073134899139404,-0.03231225535273552,127.71429443359375,1.0170788764953613,0.026739930734038353,248.61904907226562,1.3539373874664307,-0.05373168736696243,202.1333465576172,1.7063876390457153
218,1766548901.1636047,2790400,0.029228510335087776,362.75,1.0073134899139404,-0.03231225535273552,127.71429443359375,1.0170788764953613,0.011141064576804638,331.3000183105469,1.0650287866592407,-0.05373168736696243,202.1333465576172,1.7063876390457153
219,1766548907.290912,2793600,0.029228510335087776,362.75,1.0073134899139404,0.003646907629445195,230.1333465576172,1.0042998790740967,0.011141064576804638,331.3000183105469,1.0650287866592407,-0.05373168736696243,202.1333465576172,1.7063876390457153
220,1766548909.9093885,2796800,0.017019815742969513,684.8333740234375,0.9899274706840515,0.003646907629445195,230.1333465576172,1.0042998790740967,0.011141064576804638,331.3000183105469,1.0650287866592407,-0.05373168736696243,202.1333465576172,1.7063876390457153
221,1766548916.772639,2800000,0.017019815742969513,684.8333740234375,0.9899274706840515,0.003646907629445195,230.1333465576172,1.0042998790740967,0.002998239593580365,444.2857360839844,0.8981329202651978,-0.05373168736696243,202.1333465576172,1.7063876390457153
222,1766548917.273354,2803200,0.033967748284339905,841.5,0.9799198508262634,0.003646907629445195,230.1333465576172,1.0042998790740967,0.002998239593580365,444.2857360839844,0.8981329202651978,-0.05373168736696243,202.1333465576172,1.7063876390457153
223,1766548918.0751858,2806400,0.033967748284339905,841.5,0.9799198508262634,0.003646907629445195,230.1333465576172,1.0042998790740967,0.002998239593580365,444.2857360839844,0.8981329202651978,-0.04414154961705208,457.18182373046875,1.1049586534500122
224,1766548925.2158587,2809600,0.033967748284339905,841.5,0.9799198508262634,0.003646907629445195,230.1333465576172,1.0042998790740967,-0.006147183012217283,895.75,0.6084864139556885,-0.04414154961705208,457.18182373046875,1.1049586534500122
225,1766548932.199639,2812800,0.024917449802160263,541.25,1.0050930976867676,0.003646907629445195,230.1333465576172,1.0042998790740967,-0.006147183012217283,895.75,0.6084864139556885,-0.04414154961705208,457.18182373046875,1.1049586534500122
226,1766548932.8633094,2816000,0.024917449802160263,541.25,1.0050930976867676,0.02098916284739971,260.9090881347656,1.0013465881347656,-0.006147183012217283,895.75,0.6084864139556885,-0.04414154961705208,457.18182373046875,1.1049586534500122
227,1766548933.9765177,2819200,0.024917449802160263,541.25,1.0050930976867676,0.02098916284739971,260.9090881347656,1.0013465881347656,-0.006147183012217283,895.75,0.6084864139556885,-0.03009660169482231,534.7142944335938,0.8674553632736206
228,1766548936.7669837,2822400,0.024917449802160263,541.25,1.0050930976867676,0.02098916284739971,260.9090881347656,1.0013465881347656,-0.016751697286963463,275.0,0.4458680748939514,-0.03009660169482231,534.7142944335938,0.8674553632736206
229,1766548939.474184,2825600,0.007835491560399532,581.3333740234375,0.9933701753616333,0.02098916284739971,260.9090881347656,1.0013465881347656,-0.016751697286963463,275.0,0.4458680748939514,-0.03009660169482231,534.7142944335938,0.8674553632736206
230,1766548942.041075,2828800,0.007835491560399532,581.3333740234375,0.9933701753616333,0.02098916284739971,260.9090881347656,1.0013465881347656,-0.016751697286963463,275.0,0.4458680748939514,-0.023488780483603477,301.0,0.8403576612472534
231,1766548947.4938312,2832000,-0.008686397224664688,199.0,1.0113235712051392,0.02098916284739971,260.9090881347656,1.0013465881347656,-0.016751697286963463,275.0,0.4458680748939514,-0.023488780483603477,301.0,0.8403576612472534
232,1766548947.9681828,2835200,-0.008686397224664688,199.0,1.0113235712051392,0.02098916284739971,260.9090881347656,1.0013465881347656,-0.028153713792562485,521.5,0.866464376449585,-0.023488780483603477,301.0,0.8403576612472534
233,1766548948.3771317,2838400,-0.008686397224664688,199.0,1.0113235712051392,0.03255746141076088,337.1111145019531,1.0046645402908325,-0.028153713792562485,521.5,0.866464376449585,-0.023488780483603477,301.0,0.8403576612472534
234,1766548955.5443044,2841600,-0.008686397224664688,199.0,1.0113235712051392,0.03255746141076088,337.1111145019531,1.0046645402908325,-0.028153713792562485,521.5,0.866464376449585,-0.015416277572512627,780.4285888671875,1.1727063655853271
235,1766548957.086252,2844800,-0.008686397224664688,199.0,1.0113235712051392,0.03255746141076088,337.1111145019531,1.0046645402908325,-0.03628899157047272,496.75,0.9088569283485413,-0.015416277572512627,780.4285888671875,1.1727063655853271
236,1766548962.067899,2848000,-0.008686397224664688,199.0,1.0113235712051392,0.03255746141076088,337.1111145019531,1.0046645402908325,-0.03628899157047272,496.75,0.9088569283485413,-0.003449908457696438,400.16668701171875,1.0618771314620972
237,1766548965.0972319,2851200,-0.013922641053795815,813.1111450195312,1.00286865234375,0.03255746141076088,337.1111145019531,1.0046645402908325,-0.03628899157047272,496.75,0.9088569283485413,-0.003449908457696438,400.16668701171875,1.0618771314620972
238,1766548970.9132407,2854400,-0.013922641053795815,813.1111450195312,1.00286865234375,0.03255746141076088,337.1111145019531,1.0046645402908325,-0.04838579148054123,362.125,0.8843705654144287,-0.003449908457696438,400.16668701171875,1.0618771314620972
239,1766548974.925365,2857600,-0.029574664309620857,195.1999969482422,0.9931986927986145,0.03255746141076088,337.1111145019531,1.0046645402908325,-0.04838579148054123,362.125,0.8843705654144287,-0.003449908457696438,400.16668701171875,1.0618771314620972
240,1766548980.244686,2860800,-0.036925058811903,597.0,0.984557032585144,0.03255746141076088,337.1111145019531,1.0046645402908325,-0.04838579148054123,362.125,0.8843705654144287,-0.003449908457696438,400.16668701171875,1.0618771314620972
241,1766548981.0928366,2864000,-0.036925058811903,597.0,0.984557032585144,0.056904904544353485,278.0,1.0029449462890625,-0.04838579148054123,362.125,0.8843705654144287,-0.003449908457696438,400.16668701171875,1.0618771314620972
242,1766548981.8617725,2867200,-0.036925058811903,597.0,0.984557032585144,0.056904904544353485,278.0,1.0029449462890625,-0.04838579148054123,362.125,0.8843705654144287,0.00892484188079834,299.8571472167969,0.8101580142974854
243,1766548985.9212415,2870400,-0.036925058811903,597.0,0.984557032585144,0.056904904544353485,278.0,1.0029449462890625,-0.05869048088788986,509.8333435058594,0.7716413736343384,0.00892484188079834,299.8571472167969,0.8101580142974854
244,1766548991.243861,2873600,-0.036925058811903,597.0,0.984557032585144,0.056904904544353485,278.0,1.0029449462890625,-0.06592505425214767,507.25,0.39524704217910767,0.00892484188079834,299.8571472167969,0.8101580142974854
245,1766548995.2187934,2876800,-0.036925058811903,597.0,0.984557032585144,0.056904904544353485,278.0,1.0029449462890625,-0.06592505425214767,507.25,0.39524704217910767,0.01724814996123314,575.0,0.9502313733100891
246,1766548997.3962762,2880000,-0.04404928907752037,1018.75,0.9861143231391907,0.056904904544353485,278.0,1.0029449462890625,-0.06592505425214767,507.25,0.39524704217910767,0.01724814996123314,575.0,0.9502313733100891
247,1766549006.58871,2883200,-0.05853338912129402,162.60000610351562,0.9800918102264404,0.056904904544353485,278.0,1.0029449462890625,-0.06592505425214767,507.25,0.39524704217910767,0.01724814996123314,575.0,0.9502313733100891
248,1766549008.5364273,2886400,-0.05853338912129402,162.60000610351562,0.9800918102264404,0.056904904544353485,278.0,1.0029449462890625,-0.06592505425214767,507.25,0.39524704217910767,0.03362734988331795,424.25,0.7099779844284058
249,1766549010.1577556,2889600,-0.05853338912129402,162.60000610351562,0.9800918102264404,0.08252886682748795,283.20001220703125,1.0008344650268555,-0.06592505425214767,507.25,0.39524704217910767,0.03362734988331795,424.25,0.7099779844284058
250,1766549010.6581635,2892800,-0.057659752666950226,861.0,0.9739019274711609,0.08252886682748795,283.20001220703125,1.0008344650268555,-0.06592505425214767,507.25,0.39524704217910767,0.03362734988331795,424.25,0.7099779844284058
251,1766549014.7662516,2896000,-0.057659752666950226,861.0,0.9739019274711609,0.08252886682748795,283.20001220703125,1.0008344650268555,-0.07695852220058441,551.625,0.47056037187576294,0.03362734988331795,424.25,0.7099779844284058
252,1766549017.9865525,2899200,-0.06416475772857666,670.75,0.9787504076957703,0.08252886682748795,283.20001220703125,1.0008344650268555,-0.07695852220058441,551.625,0.47056037187576294,0.03362734988331795,424.25,0.7099779844284058
253,1766549020.5028076,2902400,-0.06416475772857666,670.75,0.9787504076957703,0.08252886682748795,283.20001220703125,1.0008344650268555,-0.08367347717285156,568.0,0.31408730149269104,0.03362734988331795,424.25,0.7099779844284058
254,1766549025.2438855,2905600,-0.05840391293168068,944.0,0.9775726199150085,0.08252886682748795,283.20001220703125,1.0008344650268555,-0.08367347717285156,568.0,0.31408730149269104,0.03362734988331795,424.25,0.7099779844284058
255,1766549025.682293,2908800,-0.05840391293168068,944.0,0.9775726199150085,0.08252886682748795,283.20001220703125,1.0008344650268555,-0.08367347717285156,568.0,0.31408730149269104,0.04400504380464554,340.66668701171875,0.7355750203132629
256,1766549026.8774648,2912000,-0.05840391293168068,944.0,0.9775726199150085,0.08811124414205551,246.0,0.995367705821991,-0.08367347717285156,568.0,0.31408730149269104,0.04400504380464554,340.66668701171875,0.7355750203132629
257,1766549028.1375506,2915200,-0.05840391293168068,944.0,0.9775726199150085,0.08811124414205551,246.0,0.995367705821991,-0.08236607164144516,928.5,0.2678223252296448,0.04400504380464554,340.66668701171875,0.7355750203132629
258,1766549032.0356233,2918400,-0.05756957083940506,1000.5,0.9713037610054016,0.08811124414205551,246.0,0.995367705821991,-0.08236607164144516,928.5,0.2678223252296448,0.04400504380464554,340.66668701171875,0.7355750203132629
259,1766549034.333048,2921600,-0.05756957083940506,1000.5,0.9713037610054016,0.08811124414205551,246.0,0.995367705821991,-0.08236607164144516,928.5,0.2678223252296448,0.03791893273591995,850.0,0.5851402282714844
260,1766549035.0515366,2924800,-0.05756957083940506,1000.5,0.9713037610054016,0.08811124414205551,246.0,0.995367705821991,-0.08109889924526215,723.0,0.34279799461364746,0.03791893273591995,850.0,0.5851402282714844
261,1766549040.6067052,2928000,-0.05756957083940506,1000.5,0.9713037610054016,0.08811124414205551,246.0,0.995367705821991,-0.08492063730955124,619.0,0.2344668209552765,0.03791893273591995,850.0,0.5851402282714844
262,1766549041.144265,2931200,-0.05756957083940506,1000.5,0.9713037610054016,0.08811124414205551,246.0,0.995367705821991,-0.08492063730955124,619.0,0.2344668209552765,0.037317048758268356,646.5,0.46371954679489136
263,1766549044.2036908,2934400,-0.052063893526792526,1188.666748046875,0.9858319163322449,0.08811124414205551,246.0,0.995367705821991,-0.08492063730955124,619.0,0.2344668209552765,0.037317048758268356,646.5,0.46371954679489136
264,1766549045.7831788,2937600,-0.052063893526792526,1188.666748046875,0.9858319163322449,0.08811124414205551,246.0,0.995367705821991,-0.08492063730955124,619.0,0.2344668209552765,0.0523589663207531,124.5,0.5424637198448181
265,1766549049.5547984,2940800,-0.052063893526792526,1188.666748046875,0.9858319163322449,0.08811124414205551,246.0,0.995367705821991,-0.06872779130935669,1126.0,0.6753418445587158,0.0523589663207531,124.5,0.5424637198448181
266,1766549051.0088105,2944000,-0.052063893526792526,1188.666748046875,0.9858319163322449,0.08811124414205551,246.0,0.995367705821991,-0.06872779130935669,1126.0,0.6753418445587158,0.03616883233189583,1398.5,0.4131370782852173
267,1766549052.176198,2947200,-0.06522968411445618,418.0,0.9995891451835632,0.08811124414205551,246.0,0.995367705821991,-0.06872779130935669,1126.0,0.6753418445587158,0.03616883233189583,1398.5,0.4131370782852173
268,1766549054.9020333,2950400,-0.06522968411445618,418.0,0.9995891451835632,0.08526894450187683,360.20001220703125,0.9964442849159241,-0.06872779130935669,1126.0,0.6753418445587158,0.03616883233189583,1398.5,0.4131370782852173
269,1766549060.5058923,2953600,-0.06522968411445618,418.0,0.9995891451835632,0.08526894450187683,360.20001220703125,0.9964442849159241,-0.0698179304599762,881.1428833007812,0.821805477142334,0.03616883233189583,1398.5,0.4131370782852173
270,1766549061.3843875,2956800,-0.05976990982890129,1120.5,1.0087757110595703,0.08526894450187683,360.20001220703125,0.9964442849159241,-0.0698179304599762,881.1428833007812,0.821805477142334,0.03616883233189583,1398.5,0.4131370782852173
271,1766549068.4189968,2960000,-0.05976990982890129,1120.5,1.0087757110595703,0.08526894450187683,360.20001220703125,0.9964442849159241,-0.07605244964361191,418.5,0.8659252524375916,0.03616883233189583,1398.5,0.4131370782852173
272,1766549068.716897,2963200,-0.05976990982890129,1120.5,1.0087757110595703,0.08526894450187683,360.20001220703125,0.9964442849159241,-0.07605244964361191,418.5,0.8659252524375916,0.03975304961204529,622.6363525390625,0.8888833522796631
273,1766549074.37944,2966400,-0.05976990982890129,1120.5,1.0087757110595703,0.08526894450187683,360.20001220703125,0.9964442849159241,-0.07605244964361191,418.5,0.8659252524375916,0.04662240296602249,482.5,1.5811254978179932
274,1766549075.0891478,2969600,-0.06475371867418289,650.5714721679688,1.0269728899002075,0.08526894450187683,360.20001220703125,0.9964442849159241,-0.07605244964361191,418.5,0.8659252524375916,0.04662240296602249,482.5,1.5811254978179932
275,1766549077.734475,2972800,-0.06475371867418289,650.5714721679688,1.0269728899002075,0.09153285622596741,291.71429443359375,1.0089280605316162,-0.07605244964361191,418.5,0.8659252524375916,0.04662240296602249,482.5,1.5811254978179932
276,1766549080.8195033,2976000,-0.06475371867418289,650.5714721679688,1.0269728899002075,0.09153285622596741,291.71429443359375,1.0089280605316162,-0.07292517274618149,1009.2857666015625,1.2027236223220825,0.04662240296602249,482.5,1.5811254978179932
277,1766549081.5111222,2979200,-0.06475371867418289,650.5714721679688,1.0269728899002075,0.09153285622596741,291.71429443359375,1.0089280605316162,-0.07292517274618149,1009.2857666015625,1.2027236223220825,0.048877958208322525,721.4000244140625,1.198556661605835
278,1766549084.2460973,2982400,-0.06833478063344955,941.5,1.0237623453140259,0.09153285622596741,291.71429443359375,1.0089280605316162,-0.07292517274618149,1009.2857666015625,1.2027236223220825,0.048877958208322525,721.4000244140625,1.198556661605835
279,1766549093.6108503,2985600,-0.06833478063344955,941.5,1.0237623453140259,0.09153285622596741,291.71429443359375,1.0089280605316162,-0.08285266906023026,492.77777099609375,1.0699864625930786,0.048877958208322525,721.4000244140625,1.198556661605835
280,1766549095.3294158,2988800,-0.07683413475751877,376.2857360839844,0.9832581281661987,0.09153285622596741,291.71429443359375,1.0089280605316162,-0.08285266906023026,492.77777099609375,1.0699864625930786,0.048877958208322525,721.4000244140625,1.198556661605835
281,1766549097.2322788,2992000,-0.07683413475751877,376.2857360839844,0.9832581281661987,0.1025332435965538,309.81817626953125,1.0058457851409912,-0.08285266906023026,492.77777099609375,1.0699864625930786,0.048877958208322525,721.4000244140625,1.198556661605835
282,1766549099.7167091,2995200,-0.07683413475751877,376.2857360839844,0.9832581281661987,0.1025332435965538,309.81817626953125,1.0058457851409912,-0.08285266906023026,492.77777099609375,1.0699864625930786,0.055415958166122437,732.5,1.5002795457839966
283,1766549107.0633187,2998400,-0.08016529679298401,784.0,0.974928081035614,0.1025332435965538,309.81817626953125,1.0058457851409912,-0.08285266906023026,492.77777099609375,1.0699864625930786,0.055415958166122437,732.5,1.5002795457839966
284,1766549509.187703,3001600,-0.08016529679298401,784.0,0.974928081035614,0.1025332435965538,309.81817626953125,1.0058457851409912,-0.0863315761089325,625.8333740234375,0.7852502465248108,0.055415958166122437,732.5,1.5002795457839966
285,1766549514.6163032,3004800,-0.08016529679298401,784.0,0.974928081035614,0.1025332435965538,309.81817626953125,1.0058457851409912,-0.0863315761089325,625.8333740234375,0.7852502465248108,0.059386204928159714,689.6666870117188,0.6230341196060181
286,1766549515.2593513,3008000,-0.07486402988433838,1254.3333740234375,0.9722651243209839,0.1025332435965538,309.81817626953125,1.0058457851409912,-0.0863315761089325,625.8333740234375,0.7852502465248108,0.059386204928159714,689.6666870117188,0.6230341196060181
287,1766549518.5815146,3011200,-0.07486402988433838,1254.3333740234375,0.9722651243209839,0.1025332435965538,309.81817626953125,1.0058457851409912,-0.08058273792266846,1165.0,0.5246673226356506,0.059386204928159714,689.6666870117188,0.6230341196060181
288,1766549522.0807753,3014400,-0.08657461404800415,901.4000244140625,0.9747431874275208,0.1025332435965538,309.81817626953125,1.0058457851409912,-0.08058273792266846,1165.0,0.5246673226356506,0.059386204928159714,689.6666870117188,0.6230341196060181
289,1766549524.604527,3017600,-0.08657461404800415,901.4000244140625,0.9747431874275208,0.1025332435965538,309.81817626953125,1.0058457851409912,-0.08058273792266846,1165.0,0.5246673226356506,0.05150752514600754,1127.75,0.5437374114990234
290,1766549525.553948,3020800,-0.07299242913722992,1396.0,0.970019519329071,0.1025332435965538,309.81817626953125,1.0058457851409912,-0.08058273792266846,1165.0,0.5246673226356506,0.05150752514600754,1127.75,0.5437374114990234
291,1766549528.2203698,3024000,-0.07299242913722992,1396.0,0.970019519329071,0.1093214750289917,314.91668701171875,0.9949673414230347,-0.08058273792266846,1165.0,0.5246673226356506,0.05150752514600754,1127.75,0.5437374114990234
292,1766549529.760404,3027200,-0.07299242913722992,1396.0,0.970019519329071,0.1093214750289917,314.91668701171875,0.9949673414230347,-0.08760189265012741,773.0,0.442057728767395,0.05150752514600754,1127.75,0.5437374114990234
293,1766549533.463009,3030400,-0.07299242913722992,1396.0,0.970019519329071,0.1093214750289917,314.91668701171875,0.9949673414230347,-0.09976720064878464,1120.0,0.1706702560186386,0.05150752514600754,1127.75,0.5437374114990234
294,1766549536.7494469,3033600,-0.07299242913722992,1396.0,0.970019519329071,0.1093214750289917,314.91668701171875,0.9949673414230347,-0.09976720064878464,1120.0,0.1706702560186386,0.055421777069568634,914.3333740234375,0.5121015310287476
295,1766549537.9970095,3036800,-0.08443696796894073,276.0,0.9708535671234131,0.1093214750289917,314.91668701171875,0.9949673414230347,-0.09976720064878464,1120.0,0.1706702560186386,0.055421777069568634,914.3333740234375,0.5121015310287476
296,1766549540.4472609,3040000,-0.08443696796894073,276.0,0.9708535671234131,0.1093214750289917,314.91668701171875,0.9949673414230347,-0.09976720064878464,1120.0,0.1706702560186386,0.06836120039224625,660.0,0.4515094757080078
297,1766549543.3914914,3043200,-0.08443696796894073,276.0,0.9708535671234131,0.1093214750289917,314.91668701171875,0.9949673414230347,-0.11161237210035324,321.0,0.12270624935626984,0.06836120039224625,660.0,0.4515094757080078
298,1766549544.7288704,3046400,-0.0809682160615921,654.2000122070312,0.9935987591743469,0.1093214750289917,314.91668701171875,0.9949673414230347,-0.11161237210035324,321.0,0.12270624935626984,0.06836120039224625,660.0,0.4515094757080078
299,1766549548.6970444,3049600,-0.09204088896512985,126.0,0.9771212339401245,0.1093214750289917,314.91668701171875,0.9949673414230347,-0.11161237210035324,321.0,0.12270624935626984,0.06836120039224625,660.0,0.4515094757080078
300,1766549550.119847,3052800,-0.09204088896512985,126.0,0.9771212339401245,0.1093214750289917,314.91668701171875,0.9949673414230347,-0.11161237210035324,321.0,0.12270624935626984,0.06743740290403366,469.0,0.5158421397209167
301,1766549551.1572342,3056000,-0.09204088896512985,126.0,0.9771212339401245,0.1093214750289917,314.91668701171875,0.9949673414230347,-0.10366935282945633,766.25,0.7211007475852966,0.06743740290403366,469.0,0.5158421397209167
302,1766549554.400918,3059200,-0.09094516932964325,801.5,0.9708566069602966,0.1093214750289917,314.91668701171875,0.9949673414230347,-0.10366935282945633,766.25,0.7211007475852966,0.06743740290403366,469.0,0.5158421397209167
303,1766549557.6235912,3062400,-0.09094516932964325,801.5,0.9708566069602966,0.1093214750289917,314.91668701171875,0.9949673414230347,-0.10366935282945633,766.25,0.7211007475852966,0.0665382370352745,638.25,0.6028890013694763
304,1766549557.8956456,3065600,-0.09094516932964325,801.5,0.9708566069602966,0.1093214750289917,314.91668701171875,0.9949673414230347,-0.11516077071428299,225.0,0.9515826106071472,0.0665382370352745,638.25,0.6028890013694763
305,1766549558.3585165,3068800,-0.09094516932964325,801.5,0.9708566069602966,0.11191229522228241,260.6000061035156,0.998113751411438,-0.11516077071428299,225.0,0.9515826106071472,0.0665382370352745,638.25,0.6028890013694763
306,1766549560.4509861,3072000,-0.08595366030931473,767.3333740234375,0.9693540930747986,0.11191229522228241,260.6000061035156,0.998113751411438,-0.11516077071428299,225.0,0.9515826106071472,0.0665382370352745,638.25,0.6028890013694763
307,1766549563.2078195,3075200,-0.08595366030931473,767.3333740234375,0.9693540930747986,0.11191229522228241,260.6000061035156,0.998113751411438,-0.10104481130838394,1228.0,0.19793269038200378,0.0665382370352745,638.25,0.6028890013694763
308,1766549564.739782,3078400,-0.07332628965377808,2074.0,0.9681764245033264,0.11191229522228241,260.6000061035156,0.998113751411438,-0.10104481130838394,1228.0,0.19793269038200378,0.0665382370352745,638.25,0.6028890013694763
309,1766549569.1981673,3081600,-0.07332628965377808,2074.0,0.9681764245033264,0.11191229522228241,260.6000061035156,0.998113751411438,-0.08728175610303879,1185.0,0.12450550496578217,0.0665382370352745,638.25,0.6028890013694763
310,1766549569.5145984,3084800,-0.07332628965377808,2074.0,0.9681764245033264,0.11191229522228241,260.6000061035156,0.998113751411438,-0.08728175610303879,1185.0,0.12450550496578217,0.07224168628454208,415.0,0.6413710117340088
311,1766549569.668717,3088000,-0.06098920479416847,1421.0,0.9678064584732056,0.11191229522228241,260.6000061035156,0.998113751411438,-0.08728175610303879,1185.0,0.12450550496578217,0.07224168628454208,415.0,0.6413710117340088
312,1766549574.426315,3091200,-0.06098920479416847,1421.0,0.9678064584732056,0.11191229522228241,260.6000061035156,0.998113751411438,-0.08728175610303879,1185.0,0.12450550496578217,0.058316465467214584,1126.0,0.21829035878181458
313,1766549576.1924298,3094400,-0.06098920479416847,1421.0,0.9678064584732056,0.11191229522228241,260.6000061035156,0.998113751411438,-0.08003135770559311,1040.5,0.11491643637418747,0.058316465467214584,1126.0,0.21829035878181458
314,1766549578.8798244,3097600,-0.05650826543569565,1475.0,0.9777410626411438,0.11191229522228241,260.6000061035156,0.998113751411438,-0.08003135770559311,1040.5,0.11491643637418747,0.058316465467214584,1126.0,0.21829035878181458
315,1766549580.5009117,3100800,-0.05650826543569565,1475.0,0.9777410626411438,0.11191229522228241,260.6000061035156,0.998113751411438,-0.08003135770559311,1040.5,0.032877009361982346,0.058316465467214584,1126.0,0.21829035878181458
316,1766549583.3693922,3104000,-0.05650826543569565,1475.0,0.9777410626411438,0.11191229522228241,260.6000061035156,0.998113751411438,-0.08003135770559311,1040.5,0.032877009361982346,0.04474830627441406,1212.666748046875,0.1596258580684662
317,1766549584.8064368,3107200,-0.05650826543569565,1475.0,0.9777410626411438,0.09769250452518463,263.3999938964844,0.9930608868598938,-0.08003135770559311,1040.5,0.032877009361982346,0.04474830627441406,1212.666748046875,0.1596258580684662
318,1766549585.666182,3110400,-0.04913176968693733,1323.5999755859375,0.973395824432373,0.09769250452518463,263.3999938964844,0.9930608868598938,-0.08003135770559311,1040.5,0.032877009361982346,0.04474830627441406,1212.666748046875,0.1596258580684662
319,1766549586.0617242,3113600,-0.04913176968693733,1323.5999755859375,0.973395824432373,0.09769250452518463,263.3999938964844,0.9930608868598938,-0.07499032467603683,1431.0,0.212553933262825,0.04474830627441406,1212.666748046875,0.1596258580684662
320,1766549588.072961,3116800,-0.04913176968693733,1323.5999755859375,0.973395824432373,0.09769250452518463,263.3999938964844,0.9930608868598938,-0.07499032467603683,1431.0,0.212553933262825,0.03152364492416382,1856.0,0.6176146268844604
321,1766549591.9207392,3120000,-0.04913176968693733,1323.5999755859375,0.973395824432373,0.09769250452518463,263.3999938964844,0.9930608868598938,-0.07499032467603683,1431.0,0.212553933262825,0.03291531279683113,857.2857666015625,0.2653515636920929
322,1766549592.6794152,3123200,-0.04913176968693733,1323.5999755859375,0.973395824432373,0.09769250452518463,263.3999938964844,0.9930608868598938,-0.07167718559503555,1051.4000244140625,0.3250003457069397,0.03291531279683113,857.2857666015625,0.2653515636920929
323,1766549593.4541948,3126400,-0.052289560437202454,535.3333740234375,0.9798136949539185,0.09769250452518463,263.3999938964844,0.9930608868598938,-0.07167718559503555,1051.4000244140625,0.3250003457069397,0.03291531279683113,857.2857666015625,0.2653515636920929
324,1766549594.7397187,3129600,-0.052289560437202454,535.3333740234375,0.9798136949539185,0.09769250452518463,263.3999938964844,0.9930608868598938,-0.07167718559503555,1051.4000244140625,0.3250003457069397,0.020163271576166153,1655.0,0.2528311014175415
325,1766549600.5738518,3132800,-0.04512154683470726,1235.2000732421875,0.9736536741256714,0.09769250452518463,263.3999938964844,0.9930608868598938,-0.07167718559503555,1051.4000244140625,0.3250003457069397,0.020163271576166153,1655.0,0.2528311014175415
326,1766549601.974247,3136000,-0.04512154683470726,1235.2000732421875,0.9736536741256714,0.09769250452518463,263.3999938964844,0.9930608868598938,-0.07320484519004822,634.2000122070312,0.3519214987754822,0.020163271576166153,1655.0,0.2528311014175415
327,1766549602.4598935,3139200,-0.04512154683470726,1235.2000732421875,0.9736536741256714,0.09769250452518463,263.3999938964844,0.9930608868598938,-0.07320484519004822,634.2000122070312,0.3519214987754822,0.019917376339435577,875.5,0.41447633504867554
328,1766549608.3106835,3142400,-0.03376153111457825,810.0,0.9689611792564392,0.09769250452518463,263.3999938964844,0.9930608868598938,-0.07320484519004822,634.2000122070312,0.3519214987754822,0.019917376339435577,875.5,0.41447633504867554
329,1766549609.2362807,3145600,-0.03376153111457825,810.0,0.9689611792564392,0.09769250452518463,263.3999938964844,0.9930608868598938,-0.060578908771276474,1102.25,0.3136679530143738,0.019917376339435577,875.5,0.41447633504867554
330,1766549610.0200105,3148800,-0.03376153111457825,810.0,0.9689611792564392,0.08604315668344498,306.25,0.997331976890564,-0.060578908771276474,1102.25,0.3136679530143738,0.019917376339435577,875.5,0.41447633504867554
331,1766549610.8805997,3152000,-0.03376153111457825,810.0,0.9689611792564392,0.08604315668344498,306.25,0.997331976890564,-0.060578908771276474,1102.25,0.3136679530143738,0.013653311878442764,1412.5,0.30069929361343384
332,1766549616.539659,3155200,-0.03376153111457825,810.0,0.9689611792564392,0.08604315668344498,306.25,0.997331976890564,-0.060578908771276474,1102.25,0.3136679530143738,0.0015860114945098758,1161.5,0.051160778850317
333,1766549617.123105,3158400,-0.03376153111457825,810.0,0.9689611792564392,0.08604315668344498,306.25,0.997331976890564,-0.055998530238866806,1379.0,0.15755489468574524,0.0015860114945098758,1161.5,0.051160778850317
334,1766549622.7629945,3161600,-0.03769957646727562,628.7000122070312,1.020013689994812,0.08604315668344498,306.25,0.997331976890564,-0.055998530238866806,1379.0,0.15755489468574524,0.0015860114945098758,1161.5,0.051160778850317
335,1766549623.9508936,3164800,-0.03769957646727562,628.7000122070312,1.020013689994812,0.08604315668344498,306.25,0.997331976890564,-0.055998530238866806,1379.0,0.15755489468574524,0.0032480296213179827,583.2857666015625,1.6139740943908691
336,1766549627.6820061,3168000,-0.03769957646727562,628.7000122070312,1.020013689994812,0.08604315668344498,306.25,0.997331976890564,-0.06174056977033615,393.3333435058594,0.8940390348434448,0.0032480296213179827,583.2857666015625,1.6139740943908691
337,1766549627.7725623,3171200,-0.03769957646727562,628.7000122070312,1.020013689994812,0.08816482871770859,282.75,1.0055748224258423,-0.06174056977033615,393.3333435058594,0.8940390348434448,0.0032480296213179827,583.2857666015625,1.6139740943908691
338,1766549630.9700913,3174400,-0.03769957646727562,628.7000122070312,1.020013689994812,0.08816482871770859,282.75,1.0055748224258423,-0.06174056977033615,393.3333435058594,0.8940390348434448,0.010187004692852497,504.3999938964844,1.0506969690322876
339,1766549631.301655,3177600,-0.03729851543903351,1178.0,0.977952241897583,0.08816482871770859,282.75,1.0055748224258423,-0.06174056977033615,393.3333435058594,0.8940390348434448,0.010187004692852497,504.3999938964844,1.0506969690322876
340,1766549639.130274,3180800,-0.03729851543903351,1178.0,0.977952241897583,0.08816482871770859,282.75,1.0055748224258423,-0.05876624211668968,1338.800048828125,0.4585454761981964,0.010187004692852497,504.3999938964844,1.0506969690322876
341,1766549642.2787554,3184000,-0.0333971306681633,1448.3333740234375,0.9740570783615112,0.08816482871770859,282.75,1.0055748224258423,-0.05876624211668968,1338.800048828125,0.4585454761981964,0.010187004692852497,504.3999938964844,1.0506969690322876
342,1766549645.4832666,3187200,-0.0333971306681633,1448.3333740234375,0.9740570783615112,0.08816482871770859,282.75,1.0055748224258423,-0.05876624211668968,1338.800048828125,0.4585454761981964,0.007771058939397335,1461.5999755859375,0.5756716728210449
343,1766549648.9009356,3190400,-0.0333971306681633,1448.3333740234375,0.9740570783615112,0.08816482871770859,282.75,1.0055748224258423,-0.0581059455871582,991.6666870117188,0.62640380859375,0.007771058939397335,1461.5999755859375,0.5756716728210449
344,1766549648.979892,3193600,-0.029577022418379784,1394.0,0.9771953225135803,0.08816482871770859,282.75,1.0055748224258423,-0.0581059455871582,991.6666870117188,0.62640380859375,0.007771058939397335,1461.5999755859375,0.5756716728210449
345,1766549654.3139184,3196800,-0.029577022418379784,1394.0,0.9771953225135803,0.08816482871770859,282.75,1.0055748224258423,-0.0581059455871582,991.6666870117188,0.62640380859375,0.00768275186419487,766.5,0.5000275373458862
346,1766549656.007623,3200000,-0.029577022418379784,1394.0,0.9771953225135803,0.08816482871770859,282.75,1.0055748224258423,-0.046349212527275085,2180.0,0.22489085793495178,0.00768275186419487,766.5,0.5000275373458862
347,1766549658.6960793,3203200,-0.029577022418379784,1394.0,0.9771953225135803,0.08163068443536758,272.5833435058594,0.9993019104003906,-0.046349212527275085,2180.0,0.22489085793495178,0.00768275186419487,766.5,0.5000275373458862
348,1766549661.1238077,3206400,-0.029577022418379784,1394.0,0.9771953225135803,0.08163068443536758,272.5833435058594,0.9993019104003906,-0.046349212527275085,2180.0,0.22489085793495178,-0.003639526665210724,1647.5,0.3156854808330536
349,1766549663.15888,3209600,-0.029272103682160378,884.0,0.9827091693878174,0.08163068443536758,272.5833435058594,0.9993019104003906,-0.046349212527275085,2180.0,0.22489085793495178,-0.003639526665210724,1647.5,0.3156854808330536
350,1766549668.1647651,3212800,-0.03237476944923401,774.6666870117188,0.9704838395118713,0.08163068443536758,272.5833435058594,0.9993019104003906,-0.046349212527275085,2180.0,0.22489085793495178,-0.003639526665210724,1647.5,0.3156854808330536
351,1766549670.9346676,3216000,-0.03204775229096413,1150.0,0.9780035018920898,0.08163068443536758,272.5833435058594,0.9993019104003906,-0.046349212527275085,2180.0,0.22489085793495178,-0.003639526665210724,1647.5,0.3156854808330536
352,1766549673.7940664,3219200,-0.03204775229096413,1150.0,0.9780035018920898,0.08163068443536758,272.5833435058594,0.9993019104003906,-0.04740973934531212,938.1428833007812,0.6026461124420166,-0.003639526665210724,1647.5,0.3156854808330536
353,1766549676.2597046,3222400,-0.03204775229096413,1150.0,0.9780035018920898,0.0895899161696434,264.8000183105469,0.9978291392326355,-0.04740973934531212,938.1428833007812,0.6026461124420166,-0.003639526665210724,1647.5,0.3156854808330536
354,1766549676.7807457,3225600,-0.041727274656295776,216.75,0.9795283079147339,0.0895899161696434,264.8000183105469,0.9978291392326355,-0.04740973934531212,938.1428833007812,0.6026461124420166,-0.003639526665210724,1647.5,0.3156854808330536
355,1766549677.4971106,3228800,-0.041727274656295776,216.75,0.9795283079147339,0.0895899161696434,264.8000183105469,0.9978291392326355,-0.05341615900397301,496.20001220703125,0.46217769384384155,-0.003639526665210724,1647.5,0.3156854808330536
356,1766549680.2145922,3232000,-0.041727274656295776,216.75,0.9795283079147339,0.0895899161696434,264.8000183105469,0.9978291392326355,-0.05341615900397301,496.20001220703125,0.46217769384384155,-0.0020117813255637884,1062.1429443359375,1.2566108703613281
357,1766549682.4841464,3235200,-0.041727274656295776,216.75,0.9795283079147339,0.0895899161696434,264.8000183105469,0.9978291392326355,-0.04208909720182419,1700.0,0.16230927407741547,-0.0020117813255637884,1062.1429443359375,1.2566108703613281
358,1766549687.464127,3238400,-0.041727274656295776,216.75,0.9795283079147339,0.0895899161696434,264.8000183105469,0.9978291392326355,-0.04208909720182419,1700.0,0.16230927407741547,0.0016733264783397317,626.0,0.3284541368484497
359,1766549688.1464298,3241600,-0.044727277010679245,661.5,0.9832448959350586,0.0895899161696434,264.8000183105469,0.9978291392326355,-0.04208909720182419,1700.0,0.16230927407741547,0.0016733264783397317,626.0,0.3284541368484497
360,1766549690.5844102,3244800,-0.044727277010679245,661.5,0.9832448959350586,0.0895899161696434,264.8000183105469,0.9978291392326355,-0.05227964371442795,52.0,0.23401916027069092,0.0016733264783397317,626.0,0.3284541368484497
361,1766549694.2891893,3248000,-0.05806060507893562,227.0,0.9727328419685364,0.0895899161696434,264.8000183105469,0.9978291392326355,-0.05227964371442795,52.0,0.23401916027069092,0.0016733264783397317,626.0,0.3284541368484497
362,1766549697.2016249,3251200,-0.05806060507893562,227.0,0.9727328419685364,0.0895899161696434,264.8000183105469,0.9978291392326355,-0.05227964371442795,52.0,0.23401916027069092,0.01252470351755619,131.83334350585938,0.5752634406089783
363,1766549701.876388,3254400,-0.05806060507893562,227.0,0.9727328419685364,0.0895899161696434,264.8000183105469,0.9978291392326355,-0.058045122772455215,591.0,0.6417198181152344,0.01252470351755619,131.83334350585938,0.5752634406089783
364,1766549702.5914438,3257600,-0.056727275252342224,624.2000122070312,0.9766575694084167,0.0895899161696434,264.8000183105469,0.9978291392326355,-0.058045122772455215,591.0,0.6417198181152344,0.01252470351755619,131.83334350585938,0.5752634406089783
365,1766549704.552989,3260800,-0.056727275252342224,624.2000122070312,0.9766575694084167,0.0895899161696434,264.8000183105469,0.9978291392326355,-0.058045122772455215,591.0,0.6417198181152344,0.012390028685331345,683.5,0.6310659646987915
366,1766549708.765346,3264000,-0.056727275252342224,988.0,0.964136004447937,0.0895899161696434,264.8000183105469,0.9978291392326355,-0.058045122772455215,591.0,0.6417198181152344,0.012390028685331345,683.5,0.6310659646987915
367,1766549708.8745298,3267200,-0.056727275252342224,988.0,0.964136004447937,0.0895899161696434,264.8000183105469,0.9978291392326355,-0.06785715371370316,136.0,0.13605961203575134,0.012390028685331345,683.5,0.6310659646987915
368,1766549711.1069503,3270400,-0.056727275252342224,988.0,0.964136004447937,0.0995999127626419,224.0625,0.9989080429077148,-0.06785715371370316,136.0,0.13605961203575134,0.012390028685331345,683.5,0.6310659646987915
369,1766549714.9518394,3273600,-0.056727275252342224,988.0,0.964136004447937,0.0995999127626419,224.0625,0.9989080429077148,-0.06863034516572952,793.5714721679688,0.2732645273208618,0.012390028685331345,683.5,0.6310659646987915
370,1766549716.0858264,3276800,-0.056727275252342224,988.0,0.964136004447937,0.0995999127626419,224.0625,0.9989080429077148,-0.06863034516572952,793.5714721679688,0.2732645273208618,0.01681748777627945,803.7142944335938,0.5181630849838257
371,1766549720.0789773,3280000,-0.056727275252342224,988.0,0.964136004447937,0.0995999127626419,224.0625,0.9989080429077148,-0.06863034516572952,793.5714721679688,0.2732645273208618,0.018745729699730873,644.6000366210938,0.39500677585601807
372,1766549723.1520443,3283200,-0.056727275252342224,988.0,0.964136004447937,0.0995999127626419,224.0625,0.9989080429077148,-0.07303207367658615,881.5,0.30764392018318176,0.018745729699730873,644.6000366210938,0.39500677585601807
373,1766549723.3166304,3286400,-0.060655850917100906,975.5,0.9896763563156128,0.0995999127626419,224.0625,0.9989080429077148,-0.07303207367658615,881.5,0.30764392018318176,0.018745729699730873,644.6000366210938,0.39500677585601807
374,1766549725.6681066,3289600,-0.060655850917100906,975.5,0.9896763563156128,0.0995999127626419,224.0625,0.9989080429077148,-0.07303207367658615,881.5,0.30764392018318176,0.018550461158156395,903.5,0.10050223022699356
375,1766549733.7663608,3292800,-0.060655850917100906,975.5,0.9896763563156128,0.0995999127626419,224.0625,0.9989080429077148,-0.07688574492931366,535.8181762695312,0.5112618803977966,0.018550461158156395,903.5,0.10050223022699356
376,1766549734.3622155,3296000,-0.060655850917100906,975.5,0.9896763563156128,0.0995999127626419,224.0625,0.9989080429077148,-0.07688574492931366,535.8181762695312,0.5112618803977966,0.025232069194316864,422.5833435058594,1.24412202835083
377,1766549740.5275955,3299200,-0.060655850917100906,975.5,0.9896763563156128,0.10714912414550781,188.70834350585938,1.005295991897583,-0.07688574492931366,535.8181762695312,0.5112618803977966,0.025232069194316864,422.5833435058594,1.24412202835083
378,1766549751.4392612,3302400,-0.06365584582090378,479.4583435058594,1.0120835304260254,0.10714912414550781,188.70834350585938,1.005295991897583,-0.07688574492931366,535.8181762695312,0.5112618803977966,0.025232069194316864,422.5833435058594,1.24412202835083
379,1766549759.1552842,3305600,-0.06365584582090378,479.4583435058594,1.0120835304260254,0.10714912414550781,188.70834350585938,1.005295991897583,-0.07688574492931366,535.8181762695312,0.5112618803977966,0.030469104647636414,358.5384826660156,0.9573536515235901
380,1766549763.6041234,3308800,-0.06365584582090378,479.4583435058594,1.0120835304260254,0.10714912414550781,188.70834350585938,1.005295991897583,-0.08085373044013977,479.6842041015625,1.050490379333496,0.030469104647636414,358.5384826660156,0.9573536515235901
381,1766549766.2246213,3312000,-0.07865583151578903,527.125,0.98551344871521,0.10714912414550781,188.70834350585938,1.005295991897583,-0.08085373044013977,479.6842041015625,1.050490379333496,0.030469104647636414,358.5384826660156,0.9573536515235901
382,1766549772.0051954,3315200,-0.0816558450460434,499.25,0.9727427363395691,0.10714912414550781,188.70834350585938,1.005295991897583,-0.08085373044013977,479.6842041015625,1.050490379333496,0.030469104647636414,358.5384826660156,0.9573536515235901
383,1766549775.6615274,3318400,-0.0816558450460434,499.25,0.9727427363395691,0.11861078441143036,160.8000030517578,1.0053966045379639,-0.08085373044013977,479.6842041015625,1.050490379333496,0.030469104647636414,358.5384826660156,0.9573536515235901
384,1766549776.5057075,3321600,-0.0816558450460434,499.25,0.9727427363395691,0.11861078441143036,160.8000030517578,1.0053966045379639,-0.08752039074897766,346.66668701171875,0.48921823501586914,0.030469104647636414,358.5384826660156,0.9573536515235901
385,1766549778.3691144,3324800,-0.0816558450460434,499.25,0.9727427363395691,0.11861078441143036,160.8000030517578,1.0053966045379639,-0.08752039074897766,346.66668701171875,0.48921823501586914,0.034201741218566895,544.1000366210938,0.7682421803474426
386,1766549782.7552757,3328000,-0.0816558450460434,499.25,0.9727427363395691,0.11861078441143036,160.8000030517578,1.0053966045379639,-0.0895203948020935,993.0,0.14798079431056976,0.034201741218566895,544.1000366210938,0.7682421803474426
387,1766549783.1440098,3331200,-0.10165584087371826,71.0,0.9687754511833191,0.11861078441143036,160.8000030517578,1.0053966045379639,-0.0895203948020935,993.0,0.14798079431056976,0.034201741218566895,544.1000366210938,0.7682421803474426
388,1766549788.5263948,3334400,-0.10165584087371826,71.0,0.9687754511833191,0.11861078441143036,160.8000030517578,1.0053966045379639,-0.0895203948020935,993.0,0.14798079431056976,0.03585972264409065,629.4000244140625,0.22666975855827332
389,1766549788.7291992,3337600,-0.09165584295988083,923.75,0.9696017503738403,0.11861078441143036,160.8000030517578,1.0053966045379639,-0.0895203948020935,993.0,0.14798079431056976,0.03585972264409065,629.4000244140625,0.22666975855827332
390,1766549791.0789893,3340800,-0.09165584295988083,923.75,0.9696017503738403,0.11861078441143036,160.8000030517578,1.0053966045379639,-0.0961870551109314,479.3333435058594,0.36940282583236694,0.03585972264409065,629.4000244140625,0.22666975855827332
391,1766549795.6387217,3344000,-0.09165584295988083,923.75,0.9696017503738403,0.11861078441143036,160.8000030517578,1.0053966045379639,-0.0961870551109314,479.3333435058594,0.36940282583236694,0.04085972160100937,628.25,0.21842741966247559
392,1766549798.5631466,3347200,-0.09565583616495132,488.0,0.9892739653587341,0.11861078441143036,160.8000030517578,1.0053966045379639,-0.0961870551109314,479.3333435058594,0.36940282583236694,0.04085972160100937,628.25,0.21842741966247559
393,1766549802.3728843,3350400,-0.09565583616495132,488.0,0.9892739653587341,0.11861078441143036,160.8000030517578,1.0053966045379639,-0.08818706125020981,691.4000244140625,0.2327430248260498,0.04085972160100937,628.25,0.21842741966247559
394,1766549804.5419292,3353600,-0.09815584123134613,666.25,1.004978895187378,0.11861078441143036,160.8000030517578,1.0053966045379639,-0.08818706125020981,691.4000244140625,0.2327430248260498,0.04085972160100937,628.25,0.21842741966247559
395,1766549805.435042,3356800,-0.09815584123134613,666.25,1.004978895187378,0.11861078441143036,160.8000030517578,1.0053966045379639,-0.08818706125020981,691.4000244140625,0.2327430248260498,0.04252639040350914,401.75,0.2823311984539032
396,1766549806.6794212,3360000,-0.09815584123134613,666.25,1.004978895187378,0.12096559256315231,183.11111450195312,1.0008304119110107,-0.08818706125020981,691.4000244140625,0.2327430248260498,0.04252639040350914,401.75,0.2823311984539032
397,1766549810.3285217,3363200,-0.10482251644134521,80.75,0.9786849021911621,0.12096559256315231,183.11111450195312,1.0008304119110107,-0.08818706125020981,691.4000244140625,0.2327430248260498,0.04252639040350914,401.75,0.2823311984539032
398,1766549810.4754736,3366400,-0.10482251644134521,80.75,0.9786849021911621,0.12096559256315231,183.11111450195312,1.0008304119110107,-0.09318706393241882,915.1666870117188,1.0425240993499756,0.04252639040350914,401.75,0.2823311984539032
399,1766549815.4317584,3369600,-0.10482251644134521,80.75,0.9786849021911621,0.12096559256315231,183.11111450195312,1.0008304119110107,-0.10318706184625626,68.28572082519531,0.9203265905380249,0.04252639040350914,401.75,0.2823311984539032
400,1766549820.1725507,3372800,-0.118155837059021,237.5,0.9714942574501038,0.12096559256315231,183.11111450195312,1.0008304119110107,-0.10318706184625626,68.28572082519531,0.9203265905380249,0.04252639040350914,401.75,0.2823311984539032
401,1766549820.7335892,3376000,-0.118155837059021,237.5,0.9714942574501038,0.12096559256315231,183.11111450195312,1.0008304119110107,-0.10318706184625626,68.28572082519531,0.9203265905380249,0.039193056523799896,415.16668701171875,1.0290558338165283
402,1766549822.7073996,3379200,-0.118155837059021,237.5,0.9714942574501038,0.12096559256315231,183.11111450195312,1.0008304119110107,-0.10318706184625626,214.33334350585938,0.43582838773727417,0.039193056523799896,415.16668701171875,1.0290558338165283
403,1766549826.5204258,3382400,-0.118155837059021,237.5,0.9714942574501038,0.12096559256315231,183.11111450195312,1.0008304119110107,-0.10318706184625626,214.33334350585938,0.43582838773727417,0.039193056523799896,415.16668701171875,1.0018028020858765
404,1766549833.2588325,3385600,-0.118155837059021,237.5,0.9714942574501038,0.12096559256315231,183.11111450195312,1.0008304119110107,-0.10985372960567474,223.0,0.35647594928741455,0.039193056523799896,415.16668701171875,1.0018028020858765
405,1766549833.8516548,3388800,-0.118155837059021,237.5,0.9714942574501038,0.12096559256315231,183.11111450195312,1.0008304119110107,-0.10985372960567474,223.0,0.35647594928741455,0.05347876995801926,473.5714416503906,0.8238430619239807
406,1766549836.1314678,3392000,-0.12315584719181061,709.0,0.9833627343177795,0.12096559256315231,183.11111450195312,1.0008304119110107,-0.10985372960567474,223.0,0.35647594928741455,0.05347876995801926,473.5714416503906,0.8238430619239807
407,1766549842.4366515,3395200,-0.12648917734622955,585.0,0.9665879607200623,0.12096559256315231,183.11111450195312,1.0008304119110107,-0.10985372960567474,223.0,0.35647594928741455,0.05347876995801926,473.5714416503906,0.8238430619239807
408,1766549844.4339142,3398400,-0.12648917734622955,585.0,0.9665879607200623,0.12096559256315231,183.11111450195312,1.0008304119110107,-0.10985372960567474,223.0,0.35647594928741455,0.06776448339223862,88.5,0.5649990439414978
409,1766549847.4294033,3401600,-0.12648917734622955,585.0,0.9665879607200623,0.13443908095359802,126.36363983154297,1.0020784139633179,-0.10985372960567474,223.0,0.35647594928741455,0.06776448339223862,88.5,0.5649990439414978
410,1766549849.1163993,3404800,-0.12648917734622955,585.0,0.9665879607200623,0.13443908095359802,126.36363983154297,1.0020784139633179,-0.11740928143262863,598.1111450195312,0.7771031260490417,0.06776448339223862,88.5,0.5649990439414978
411,1766549855.0290306,3408000,-0.1439891755580902,373.0,0.9809472560882568,0.13443908095359802,126.36363983154297,1.0020784139633179,-0.11740928143262863,598.1111450195312,0.7771031260490417,0.06776448339223862,88.5,0.5649990439414978
412,1766549857.09109,3411200,-0.1439891755580902,373.0,0.9809472560882568,0.13443908095359802,126.36363983154297,1.0020784139633179,-0.11240928620100021,534.5,0.22623908519744873,0.06776448339223862,88.5,0.5649990439414978
413,1766549858.3414805,3414400,-0.1439891755580902,373.0,0.9809472560882568,0.13443908095359802,126.36363983154297,1.0020784139633179,-0.11240928620100021,534.5,0.22623908519744873,0.0684787705540657,529.375,0.47696590423583984
414,1766549863.9795573,3417600,-0.1439891755580902,373.0,0.9809472560882568,0.13443908095359802,126.36363983154297,1.0020784139633179,-0.11240928620100021,514.25,0.6482643485069275,0.0684787705540657,529.375,0.47696590423583984
415,1766549867.0635526,3420800,-0.1439891755580902,373.0,0.9809472560882568,0.13443908095359802,126.36363983154297,1.0020784139633179,-0.11240928620100021,514.25,0.6482643485069275,0.0684787705540657,424.4285888671875,0.7664923071861267
416,1766549875.3613114,3424000,-0.14732252061367035,621.2222290039062,0.9911896586418152,0.13443908095359802,126.36363983154297,1.0020784139633179,-0.11240928620100021,514.25,0.6482643485069275,0.0684787705540657,424.4285888671875,0.7664923071861267
417,1766549881.7713823,3427200,-0.15932251513004303,73.5,0.9671772718429565,0.13443908095359802,126.36363983154297,1.0020784139633179,-0.11240928620100021,514.25,0.6482643485069275,0.0684787705540657,424.4285888671875,0.7664923071861267
418,1766549881.9558775,3430400,-0.15932251513004303,73.5,0.9671772718429565,0.14673388004302979,206.35000610351562,1.0022181272506714,-0.11240928620100021,514.25,0.6482643485069275,0.0684787705540657,424.4285888671875,0.7664923071861267
419,1766549884.6769106,3433600,-0.15932251513004303,73.5,0.9671772718429565,0.14673388004302979,206.35000610351562,1.0022181272506714,-0.12625543773174286,695.3846435546875,0.48812049627304077,0.0684787705540657,424.4285888671875,0.7664923071861267
420,1766549888.886864,3436800,-0.15932251513004303,73.5,0.9671772718429565,0.14673388004302979,206.35000610351562,1.0022181272506714,-0.12625543773174286,695.3846435546875,0.48812049627304077,0.0738121047616005,736.0,0.712748646736145
421,1766549890.6179712,3440000,-0.1753225028514862,402.70001220703125,0.9732194542884827,0.14673388004302979,206.35000610351562,1.0022181272506714,-0.12625543773174286,695.3846435546875,0.48812049627304077,0.0738121047616005,736.0,0.712748646736145
422,1766549891.6382072,3443200,-0.1753225028514862,402.70001220703125,0.9732194542884827,0.14673388004302979,206.35000610351562,1.0022181272506714,-0.1362554281949997,63.5,0.40845099091529846,0.0738121047616005,736.0,0.712748646736145
423,1766549895.1349747,3446400,-0.18365584313869476,438.75,0.9731077551841736,0.14673388004302979,206.35000610351562,1.0022181272506714,-0.1362554281949997,63.5,0.40845099091529846,0.0738121047616005,736.0,0.712748646736145
424,1766549896.36896,3449600,-0.18365584313869476,438.75,0.9731077551841736,0.14673388004302979,206.35000610351562,1.0022181272506714,-0.1362554281949997,63.5,0.40845099091529846,0.08158987760543823,277.22222900390625,0.6406658887863159
425,1766549898.0441275,3452800,-0.18365584313869476,438.75,0.9731077551841736,0.14673388004302979,206.35000610351562,1.0022181272506714,-0.14708876609802246,242.25,0.4991101622581482,0.08158987760543823,277.22222900390625,0.6406658887863159
426,1766549899.6912837,3456000,-0.18865585327148438,434.25,0.9663592576980591,0.14673388004302979,206.35000610351562,1.0022181272506714,-0.14708876609802246,242.25,0.4991101622581482,0.08158987760543823,277.22222900390625,0.6406658887863159
427,1766549902.9197428,3459200,-0.18865585327148438,434.25,0.9663592576980591,0.14673388004302979,206.35000610351562,1.0022181272506714,-0.14708876609802246,242.25,0.4991101622581482,0.09587559849023819,378.2857360839844,0.2543310225009918
428,1766549903.1436334,3462400,-0.18865585327148438,434.25,0.9663592576980591,0.14673388004302979,206.35000610351562,1.0022181272506714,-0.14708876609802246,553.3333740234375,0.2947816848754883,0.09587559849023819,378.2857360839844,0.2543310225009918
429,1766549905.2266092,3465600,-0.18865585327148438,434.25,0.9663592576980591,0.15369026362895966,133.1052703857422,0.9999813437461853,-0.14708876609802246,553.3333740234375,0.2947816848754883,0.09587559849023819,378.2857360839844,0.2543310225009918
