# _tick,_time,frames,mean_episode_return_0,loss_0,mean_episode_return_1,loss_1,mean_episode_return_2,loss_2,mean_episode_return_3,loss_3
0,1766587448.7185466,0,0,0,0,0,0.9166666865348816,2.0481250286102295,0,0
1,1766587448.7185466,3200,0,0,1.1691176891326904,2.682499885559082,0.9166666865348816,2.0481250286102295,0,0
2,1766587449.083733,6400,1.1555554866790771,2.5428123474121094,1.1691176891326904,2.682499885559082,0.9166666865348816,2.0481250286102295,0,0
3,1766587449.3098612,9600,1.1555554866790771,2.5428123474121094,1.1691176891326904,2.682499885559082,0.9166666865348816,2.0481250286102295,0.9926470518112183,2.344062566757202
4,1766587456.9960608,12800,1.1555554866790771,2.5428123474121094,1.1691176891326904,2.682499885559082,0.9166666865348816,2.0481250286102295,1.0527751445770264,2.5783133506774902
5,1766587457.146987,16000,1.1555554866790771,2.5428123474121094,1.1691176891326904,2.682499885559082,0.9982270002365112,2.59710693359375,1.0527751445770264,2.5783133506774902
6,1766587457.193137,19200,1.1555554866790771,2.5428123474121094,1.1778230667114258,2.888023853302002,0.9982270002365112,2.59710693359375,1.0527751445770264,2.5783133506774902
7,1766587457.327287,22400,0.8502496480941772,1.0313085317611694,1.1778230667114258,2.888023853302002,0.9982270002365112,2.59710693359375,1.0527751445770264,2.5783133506774902
8,1766587464.8288553,25600,0.6943377256393433,0.4488755464553833,1.1778230667114258,2.888023853302002,0.9982270002365112,2.59710693359375,1.0527751445770264,2.5783133506774902
9,1766587465.4301312,28800,0.6943377256393433,0.4488755464553833,1.1778230667114258,2.888023853302002,0.9952906370162964,2.2583062648773193,1.0527751445770264,2.5783133506774902
10,1766587465.806452,32000,0.6943377256393433,0.4488755464553833,1.1778230667114258,2.888023853302002,0.9952906370162964,2.2583062648773193,1.080088496208191,2.7475271224975586
11,1766587466.31917,35200,0.6943377256393433,0.4488755464553833,1.2274596691131592,3.02412748336792,0.9952906370162964,2.2583062648773193,1.080088496208191,2.7475271224975586
12,1766587473.9702337,38400,0.6943377256393433,0.4488755464553833,1.2274596691131592,3.02412748336792,1.0239405632019043,2.5924630165100098,1.080088496208191,2.7475271224975586
13,1766587474.0720146,41600,0.5956119894981384,0.4017082750797272,1.2274596691131592,3.02412748336792,1.0239405632019043,2.5924630165100098,1.080088496208191,2.7475271224975586
14,1766587474.5509396,44800,0.5956119894981384,0.4017082750797272,1.2274596691131592,3.02412748336792,1.0239405632019043,2.5924630165100098,1.1438292264938354,3.1450042724609375
15,1766587476.1138437,48000,0.5956119894981384,0.4017082750797272,1.2754727602005005,3.361931085586548,1.0239405632019043,2.5924630165100098,1.1438292264938354,3.1450042724609375
16,1766587481.2398934,51200,0.5491212010383606,0.42217910289764404,1.2754727602005005,3.361931085586548,1.0239405632019043,2.5924630165100098,1.1438292264938354,3.1450042724609375
17,1766587482.387313,54400,0.5491212010383606,0.42217910289764404,1.2754727602005005,3.361931085586548,1.0131222009658813,2.0431299209594727,1.1438292264938354,3.1450042724609375
18,1766587483.3622055,57600,0.5491212010383606,0.42217910289764404,1.2754727602005005,3.361931085586548,1.0131222009658813,2.0431299209594727,1.1469473838806152,2.5114104747772217
19,1766587485.522738,60800,0.5491212010383606,0.42217910289764404,1.3383963108062744,3.4370949268341064,1.0131222009658813,2.0431299209594727,1.1469473838806152,2.5114104747772217
20,1766587489.8934412,64000,0.5154396295547485,0.3752000331878662,1.3383963108062744,3.4370949268341064,1.0131222009658813,2.0431299209594727,1.1469473838806152,2.5114104747772217
21,1766587490.7534938,67200,0.5154396295547485,0.3752000331878662,1.3383963108062744,3.4370949268341064,0.9961203932762146,1.554300308227539,1.1469473838806152,2.5114104747772217
22,1766587492.52177,70400,0.5154396295547485,0.3752000331878662,1.3383963108062744,3.4370949268341064,0.9961203932762146,1.554300308227539,1.186760663986206,2.212843179702759
23,1766587495.369867,73600,0.5154396295547485,0.3752000331878662,1.3466733694076538,2.0760536193847656,0.9961203932762146,1.554300308227539,1.186760663986206,2.212843179702759
24,1766587498.368349,76800,0.489238440990448,0.34355369210243225,1.3466733694076538,2.0760536193847656,0.9961203932762146,1.554300308227539,1.186760663986206,2.212843179702759
25,1766587499.6727352,80000,0.489238440990448,0.34355369210243225,1.3466733694076538,2.0760536193847656,1.005669355392456,1.7154077291488647,1.186760663986206,2.212843179702759
26,1766587501.973834,83200,0.489238440990448,0.34355369210243225,1.3466733694076538,2.0760536193847656,1.005669355392456,1.7154077291488647,1.2215818166732788,2.0834360122680664
27,1766587504.7414193,86400,0.489238440990448,0.34355369210243225,1.3354054689407349,2.037027597427368,1.005669355392456,1.7154077291488647,1.2215818166732788,2.0834360122680664
28,1766587507.1062644,89600,0.46895813941955566,0.34836259484291077,1.3354054689407349,2.037027597427368,1.005669355392456,1.7154077291488647,1.2215818166732788,2.0834360122680664
29,1766587508.40942,92800,0.46895813941955566,0.34836259484291077,1.3354054689407349,2.037027597427368,1.004490852355957,1.70012629032135,1.2215818166732788,2.0834360122680664
30,1766587511.2992377,96000,0.46895813941955566,0.34836259484291077,1.3354054689407349,2.037027597427368,1.004490852355957,1.70012629032135,1.199378490447998,1.6105659008026123
31,1766587514.3268182,99200,0.46895813941955566,0.34836259484291077,1.3467514514923096,2.095475912094116,1.004490852355957,1.70012629032135,1.199378490447998,1.6105659008026123
32,1766587515.5690093,102400,0.4503946900367737,0.32366102933883667,1.3467514514923096,2.095475912094116,1.004490852355957,1.70012629032135,1.199378490447998,1.6105659008026123
33,1766587517.5934646,105600,0.4503946900367737,0.32366102933883667,1.3467514514923096,2.095475912094116,1.0325411558151245,1.740038275718689,1.199378490447998,1.6105659008026123
34,1766587520.7041724,108800,0.4503946900367737,0.32366102933883667,1.3467514514923096,2.095475912094116,1.0325411558151245,1.740038275718689,1.1997530460357666,1.637960433959961
35,1766587523.1331406,112000,0.4503946900367737,0.32366102933883667,1.3385939598083496,1.7015730142593384,1.0325411558151245,1.740038275718689,1.1997530460357666,1.637960433959961
36,1766587524.5153933,115200,0.43591076135635376,0.3107931315898895,1.3385939598083496,1.7015730142593384,1.0325411558151245,1.740038275718689,1.1997530460357666,1.637960433959961
37,1766587526.949526,118400,0.43591076135635376,0.3107931315898895,1.3385939598083496,1.7015730142593384,1.0571016073226929,1.7976760864257812,1.1997530460357666,1.637960433959961
38,1766587530.8222418,121600,0.43591076135635376,0.3107931315898895,1.3385939598083496,1.7015730142593384,1.0571016073226929,1.7976760864257812,1.2145460844039917,1.6646826267242432
39,1766587532.9182813,124800,0.42433255910873413,0.32587453722953796,1.3385939598083496,1.7015730142593384,1.0571016073226929,1.7976760864257812,1.2145460844039917,1.6646826267242432
40,1766587533.1241705,128000,0.42433255910873413,0.32587453722953796,1.3265587091445923,1.6876286268234253,1.0571016073226929,1.7976760864257812,1.2145460844039917,1.6646826267242432
41,1766587535.0295155,131200,0.42433255910873413,0.32587453722953796,1.3265587091445923,1.6876286268234253,1.045417070388794,1.3195483684539795,1.2145460844039917,1.6646826267242432
42,1766587540.3844342,134400,0.42433255910873413,0.32587453722953796,1.3265587091445923,1.6876286268234253,1.045417070388794,1.3195483684539795,1.2479724884033203,1.7648154497146606
43,1766587541.4163241,137600,0.4157572388648987,0.35489901900291443,1.3265587091445923,1.6876286268234253,1.045417070388794,1.3195483684539795,1.2479724884033203,1.7648154497146606
44,1766587543.5818388,140800,0.4157572388648987,0.35489901900291443,1.334375262260437,1.7960872650146484,1.045417070388794,1.3195483684539795,1.2479724884033203,1.7648154497146606
45,1766587544.093077,144000,0.4157572388648987,0.35489901900291443,1.334375262260437,1.7960872650146484,1.0276374816894531,1.2585712671279907,1.2479724884033203,1.7648154497146606
46,1766587549.6411192,147200,0.4074445366859436,0.31598177552223206,1.334375262260437,1.7960872650146484,1.0276374816894531,1.2585712671279907,1.2479724884033203,1.7648154497146606
47,1766587550.255844,150400,0.4074445366859436,0.31598177552223206,1.334375262260437,1.7960872650146484,1.0276374816894531,1.2585712671279907,1.2556252479553223,1.733941912651062
48,1766587552.2280364,153600,0.4074445366859436,0.31598177552223206,1.334375262260437,1.7960872650146484,1.0252348184585571,1.3952339887619019,1.2556252479553223,1.733941912651062
49,1766587552.6807272,156800,0.4074445366859436,0.31598177552223206,1.3351815938949585,1.578233003616333,1.0252348184585571,1.3952339887619019,1.2556252479553223,1.733941912651062
50,1766587558.2798016,160000,0.4021508991718292,0.335385799407959,1.3351815938949585,1.578233003616333,1.0252348184585571,1.3952339887619019,1.2556252479553223,1.733941912651062
51,1766587559.1030526,163200,0.4021508991718292,0.335385799407959,1.3351815938949585,1.578233003616333,1.0252348184585571,1.3952339887619019,1.2498506307601929,1.608087420463562
52,1766587561.2086408,166400,0.4021508991718292,0.335385799407959,1.3351815938949585,1.578233003616333,1.032738208770752,1.502320408821106,1.2498506307601929,1.608087420463562
53,1766587562.7279305,169600,0.4021508991718292,0.335385799407959,1.3457162380218506,1.7153353691101074,1.032738208770752,1.502320408821106,1.2498506307601929,1.608087420463562
54,1766587567.1568434,172800,0.3983711302280426,0.3662318289279938,1.3457162380218506,1.7153353691101074,1.032738208770752,1.502320408821106,1.2498506307601929,1.608087420463562
55,1766587568.8514473,176000,0.3983711302280426,0.3662318289279938,1.3457162380218506,1.7153353691101074,1.032738208770752,1.502320408821106,1.2437458038330078,1.538338303565979
56,1766587570.8359036,179200,0.3983711302280426,0.3662318289279938,1.3457162380218506,1.7153353691101074,1.041552186012268,1.5652236938476562,1.2437458038330078,1.538338303565979
57,1766587571.9306743,182400,0.3983711302280426,0.3662318289279938,1.3478963375091553,1.5790783166885376,1.041552186012268,1.5652236938476562,1.2437458038330078,1.538338303565979
58,1766587575.9347904,185600,0.39323392510414124,0.32302534580230713,1.3478963375091553,1.5790783166885376,1.041552186012268,1.5652236938476562,1.2437458038330078,1.538338303565979
59,1766587577.9386537,188800,0.39323392510414124,0.32302534580230713,1.3478963375091553,1.5790783166885376,1.041552186012268,1.5652236938476562,1.2388339042663574,1.557590126991272
60,1766587579.5336878,192000,0.39323392510414124,0.32302534580230713,1.3478963375091553,1.5790783166885376,1.0441824197769165,1.467315912246704,1.2388339042663574,1.557590126991272
61,1766587581.073755,195200,0.39323392510414124,0.32302534580230713,1.3489254713058472,1.634152889251709,1.0441824197769165,1.467315912246704,1.2388339042663574,1.557590126991272
62,1766587584.7853196,198400,0.3928298056125641,0.41020166873931885,1.3489254713058472,1.634152889251709,1.0441824197769165,1.467315912246704,1.2388339042663574,1.557590126991272
63,1766587586.739165,201600,0.3928298056125641,0.41020166873931885,1.3489254713058472,1.634152889251709,1.0441824197769165,1.467315912246704,1.2354085445404053,1.5801198482513428
64,1766587587.7711906,204800,0.3928298056125641,0.41020166873931885,1.3489254713058472,1.634152889251709,1.0336952209472656,1.3529467582702637,1.2354085445404053,1.5801198482513428
65,1766587592.3120146,208000,0.3928298056125641,0.41020166873931885,1.3561580181121826,1.445544958114624,1.0336952209472656,1.3529467582702637,1.2354085445404053,1.5801198482513428
66,1766587592.9690435,211200,0.3914615213871002,0.4037317931652069,1.3561580181121826,1.445544958114624,1.0336952209472656,1.3529467582702637,1.2354085445404053,1.5801198482513428
67,1766587595.6890268,214400,0.3914615213871002,0.4037317931652069,1.3561580181121826,1.445544958114624,1.0212780237197876,1.1313830614089966,1.2354085445404053,1.5801198482513428
68,1766587597.2593105,217600,0.3914615213871002,0.4037317931652069,1.3561580181121826,1.445544958114624,1.0212780237197876,1.1313830614089966,1.2378538846969604,1.708474040031433
69,1766587600.9010675,220800,0.38759368658065796,0.352735698223114,1.3561580181121826,1.445544958114624,1.0212780237197876,1.1313830614089966,1.2378538846969604,1.708474040031433
70,1766587602.728437,224000,0.38759368658065796,0.352735698223114,1.3722223043441772,1.497148871421814,1.0212780237197876,1.1313830614089966,1.2378538846969604,1.708474040031433
71,1766587603.5236416,227200,0.38759368658065796,0.352735698223114,1.3722223043441772,1.497148871421814,1.0056474208831787,1.0534701347351074,1.2378538846969604,1.708474040031433
72,1766587607.6974318,230400,0.38759368658065796,0.352735698223114,1.3722223043441772,1.497148871421814,1.0056474208831787,1.0534701347351074,1.2474215030670166,1.7469547986984253
73,1766587608.154249,233600,0.38535013794898987,0.4642114043235779,1.3722223043441772,1.497148871421814,1.0056474208831787,1.0534701347351074,1.2474215030670166,1.7469547986984253
74,1766587611.4885373,236800,0.38535013794898987,0.4642114043235779,1.3722223043441772,1.497148871421814,0.990243136882782,0.9690014719963074,1.2474215030670166,1.7469547986984253
75,1766587614.5918877,240000,0.38535013794898987,0.4642114043235779,1.3844650983810425,1.4199007749557495,0.990243136882782,0.9690014719963074,1.2474215030670166,1.7469547986984253
76,1766587616.0889256,243200,0.3838207721710205,0.4765896499156952,1.3844650983810425,1.4199007749557495,0.990243136882782,0.9690014719963074,1.2474215030670166,1.7469547986984253
77,1766587618.8753831,246400,0.3838207721710205,0.4765896499156952,1.3844650983810425,1.4199007749557495,0.990243136882782,0.9690014719963074,1.2551445960998535,1.7624897956848145
78,1766587619.933135,249600,0.3838207721710205,0.4765896499156952,1.3844650983810425,1.4199007749557495,0.9717549085617065,0.9449010491371155,1.2551445960998535,1.7624897956848145
79,1766587624.8230538,252800,0.38137662410736084,0.4192861020565033,1.3844650983810425,1.4199007749557495,0.9717549085617065,0.9449010491371155,1.2551445960998535,1.7624897956848145
80,1766587626.652575,256000,0.38137662410736084,0.4192861020565033,1.3992573022842407,1.3999887704849243,0.9717549085617065,0.9449010491371155,1.2551445960998535,1.7624897956848145
81,1766587627.6850362,259200,0.38137662410736084,0.4192861020565033,1.3992573022842407,1.3999887704849243,0.9585219621658325,1.008520483970642,1.2551445960998535,1.7624897956848145
82,1766587629.6258638,262400,0.38137662410736084,0.4192861020565033,1.3992573022842407,1.3999887704849243,0.9585219621658325,1.008520483970642,1.25885808467865,1.7958788871765137
83,1766587632.7266726,265600,0.38115543127059937,0.4820375442504883,1.3992573022842407,1.3999887704849243,0.9585219621658325,1.008520483970642,1.25885808467865,1.7958788871765137
84,1766587635.7555594,268800,0.38115543127059937,0.4820375442504883,1.3992573022842407,1.3999887704849243,0.9420779943466187,0.8984203934669495,1.25885808467865,1.7958788871765137
85,1766587637.8376782,272000,0.38115543127059937,0.4820375442504883,1.4186562299728394,1.3013725280761719,0.9420779943466187,0.8984203934669495,1.25885808467865,1.7958788871765137
86,1766587639.1077104,275200,0.38115543127059937,0.4820375442504883,1.4186562299728394,1.3013725280761719,0.9420779943466187,0.8984203934669495,1.2605023384094238,1.8480377197265625
87,1766587640.3449125,278400,0.3812313973903656,0.5120222568511963,1.4186562299728394,1.3013725280761719,0.9420779943466187,0.8984203934669495,1.2605023384094238,1.8480377197265625
88,1766587643.2972703,281600,0.3812313973903656,0.5120222568511963,1.4186562299728394,1.3013725280761719,0.9246715307235718,0.760150134563446,1.2605023384094238,1.8480377197265625
89,1766587648.5101905,284800,0.38331541419029236,0.7015634775161743,1.4186562299728394,1.3013725280761719,0.9246715307235718,0.760150134563446,1.2605023384094238,1.8480377197265625
90,1766587649.2362227,288000,0.38331541419029236,0.7015634775161743,1.4186562299728394,1.3013725280761719,0.9246715307235718,0.760150134563446,1.2575546503067017,1.858457326889038
91,1766587650.4815283,291200,0.38331541419029236,0.7015634775161743,1.4341812133789062,1.1204780340194702,0.9246715307235718,0.760150134563446,1.2575546503067017,1.858457326889038
92,1766587651.3693657,294400,0.38331541419029236,0.7015634775161743,1.4341812133789062,1.1204780340194702,0.9111874103546143,0.8240377902984619,1.2575546503067017,1.858457326889038
93,1766587656.5712183,297600,0.3854416608810425,0.6009506583213806,1.4341812133789062,1.1204780340194702,0.9111874103546143,0.8240377902984619,1.2575546503067017,1.858457326889038
94,1766587658.675682,300800,0.3854416608810425,0.6009506583213806,1.4341812133789062,1.1204780340194702,0.9111874103546143,0.8240377902984619,1.2470054626464844,1.4662246704101562
95,1766587659.550602,304000,0.3854416608810425,0.6009506583213806,1.4341812133789062,1.1204780340194702,0.8994450569152832,0.9160590171813965,1.2470054626464844,1.4662246704101562
96,1766587660.6894305,307200,0.3854416608810425,0.6009506583213806,1.4353301525115967,1.168981909751892,0.8994450569152832,0.9160590171813965,1.2470054626464844,1.4662246704101562
97,1766587664.782882,310400,0.38615721464157104,0.5376962423324585,1.4353301525115967,1.168981909751892,0.8994450569152832,0.9160590171813965,1.2470054626464844,1.4662246704101562
98,1766587667.1059866,313600,0.38615721464157104,0.5376962423324585,1.4353301525115967,1.168981909751892,0.8994450569152832,0.9160590171813965,1.2417423725128174,1.4327170848846436
99,1766587668.385836,316800,0.38615721464157104,0.5376962423324585,1.4353301525115967,1.168981909751892,0.8902592062950134,1.1386301517486572,1.2417423725128174,1.4327170848846436
100,1766587672.0802534,320000,0.38615721464157104,0.5376962423324585,1.4499211311340332,1.0218223333358765,0.8902592062950134,1.1386301517486572,1.2417423725128174,1.4327170848846436
101,1766587672.8327758,323200,0.38812220096588135,0.6531277894973755,1.4499211311340332,1.0218223333358765,0.8902592062950134,1.1386301517486572,1.2417423725128174,1.4327170848846436
102,1766587676.3515174,326400,0.38812220096588135,0.6531277894973755,1.4499211311340332,1.0218223333358765,0.8902592062950134,1.1386301517486572,1.2266275882720947,1.3662360906600952
103,1766587676.6587245,329600,0.38812220096588135,0.6531277894973755,1.4499211311340332,1.0218223333358765,0.8855509757995605,1.2522717714309692,1.2266275882720947,1.3662360906600952
104,1766587680.628013,332800,0.38841286301612854,0.5430535674095154,1.4499211311340332,1.0218223333358765,0.8855509757995605,1.2522717714309692,1.2266275882720947,1.3662360906600952
105,1766587684.347243,336000,0.38841286301612854,0.5430535674095154,1.4499211311340332,1.0218223333358765,0.8855509757995605,1.2522717714309692,1.212355613708496,1.1847378015518188
106,1766587684.7602339,339200,0.38841286301612854,0.5430535674095154,1.4632258415222168,1.018509030342102,0.8855509757995605,1.2522717714309692,1.212355613708496,1.1847378015518188
107,1766587686.1636355,342400,0.38841286301612854,0.5430535674095154,1.4632258415222168,1.018509030342102,0.8827080726623535,1.4377373456954956,1.212355613708496,1.1847378015518188
108,1766587689.374515,345600,0.3872421979904175,0.48383674025535583,1.4632258415222168,1.018509030342102,0.8827080726623535,1.4377373456954956,1.212355613708496,1.1847378015518188
109,1766587693.267616,348800,0.3872421979904175,0.48383674025535583,1.4632258415222168,1.018509030342102,0.8827080726623535,1.4377373456954956,1.1950629949569702,1.1780602931976318
110,1766587694.223059,352000,0.3872421979904175,0.48383674025535583,1.4532384872436523,1.1390529870986938,0.8827080726623535,1.4377373456954956,1.1950629949569702,1.1780602931976318
111,1766587697.3962154,355200,0.3872421979904175,0.48383674025535583,1.4532384872436523,1.1390529870986938,0.9051185846328735,1.6185671091079712,1.1950629949569702,1.1780602931976318
112,1766587697.6305368,358400,0.3907793462276459,0.8154428005218506,1.4532384872436523,1.1390529870986938,0.9051185846328735,1.6185671091079712,1.1950629949569702,1.1780602931976318
113,1766587701.452949,361600,0.3907793462276459,0.8154428005218506,1.4532384872436523,1.1390529870986938,0.9051185846328735,1.6185671091079712,1.1820396184921265,1.2239960432052612
114,1766587702.3726754,364800,0.3907793462276459,0.8154428005218506,1.4302455186843872,1.2927087545394897,0.9051185846328735,1.6185671091079712,1.1820396184921265,1.2239960432052612
115,1766587705.574685,368000,0.3914462924003601,0.7131263613700867,1.4302455186843872,1.2927087545394897,0.9051185846328735,1.6185671091079712,1.1820396184921265,1.2239960432052612
116,1766587709.9904628,371200,0.3914462924003601,0.7131263613700867,1.4302455186843872,1.2927087545394897,0.9051185846328735,1.6185671091079712,1.1729226112365723,1.506309986114502
117,1766587710.2749174,374400,0.3914462924003601,0.7131263613700867,1.403852939605713,1.1913410425186157,0.9051185846328735,1.6185671091079712,1.1729226112365723,1.506309986114502
118,1766587711.126296,377600,0.3914462924003601,0.7131263613700867,1.403852939605713,1.1913410425186157,0.9392469525337219,0.7550305128097534,1.1729226112365723,1.506309986114502
119,1766587713.7596455,380800,0.3910403549671173,0.6153157353401184,1.403852939605713,1.1913410425186157,0.9392469525337219,0.7550305128097534,1.1729226112365723,1.506309986114502
120,1766587717.917645,384000,0.3910403549671173,0.6153157353401184,1.3742140531539917,0.899038553237915,0.9392469525337219,0.7550305128097534,1.1729226112365723,1.506309986114502
121,1766587720.0331247,387200,0.3910403549671173,0.6153157353401184,1.3742140531539917,0.899038553237915,0.9392469525337219,0.7550305128097534,1.170508623123169,1.7164998054504395
122,1766587721.8898401,390400,0.3915404975414276,0.5794429779052734,1.3742140531539917,0.899038553237915,0.9392469525337219,0.7550305128097534,1.170508623123169,1.7164998054504395
123,1766587723.2880263,393600,0.3915404975414276,0.5794429779052734,1.3742140531539917,0.899038553237915,0.9639050364494324,1.1075077056884766,1.170508623123169,1.7164998054504395
124,1766587725.8539093,396800,0.3915404975414276,0.5794429779052734,1.3492001295089722,0.8327616453170776,0.9639050364494324,1.1075077056884766,1.170508623123169,1.7164998054504395
125,1766587729.779391,400000,0.394033282995224,0.792773425579071,1.3492001295089722,0.8327616453170776,0.9639050364494324,1.1075077056884766,1.170508623123169,1.7164998054504395
126,1766587730.2954514,403200,0.394033282995224,0.792773425579071,1.3492001295089722,0.8327616453170776,0.9639050364494324,1.1075077056884766,1.1658920049667358,1.6348882913589478
127,1766587733.7768662,406400,0.394033282995224,0.792773425579071,1.3231617212295532,0.7724488377571106,0.9639050364494324,1.1075077056884766,1.1658920049667358,1.6348882913589478
128,1766587736.710604,409600,0.394033282995224,0.792773425579071,1.3231617212295532,0.7724488377571106,0.986890435218811,1.1601855754852295,1.1658920049667358,1.6348882913589478
129,1766587737.4313512,412800,0.39574405550956726,0.7584912776947021,1.3231617212295532,0.7724488377571106,0.986890435218811,1.1601855754852295,1.1658920049667358,1.6348882913589478
130,1766587739.6713324,416000,0.39574405550956726,0.7584912776947021,1.3231617212295532,0.7724488377571106,0.986890435218811,1.1601855754852295,1.1631956100463867,1.746690034866333
131,1766587742.388281,419200,0.39574405550956726,0.7584912776947021,1.3036335706710815,1.1648935079574585,0.986890435218811,1.1601855754852295,1.1631956100463867,1.746690034866333
132,1766587745.653986,422400,0.39574405550956726,0.7584912776947021,1.3036335706710815,1.1648935079574585,0.9941335320472717,1.3058276176452637,1.1631956100463867,1.746690034866333
133,1766587745.9379747,425600,0.39941707253456116,0.9296839833259583,1.3036335706710815,1.1648935079574585,0.9941335320472717,1.3058276176452637,1.1631956100463867,1.746690034866333
134,1766587750.138483,428800,0.39941707253456116,0.9296839833259583,1.3036335706710815,1.1648935079574585,0.9941335320472717,1.3058276176452637,1.1798954010009766,1.3930245637893677
135,1766587750.9978473,432000,0.39941707253456116,0.9296839833259583,1.2895960807800293,1.4021912813186646,0.9941335320472717,1.3058276176452637,1.1798954010009766,1.3930245637893677
136,1766587754.2017498,435200,0.4030761122703552,0.8753126263618469,1.2895960807800293,1.4021912813186646,0.9941335320472717,1.3058276176452637,1.1798954010009766,1.3930245637893677
137,1766587754.4999743,438400,0.4030761122703552,0.8753126263618469,1.2895960807800293,1.4021912813186646,0.9871134161949158,1.1888232231140137,1.1798954010009766,1.3930245637893677
138,1766587759.8522766,441600,0.4030761122703552,0.8753126263618469,1.2686275243759155,1.1513471603393555,0.9871134161949158,1.1888232231140137,1.1798954010009766,1.3930245637893677
139,1766587762.0932393,444800,0.4030761122703552,0.8753126263618469,1.2686275243759155,1.1513471603393555,0.9772282838821411,1.0148203372955322,1.1798954010009766,1.3930245637893677
140,1766587762.468141,448000,0.40515822172164917,0.8094190955162048,1.2686275243759155,1.1513471603393555,0.9772282838821411,1.0148203372955322,1.1798954010009766,1.3930245637893677
141,1766587764.969311,451200,0.40515822172164917,0.8094190955162048,1.2686275243759155,1.1513471603393555,0.9772282838821411,1.0148203372955322,1.197729468345642,1.0829548835754395
142,1766587768.9461462,454400,0.40515822172164917,0.8094190955162048,1.2569605112075806,1.487512230873108,0.9772282838821411,1.0148203372955322,1.197729468345642,1.0829548835754395
143,1766587771.6976347,457600,0.40515822172164917,0.8094190955162048,1.2569605112075806,1.487512230873108,0.9724032878875732,1.147789478302002,1.197729468345642,1.0829548835754395
144,1766587771.816974,460800,0.4100955128669739,1.2666343450546265,1.2569605112075806,1.487512230873108,0.9724032878875732,1.147789478302002,1.197729468345642,1.0829548835754395
145,1766587774.4770398,464000,0.4100955128669739,1.2666343450546265,1.2569605112075806,1.487512230873108,0.9724032878875732,1.147789478302002,1.2065974473953247,1.303861379623413
146,1766587778.6828916,467200,0.4100955128669739,1.2666343450546265,1.2588468790054321,1.530921459197998,0.9724032878875732,1.147789478302002,1.2065974473953247,1.303861379623413
147,1766587780.3283336,470400,0.4146941006183624,1.2199878692626953,1.2588468790054321,1.530921459197998,0.9724032878875732,1.147789478302002,1.2065974473953247,1.303861379623413
148,1766587780.711401,473600,0.4146941006183624,1.2199878692626953,1.2588468790054321,1.530921459197998,0.9675154685974121,1.1605421304702759,1.2065974473953247,1.303861379623413
149,1766587783.3383558,476800,0.4146941006183624,1.2199878692626953,1.2588468790054321,1.530921459197998,0.9675154685974121,1.1605421304702759,1.199790358543396,1.4153915643692017
150,1766587788.9915175,480000,0.418448269367218,1.1051287651062012,1.2588468790054321,1.530921459197998,0.9675154685974121,1.1605421304702759,1.199790358543396,1.4153915643692017
151,1766587789.1775932,483200,0.418448269367218,1.1051287651062012,1.2588468790054321,1.530921459197998,0.9600770473480225,1.0823017358779907,1.199790358543396,1.4153915643692017
152,1766587789.923628,486400,0.418448269367218,1.1051287651062012,1.272961974143982,1.1378576755523682,0.9600770473480225,1.0823017358779907,1.199790358543396,1.4153915643692017
153,1766587791.2975338,489600,0.418448269367218,1.1051287651062012,1.272961974143982,1.1378576755523682,0.9600770473480225,1.0823017358779907,1.182456612586975,1.0548590421676636
154,1766587796.6495297,492800,0.4206590950489044,0.9522203803062439,1.272961974143982,1.1378576755523682,0.9600770473480225,1.0823017358779907,1.182456612586975,1.0548590421676636
155,1766587797.3336773,496000,0.4206590950489044,0.9522203803062439,1.272961974143982,1.1378576755523682,0.9560427069664001,1.1687705516815186,1.182456612586975,1.0548590421676636
156,1766587799.6326973,499200,0.4206590950489044,0.9522203803062439,1.272961974143982,1.1378576755523682,0.9560427069664001,1.1687705516815186,1.1683061122894287,0.9276236295700073
157,1766587804.7080462,502400,0.4223880171775818,0.9398559331893921,1.272961974143982,1.1378576755523682,0.9560427069664001,1.1687705516815186,1.1683061122894287,0.9276236295700073
158,1766587804.9725301,505600,0.4223880171775818,0.9398559331893921,1.2885626554489136,0.7803620100021362,0.9560427069664001,1.1687705516815186,1.1683061122894287,0.9276236295700073
159,1766587806.3040812,508800,0.4223880171775818,0.9398559331893921,1.2885626554489136,0.7803620100021362,0.9559915661811829,1.421751618385315,1.1683061122894287,0.9276236295700073
160,1766587807.8477137,512000,0.4223880171775818,0.9398559331893921,1.2885626554489136,0.7803620100021362,0.9559915661811829,1.421751618385315,1.1509990692138672,0.8019545078277588
161,1766587813.1890652,515200,0.42974236607551575,1.4984394311904907,1.2885626554489136,0.7803620100021362,0.9559915661811829,1.421751618385315,1.1509990692138672,0.8019545078277588
162,1766587815.218806,518400,0.42974236607551575,1.4984394311904907,1.2989602088928223,1.5052850246429443,0.9559915661811829,1.421751618385315,1.1509990692138672,0.8019545078277588
163,1766587815.3037417,521600,0.42974236607551575,1.4984394311904907,1.2989602088928223,1.5052850246429443,0.9558414220809937,1.4036736488342285,1.1509990692138672,0.8019545078277588
164,1766587816.2984338,524800,0.42974236607551575,1.4984394311904907,1.2989602088928223,1.5052850246429443,0.9558414220809937,1.4036736488342285,1.1373907327651978,0.9039144515991211
165,1766587822.101685,528000,0.4331289529800415,1.0580590963363647,1.2989602088928223,1.5052850246429443,0.9558414220809937,1.4036736488342285,1.1373907327651978,0.9039144515991211
166,1766587824.2458014,531200,0.4331289529800415,1.0580590963363647,1.2989602088928223,1.5052850246429443,0.960076093673706,1.5762566328048706,1.1373907327651978,0.9039144515991211
167,1766587824.4598882,534400,0.4331289529800415,1.0580590963363647,1.2989602088928223,1.5052850246429443,0.960076093673706,1.5762566328048706,1.1219990253448486,0.7953987717628479
168,1766587827.0256593,537600,0.4331289529800415,1.0580590963363647,1.309771180152893,1.0856671333312988,0.960076093673706,1.5762566328048706,1.1219990253448486,0.7953987717628479
169,1766587829.754156,540800,0.4326900243759155,0.7077770233154297,1.309771180152893,1.0856671333312988,0.960076093673706,1.5762566328048706,1.1219990253448486,0.7953987717628479
170,1766587832.5716977,544000,0.4326900243759155,0.7077770233154297,1.309771180152893,1.0856671333312988,0.960076093673706,1.5762566328048706,1.1085631847381592,0.7414030432701111
171,1766587834.3607686,547200,0.4326900243759155,0.7077770233154297,1.309771180152893,1.0856671333312988,0.9652009010314941,1.656484842300415,1.1085631847381592,0.7414030432701111
172,1766587837.9587486,550400,0.4356183707714081,0.9988333582878113,1.309771180152893,1.0856671333312988,0.9652009010314941,1.656484842300415,1.1085631847381592,0.7414030432701111
173,1766587838.8827758,553600,0.4356183707714081,0.9988333582878113,1.319385051727295,1.0294865369796753,0.9652009010314941,1.656484842300415,1.1085631847381592,0.7414030432701111
174,1766587839.7051497,556800,0.4356183707714081,0.9988333582878113,1.319385051727295,1.0294865369796753,0.9652009010314941,1.656484842300415,1.0942633152008057,0.6824381351470947
175,1766587843.4502275,560000,0.4356183707714081,0.9988333582878113,1.319385051727295,1.0294865369796753,0.96732097864151,1.7535618543624878,1.0942633152008057,0.6824381351470947
176,1766587845.655165,563200,0.43802326917648315,0.8695366978645325,1.319385051727295,1.0294865369796753,0.96732097864151,1.7535618543624878,1.0942633152008057,0.6824381351470947
177,1766587848.3227613,566400,0.43802326917648315,0.8695366978645325,1.319385051727295,1.0294865369796753,0.96732097864151,1.7535618543624878,1.0805402994155884,0.6496168375015259
178,1766587850.1836782,569600,0.43802326917648315,0.8695366978645325,1.3290637731552124,1.1271133422851562,0.96732097864151,1.7535618543624878,1.0805402994155884,0.6496168375015259
179,1766587853.4545317,572800,0.43802326917648315,0.8695366978645325,1.3290637731552124,1.1271133422851562,0.9689664840698242,1.5352075099945068,1.0805402994155884,0.6496168375015259
180,1766587853.5784032,576000,0.43881118297576904,0.878274142742157,1.3290637731552124,1.1271133422851562,0.9689664840698242,1.5352075099945068,1.0805402994155884,0.6496168375015259
181,1766587856.7046764,579200,0.43881118297576904,0.878274142742157,1.3290637731552124,1.1271133422851562,0.9689664840698242,1.5352075099945068,1.0702577829360962,0.8879508972167969
182,1766587861.4504259,582400,0.43881118297576904,0.878274142742157,1.3393330574035645,0.9643966555595398,0.9689664840698242,1.5352075099945068,1.0702577829360962,0.8879508972167969
183,1766587861.4712436,585600,0.43880921602249146,0.716224193572998,1.3393330574035645,0.9643966555595398,0.9689664840698242,1.5352075099945068,1.0702577829360962,0.8879508972167969
184,1766587862.210882,588800,0.43880921602249146,0.716224193572998,1.3393330574035645,0.9643966555595398,0.9696267247200012,1.622606873512268,1.0702577829360962,0.8879508972167969
185,1766587864.7727673,592000,0.43880921602249146,0.716224193572998,1.3393330574035645,0.9643966555595398,0.9696267247200012,1.622606873512268,1.060837984085083,0.8171043395996094
186,1766587869.656818,595200,0.4391339421272278,0.7403857111930847,1.3393330574035645,0.9643966555595398,0.9696267247200012,1.622606873512268,1.060837984085083,0.8171043395996094
187,1766587870.2875044,598400,0.4391339421272278,0.7403857111930847,1.3393330574035645,0.9643966555595398,0.9723901748657227,1.6830517053604126,1.060837984085083,0.8171043395996094
188,1766587872.148897,601600,0.4391339421272278,0.7403857111930847,1.3500244617462158,0.9110127091407776,0.9723901748657227,1.6830517053604126,1.060837984085083,0.8171043395996094
189,1766587872.5201285,604800,0.4391339421272278,0.7403857111930847,1.3500244617462158,0.9110127091407776,0.9723901748657227,1.6830517053604126,1.0488382577896118,0.650387704372406
190,1766587877.5929563,608000,0.44307103753089905,1.141621470451355,1.3500244617462158,0.9110127091407776,0.9723901748657227,1.6830517053604126,1.0488382577896118,0.650387704372406
191,1766587879.8677995,611200,0.44307103753089905,1.141621470451355,1.3500244617462158,0.9110127091407776,0.9711395502090454,1.4231131076812744,1.0488382577896118,0.650387704372406
192,1766587880.6438744,614400,0.44307103753089905,1.141621470451355,1.3500244617462158,0.9110127091407776,0.9711395502090454,1.4231131076812744,1.0378684997558594,0.7584579586982727
193,1766587883.163684,617600,0.44307103753089905,1.141621470451355,1.3567628860473633,0.9837952852249146,0.9711395502090454,1.4231131076812744,1.0378684997558594,0.7584579586982727
194,1766587886.0666764,620800,0.4447997808456421,0.885564386844635,1.3567628860473633,0.9837952852249146,0.9711395502090454,1.4231131076812744,1.0378684997558594,0.7584579586982727
195,1766587888.5225282,624000,0.4447997808456421,0.885564386844635,1.3567628860473633,0.9837952852249146,0.9711395502090454,1.4231131076812744,1.0267555713653564,0.6773315072059631
196,1766587889.3003964,627200,0.4447997808456421,0.885564386844635,1.3567628860473633,0.9837952852249146,0.974097728729248,1.6258771419525146,1.0267555713653564,0.6773315072059631
197,1766587892.5196395,630400,0.4447997808456421,0.885564386844635,1.3650171756744385,1.1601272821426392,0.974097728729248,1.6258771419525146,1.0267555713653564,0.6773315072059631
198,1766587894.3206651,633600,0.44562745094299316,0.9111781120300293,1.3650171756744385,1.1601272821426392,0.974097728729248,1.6258771419525146,1.0267555713653564,0.6773315072059631
199,1766587896.8709297,636800,0.44562745094299316,0.9111781120300293,1.3650171756744385,1.1601272821426392,0.974097728729248,1.6258771419525146,1.0179088115692139,0.7978765964508057
200,1766587898.2234762,640000,0.44562745094299316,0.9111781120300293,1.3650171756744385,1.1601272821426392,0.9787335991859436,1.529731273651123,1.0179088115692139,0.7978765964508057
201,1766587901.7655056,643200,0.4458397924900055,0.8321664929389954,1.3650171756744385,1.1601272821426392,0.9787335991859436,1.529731273651123,1.0179088115692139,0.7978765964508057
202,1766587903.2601118,646400,0.4458397924900055,0.8321664929389954,1.3697261810302734,1.1884263753890991,0.9787335991859436,1.529731273651123,1.0179088115692139,0.7978765964508057
203,1766587904.6664965,649600,0.4458397924900055,0.8321664929389954,1.3697261810302734,1.1884263753890991,0.9787335991859436,1.529731273651123,1.0117249488830566,0.8398565649986267
204,1766587907.4778922,652800,0.4458397924900055,0.8321664929389954,1.3697261810302734,1.1884263753890991,0.9832707047462463,1.443045735359192,1.0117249488830566,0.8398565649986267
205,1766587910.0899053,656000,0.445951908826828,0.7716476321220398,1.3697261810302734,1.1884263753890991,0.9832707047462463,1.443045735359192,1.0117249488830566,0.8398565649986267
206,1766587912.602943,659200,0.445951908826828,0.7716476321220398,1.3697261810302734,1.1884263753890991,0.9832707047462463,1.443045735359192,1.0029935836791992,0.6983608603477478
207,1766587913.291274,662400,0.445951908826828,0.7716476321220398,1.368065357208252,1.3714038133621216,0.9832707047462463,1.443045735359192,1.0029935836791992,0.6983608603477478
208,1766587917.3224301,665600,0.445951908826828,0.7716476321220398,1.368065357208252,1.3714038133621216,0.990600049495697,1.3485527038574219,1.0029935836791992,0.6983608603477478
209,1766587917.77685,668800,0.44765737652778625,0.9575751423835754,1.368065357208252,1.3714038133621216,0.990600049495697,1.3485527038574219,1.0029935836791992,0.6983608603477478
210,1766587921.034347,672000,0.44765737652778625,0.9575751423835754,1.368065357208252,1.3714038133621216,0.990600049495697,1.3485527038574219,0.9984278082847595,0.984889566898346
211,1766587921.7592866,675200,0.44765737652778625,0.9575751423835754,1.361474871635437,1.4660297632217407,0.990600049495697,1.3485527038574219,0.9984278082847595,0.984889566898346
212,1766587925.998336,678400,0.4482746422290802,0.8113546371459961,1.361474871635437,1.4660297632217407,0.990600049495697,1.3485527038574219,0.9984278082847595,0.984889566898346
213,1766587927.5284517,681600,0.4482746422290802,0.8113546371459961,1.361474871635437,1.4660297632217407,1.0063444375991821,1.05207097530365,0.9984278082847595,0.984889566898346
214,1766587929.4846115,684800,0.4482746422290802,0.8113546371459961,1.361474871635437,1.4660297632217407,1.0063444375991821,1.05207097530365,0.991701602935791,0.9834644794464111
215,1766587929.6081545,688000,0.4482746422290802,0.8113546371459961,1.3543436527252197,1.490238904953003,1.0063444375991821,1.05207097530365,0.991701602935791,0.9834644794464111
216,1766587933.6809096,691200,0.44656476378440857,0.5464819073677063,1.3543436527252197,1.490238904953003,1.0063444375991821,1.05207097530365,0.991701602935791,0.9834644794464111
217,1766587936.708587,694400,0.44656476378440857,0.5464819073677063,1.3543436527252197,1.490238904953003,1.0063444375991821,1.05207097530365,0.985864520072937,0.9581811428070068
218,1766587937.946524,697600,0.44656476378440857,0.5464819073677063,1.3451515436172485,1.4393914937973022,1.0063444375991821,1.05207097530365,0.985864520072937,0.9581811428070068
219,1766587941.1692462,700800,0.44656476378440857,0.5464819073677063,1.3451515436172485,1.4393914937973022,1.0224722623825073,1.2243646383285522,0.985864520072937,0.9581811428070068
220,1766587941.290337,704000,0.4469825029373169,0.7783971428871155,1.3451515436172485,1.4393914937973022,1.0224722623825073,1.2243646383285522,0.985864520072937,0.9581811428070068
221,1766587945.1256783,707200,0.4469825029373169,0.7783971428871155,1.3451515436172485,1.4393914937973022,1.0224722623825073,1.2243646383285522,0.9801645874977112,1.0149940252304077
222,1766587946.552709,710400,0.4469825029373169,0.7783971428871155,1.3352370262145996,1.2843209505081177,1.0224722623825073,1.2243646383285522,0.9801645874977112,1.0149940252304077
223,1766587949.67129,713600,0.4518161118030548,1.4976340532302856,1.3352370262145996,1.2843209505081177,1.0224722623825073,1.2243646383285522,0.9801645874977112,1.0149940252304077
224,1766587950.9312203,716800,0.4518161118030548,1.4976340532302856,1.3352370262145996,1.2843209505081177,1.0276130437850952,1.2619014978408813,0.9801645874977112,1.0149940252304077
225,1766587953.5911658,720000,0.4518161118030548,1.4976340532302856,1.3352370262145996,1.2843209505081177,1.0276130437850952,1.2619014978408813,0.9831158518791199,1.438658356666565
226,1766587955.739902,723200,0.4518161118030548,1.4976340532302856,1.3293800354003906,1.1993361711502075,1.0276130437850952,1.2619014978408813,0.9831158518791199,1.438658356666565
227,1766587958.5170622,726400,0.45446068048477173,1.0578619241714478,1.3293800354003906,1.1993361711502075,1.0276130437850952,1.2619014978408813,0.9831158518791199,1.438658356666565
228,1766587959.1721587,729600,0.45446068048477173,1.0578619241714478,1.3293800354003906,1.1993361711502075,1.0230273008346558,1.0686923265457153,0.9831158518791199,1.438658356666565
229,1766587964.2093039,732800,0.45446068048477173,1.0578619241714478,1.3293800354003906,1.1993361711502075,1.0230273008346558,1.0686923265457153,0.9925515651702881,1.5311546325683594
230,1766587965.0664926,736000,0.45446068048477173,1.0578619241714478,1.3209385871887207,1.2287766933441162,1.0230273008346558,1.0686923265457153,0.9925515651702881,1.5311546325683594
231,1766587966.7054224,739200,0.4569985270500183,1.0774966478347778,1.3209385871887207,1.2287766933441162,1.0230273008346558,1.0686923265457153,0.9925515651702881,1.5311546325683594
232,1766587967.0956328,742400,0.4569985270500183,1.0774966478347778,1.3209385871887207,1.2287766933441162,1.0162070989608765,1.0186423063278198,0.9925515651702881,1.5311546325683594
233,1766587972.4239318,745600,0.4569985270500183,1.0774966478347778,1.3140920400619507,1.4706286191940308,1.0162070989608765,1.0186423063278198,0.9925515651702881,1.5311546325683594
234,1766587974.478906,748800,0.45683956146240234,0.8254430294036865,1.3140920400619507,1.4706286191940308,1.0162070989608765,1.0186423063278198,0.9925515651702881,1.5311546325683594
235,1766587974.8920739,752000,0.45683956146240234,0.8254430294036865,1.3140920400619507,1.4706286191940308,1.0102077722549438,0.884365439414978,0.9925515651702881,1.5311546325683594
236,1766587976.1702902,755200,0.45683956146240234,0.8254430294036865,1.3140920400619507,1.4706286191940308,1.0102077722549438,0.884365439414978,1.007820963859558,0.9122765064239502
237,1766587980.7544465,758400,0.45683956146240234,0.8254430294036865,1.3049856424331665,1.4659851789474487,1.0102077722549438,0.884365439414978,1.007820963859558,0.9122765064239502
238,1766587982.0877604,761600,0.4570140540599823,0.982649028301239,1.3049856424331665,1.4659851789474487,1.0102077722549438,0.884365439414978,1.007820963859558,0.9122765064239502
239,1766587982.3851924,764800,0.4570140540599823,0.982649028301239,1.3049856424331665,1.4659851789474487,1.0065786838531494,0.9938818216323853,1.007820963859558,0.9122765064239502
240,1766587988.2802186,768000,0.4570140540599823,0.982649028301239,1.294966459274292,1.3527077436447144,1.0065786838531494,0.9938818216323853,1.007820963859558,0.9122765064239502
241,1766587989.5370185,771200,0.4587629437446594,1.0440847873687744,1.294966459274292,1.3527077436447144,1.0065786838531494,0.9938818216323853,1.007820963859558,0.9122765064239502
242,1766587990.2152317,774400,0.4587629437446594,1.0440847873687744,1.294966459274292,1.3527077436447144,0.9991846680641174,0.8417772650718689,1.007820963859558,0.9122765064239502
243,1766587991.673711,777600,0.4587629437446594,1.0440847873687744,1.294966459274292,1.3527077436447144,0.9991846680641174,0.8417772650718689,1.0242990255355835,0.6943725943565369
244,1766587996.6252694,780800,0.4587629437446594,1.0440847873687744,1.288058876991272,1.3350530862808228,0.9991846680641174,0.8417772650718689,1.0242990255355835,0.6943725943565369
245,1766587997.6783834,784000,0.4575912356376648,0.7070947289466858,1.288058876991272,1.3350530862808228,0.9991846680641174,0.8417772650718689,1.0242990255355835,0.6943725943565369
246,1766587998.1233442,787200,0.4575912356376648,0.7070947289466858,1.288058876991272,1.3350530862808228,0.9949314594268799,1.1292771100997925,1.0242990255355835,0.6943725943565369
247,1766588002.6956549,790400,0.4575912356376648,0.7070947289466858,1.288058876991272,1.3350530862808228,0.9949314594268799,1.1292771100997925,1.0395686626434326,1.0244815349578857
248,1766588005.190435,793600,0.4575912356376648,0.7070947289466858,1.2796865701675415,1.3464879989624023,0.9949314594268799,1.1292771100997925,1.0395686626434326,1.0244815349578857
249,1766588005.4863799,796800,0.4600529372692108,1.0794754028320312,1.2796865701675415,1.3464879989624023,0.9949314594268799,1.1292771100997925,1.0395686626434326,1.0244815349578857
250,1766588006.1026256,800000,0.4600529372692108,1.0794754028320312,1.2796865701675415,1.3464879989624023,0.9887246489524841,0.841417670249939,1.0395686626434326,1.0244815349578857
251,1766588013.0314012,803200,0.461166113615036,1.1036518812179565,1.2796865701675415,1.3464879989624023,0.9887246489524841,0.841417670249939,1.0395686626434326,1.0244815349578857
252,1766588013.7667906,806400,0.461166113615036,1.1036518812179565,1.2739312648773193,1.4271092414855957,0.9887246489524841,0.841417670249939,1.0395686626434326,1.0244815349578857
253,1766588013.8072667,809600,0.461166113615036,1.1036518812179565,1.2739312648773193,1.4271092414855957,0.9818252921104431,0.8505072593688965,1.0395686626434326,1.0244815349578857
254,1766588015.9585552,812800,0.461166113615036,1.1036518812179565,1.2739312648773193,1.4271092414855957,0.9818252921104431,0.8505072593688965,1.0535378456115723,0.7679583430290222
255,1766588021.3043282,816000,0.46090051531791687,0.8086469769477844,1.2739312648773193,1.4271092414855957,0.9818252921104431,0.8505072593688965,1.0535378456115723,0.7679583430290222
256,1766588021.967412,819200,0.46090051531791687,0.8086469769477844,1.2739312648773193,1.4271092414855957,0.9763480424880981,0.8903883099555969,1.0535378456115723,0.7679583430290222
257,1766588022.137172,822400,0.46090051531791687,0.8086469769477844,1.267749547958374,1.350197672843933,0.9763480424880981,0.8903883099555969,1.0535378456115723,0.7679583430290222
258,1766588027.0148575,825600,0.46090051531791687,0.8086469769477844,1.267749547958374,1.350197672843933,0.9763480424880981,0.8903883099555969,1.0653144121170044,1.082504391670227
259,1766588029.2355573,828800,0.4631137251853943,1.1441682577133179,1.267749547958374,1.350197672843933,0.9763480424880981,0.8903883099555969,1.0653144121170044,1.082504391670227
260,1766588029.6699505,832000,0.4631137251853943,1.1441682577133179,1.267749547958374,1.350197672843933,0.9680758714675903,0.6581586599349976,1.0653144121170044,1.082504391670227
261,1766588030.94918,835200,0.4631137251853943,1.1441682577133179,1.2667325735092163,1.5582152605056763,0.9680758714675903,0.6581586599349976,1.0653144121170044,1.082504391670227
262,1766588036.6872473,838400,0.4634881615638733,0.8058358430862427,1.2667325735092163,1.5582152605056763,0.9680758714675903,0.6581586599349976,1.0653144121170044,1.082504391670227
263,1766588037.8204942,841600,0.4634881615638733,0.8058358430862427,1.2667325735092163,1.5582152605056763,0.9621286988258362,0.7533663511276245,1.0653144121170044,1.082504391670227
264,1766588038.4647455,844800,0.4634881615638733,0.8058358430862427,1.2667325735092163,1.5582152605056763,0.9621286988258362,0.7533663511276245,1.0766549110412598,0.9090628027915955
265,1766588039.8471737,848000,0.4634881615638733,0.8058358430862427,1.2619823217391968,1.522343397140503,0.9621286988258362,0.7533663511276245,1.0766549110412598,0.9090628027915955
266,1766588044.5780492,851200,0.4649841785430908,1.063312292098999,1.2619823217391968,1.522343397140503,0.9621286988258362,0.7533663511276245,1.0766549110412598,0.9090628027915955
267,1766588045.431399,854400,0.4649841785430908,1.063312292098999,1.2619823217391968,1.522343397140503,0.9562458992004395,0.7546885013580322,1.0766549110412598,0.9090628027915955
268,1766588048.5190501,857600,0.4649841785430908,1.063312292098999,1.2538787126541138,1.2067805528640747,0.9562458992004395,0.7546885013580322,1.0766549110412598,0.9090628027915955
269,1766588049.688576,860800,0.4649841785430908,1.063312292098999,1.2538787126541138,1.2067805528640747,0.9562458992004395,0.7546885013580322,1.0885251760482788,0.7547253370285034
270,1766588052.7059014,864000,0.46678441762924194,1.1078944206237793,1.2538787126541138,1.2067805528640747,0.9562458992004395,0.7546885013580322,1.0885251760482788,0.7547253370285034
271,1766588052.9885566,867200,0.46678441762924194,1.1078944206237793,1.2538787126541138,1.2067805528640747,0.9516358375549316,0.8870789408683777,1.0885251760482788,0.7547253370285034
272,1766588057.4451883,870400,0.46678441762924194,1.1078944206237793,1.2479586601257324,1.292107105255127,0.9516358375549316,0.8870789408683777,1.0885251760482788,0.7547253370285034
273,1766588060.5819924,873600,0.465458482503891,0.5674671530723572,1.2479586601257324,1.292107105255127,0.9516358375549316,0.8870789408683777,1.0885251760482788,0.7547253370285034
274,1766588060.9781218,876800,0.465458482503891,0.5674671530723572,1.2479586601257324,1.292107105255127,0.9516358375549316,0.8870789408683777,1.0999027490615845,0.7501700520515442
275,1766588061.120467,880000,0.465458482503891,0.5674671530723572,1.2479586601257324,1.292107105255127,0.9463744163513184,0.8361614942550659,1.0999027490615845,0.7501700520515442
276,1766588065.880643,883200,0.465458482503891,0.5674671530723572,1.2466017007827759,1.6169310808181763,0.9463744163513184,0.8361614942550659,1.0999027490615845,0.7501700520515442
277,1766588068.697691,886400,0.465458482503891,0.5674671530723572,1.2466017007827759,1.6169310808181763,0.942886233329773,0.8784129619598389,1.0999027490615845,0.7501700520515442
278,1766588068.7382905,889600,0.4639631509780884,0.6732047200202942,1.2466017007827759,1.6169310808181763,0.942886233329773,0.8784129619598389,1.0999027490615845,0.7501700520515442
279,1766588071.3939188,892800,0.4639631509780884,0.6732047200202942,1.2466017007827759,1.6169310808181763,0.942886233329773,0.8784129619598389,1.110969066619873,1.0304851531982422
280,1766588075.1329496,896000,0.4639631509780884,0.6732047200202942,1.2446430921554565,1.3277369737625122,0.942886233329773,0.8784129619598389,1.110969066619873,1.0304851531982422
281,1766588077.050722,899200,0.4639631509780884,0.6732047200202942,1.2446430921554565,1.3277369737625122,0.937078058719635,0.6901809573173523,1.110969066619873,1.0304851531982422
282,1766588077.1020358,902400,0.465191125869751,1.0382581949234009,1.2446430921554565,1.3277369737625122,0.937078058719635,0.6901809573173523,1.110969066619873,1.0304851531982422
283,1766588081.930986,905600,0.465191125869751,1.0382581949234009,1.2446430921554565,1.3277369737625122,0.937078058719635,0.6901809573173523,1.1190940141677856,1.1883128881454468
284,1766588084.4919674,908800,0.46454331278800964,0.6649733781814575,1.2446430921554565,1.3277369737625122,0.937078058719635,0.6901809573173523,1.1190940141677856,1.1883128881454468
285,1766588084.7372677,912000,0.46454331278800964,0.6649733781814575,1.2426316738128662,1.3391178846359253,0.937078058719635,0.6901809573173523,1.1190940141677856,1.1883128881454468
286,1766588085.2948506,915200,0.46454331278800964,0.6649733781814575,1.2426316738128662,1.3391178846359253,0.9319577217102051,0.6933866739273071,1.1190940141677856,1.1883128881454468
287,1766588091.7995238,918400,0.46454331278800964,0.6649733781814575,1.2426316738128662,1.3391178846359253,0.9319577217102051,0.6933866739273071,1.12528657913208,1.1808234453201294
288,1766588092.4092538,921600,0.46454864740371704,0.7946133017539978,1.2426316738128662,1.3391178846359253,0.9319577217102051,0.6933866739273071,1.12528657913208,1.1808234453201294
289,1766588093.161853,924800,0.46454864740371704,0.7946133017539978,1.2426316738128662,1.3391178846359253,0.9276796579360962,0.771900475025177,1.12528657913208,1.1808234453201294
290,1766588093.370524,928000,0.46454864740371704,0.7946133017539978,1.2419072389602661,1.1953999996185303,0.9276796579360962,0.771900475025177,1.12528657913208,1.1808234453201294
291,1766588100.3849316,931200,0.4658568203449249,0.8681254982948303,1.2419072389602661,1.1953999996185303,0.9276796579360962,0.771900475025177,1.12528657913208,1.1808234453201294
292,1766588101.2769248,934400,0.4658568203449249,0.8681254982948303,1.2419072389602661,1.1953999996185303,0.9232246279716492,0.7797163128852844,1.12528657913208,1.1808234453201294
293,1766588101.660101,937600,0.4658568203449249,0.8681254982948303,1.2419072389602661,1.1953999996185303,0.9232246279716492,0.7797163128852844,1.1284098625183105,1.420986294746399
294,1766588103.3241456,940800,0.4658568203449249,0.8681254982948303,1.2424654960632324,1.1796575784683228,0.9232246279716492,0.7797163128852844,1.1284098625183105,1.420986294746399
295,1766588108.3304713,944000,0.46666407585144043,0.8934014439582825,1.2424654960632324,1.1796575784683228,0.9232246279716492,0.7797163128852844,1.1284098625183105,1.420986294746399
296,1766588109.4780142,947200,0.46666407585144043,0.8934014439582825,1.2424654960632324,1.1796575784683228,0.918971598148346,0.7473660111427307,1.1284098625183105,1.420986294746399
297,1766588110.3002653,950400,0.46666407585144043,0.8934014439582825,1.2424654960632324,1.1796575784683228,0.918971598148346,0.7473660111427307,1.1287744045257568,1.3481357097625732
298,1766588112.9894254,953600,0.46666407585144043,0.8934014439582825,1.245080828666687,1.1226646900177002,0.918971598148346,0.7473660111427307,1.1287744045257568,1.3481357097625732
299,1766588116.4387486,956800,0.4661937654018402,0.7865517735481262,1.245080828666687,1.1226646900177002,0.918971598148346,0.7473660111427307,1.1287744045257568,1.3481357097625732
300,1766588117.6599176,960000,0.4661937654018402,0.7865517735481262,1.245080828666687,1.1226646900177002,0.9151434898376465,0.7969680428504944,1.1287744045257568,1.3481357097625732
301,1766588118.989217,963200,0.4661937654018402,0.7865517735481262,1.245080828666687,1.1226646900177002,0.9151434898376465,0.7969680428504944,1.1287938356399536,1.3267561197280884
302,1766588123.692675,966400,0.4661937654018402,0.7865517735481262,1.2523530721664429,0.8704714775085449,0.9151434898376465,0.7969680428504944,1.1287938356399536,1.3267561197280884
303,1766588124.746006,969600,0.46715784072875977,1.0004340410232544,1.2523530721664429,0.8704714775085449,0.9151434898376465,0.7969680428504944,1.1287938356399536,1.3267561197280884
304,1766588125.5009377,972800,0.46715784072875977,1.0004340410232544,1.2523530721664429,0.8704714775085449,0.9105703830718994,0.8117026090621948,1.1287938356399536,1.3267561197280884
305,1766588128.8627663,976000,0.46715784072875977,1.0004340410232544,1.2523530721664429,0.8704714775085449,0.9105703830718994,0.8117026090621948,1.1279107332229614,1.4380520582199097
306,1766588132.7999058,979200,0.4676205813884735,0.9233644604682922,1.2523530721664429,0.8704714775085449,0.9105703830718994,0.8117026090621948,1.1279107332229614,1.4380520582199097
307,1766588133.6402261,982400,0.4676205813884735,0.9233644604682922,1.2523530721664429,0.8704714775085449,0.9059412479400635,0.7933187484741211,1.1279107332229614,1.4380520582199097
308,1766588134.5245342,985600,0.4676205813884735,0.9233644604682922,1.2601203918457031,0.7816914319992065,0.9059412479400635,0.7933187484741211,1.1279107332229614,1.4380520582199097
309,1766588137.3697739,988800,0.4676205813884735,0.9233644604682922,1.2601203918457031,0.7816914319992065,0.9059412479400635,0.7933187484741211,1.126662015914917,1.5065325498580933
310,1766588140.7397075,992000,0.46825966238975525,0.9989407062530518,1.2601203918457031,0.7816914319992065,0.9059412479400635,0.7933187484741211,1.126662015914917,1.5065325498580933
311,1766588141.7389984,995200,0.46825966238975525,0.9989407062530518,1.2601203918457031,0.7816914319992065,0.9015079736709595,0.7838367223739624,1.126662015914917,1.5065325498580933
312,1766588144.096157,998400,0.46825966238975525,0.9989407062530518,1.2657889127731323,1.268086314201355,0.9015079736709595,0.7838367223739624,1.126662015914917,1.5065325498580933
313,1766588146.7035267,1001600,0.46825966238975525,0.9989407062530518,1.2657889127731323,1.268086314201355,0.9015079736709595,0.7838367223739624,1.1271289587020874,1.4023574590682983
314,1766588149.0875962,1004800,0.46961280703544617,0.9876081347465515,1.2657889127731323,1.268086314201355,0.9015079736709595,0.7838367223739624,1.1271289587020874,1.4023574590682983
315,1766588150.0336647,1008000,0.46961280703544617,0.9876081347465515,1.2657889127731323,1.268086314201355,0.8978652954101562,0.8621275424957275,1.1271289587020874,1.4023574590682983
316,1766588154.7986536,1011200,0.46961280703544617,0.9876081347465515,1.269823431968689,1.2432645559310913,0.8978652954101562,0.8621275424957275,1.1271289587020874,1.4023574590682983
317,1766588155.0448408,1014400,0.46961280703544617,0.9876081347465515,1.269823431968689,1.2432645559310913,0.8978652954101562,0.8621275424957275,1.1261446475982666,1.4326000213623047
318,1766588157.5294187,1017600,0.47039517760276794,0.885441243648529,1.269823431968689,1.2432645559310913,0.8978652954101562,0.8621275424957275,1.1261446475982666,1.4326000213623047
319,1766588158.726112,1020800,0.47039517760276794,0.885441243648529,1.269823431968689,1.2432645559310913,0.8947446346282959,0.8374128341674805,1.1261446475982666,1.4326000213623047
320,1766588164.487302,1024000,0.47039517760276794,0.885441243648529,1.269823431968689,1.2432645559310913,0.8947446346282959,0.8374128341674805,1.1265935897827148,1.3409898281097412
321,1766588164.5591233,1027200,0.47039517760276794,0.885441243648529,1.2712984085083008,1.3073266744613647,0.8947446346282959,0.8374128341674805,1.1265935897827148,1.3409898281097412
322,1766588165.8724167,1030400,0.4712052047252655,0.8642165660858154,1.2712984085083008,1.3073266744613647,0.8947446346282959,0.8374128341674805,1.1265935897827148,1.3409898281097412
323,1766588166.6928453,1033600,0.4712052047252655,0.8642165660858154,1.2712984085083008,1.3073266744613647,0.8927841782569885,0.9986611604690552,1.1265935897827148,1.3409898281097412
324,1766588173.5589466,1036800,0.4712052047252655,0.8642165660858154,1.2712984085083008,1.3073266744613647,0.8927841782569885,0.9986611604690552,1.1276967525482178,1.407739520072937
325,1766588174.1022751,1040000,0.4712052047252655,0.8642165660858154,1.274018406867981,1.1537060737609863,0.8927841782569885,0.9986611604690552,1.1276967525482178,1.407739520072937
326,1766588174.6036057,1043200,0.47106510400772095,0.9186012148857117,1.274018406867981,1.1537060737609863,0.8927841782569885,0.9986611604690552,1.1276967525482178,1.407739520072937
327,1766588175.0147965,1046400,0.47106510400772095,0.9186012148857117,1.274018406867981,1.1537060737609863,0.8920133113861084,1.0141770839691162,1.1276967525482178,1.407739520072937
328,1766588182.6939542,1049600,0.47106510400772095,0.9186012148857117,1.274018406867981,1.1537060737609863,0.8920133113861084,1.0141770839691162,1.1291382312774658,1.4069000482559204
329,1766588182.766148,1052800,0.47188258171081543,0.955807626247406,1.274018406867981,1.1537060737609863,0.8920133113861084,1.0141770839691162,1.1291382312774658,1.4069000482559204
330,1766588183.7930214,1056000,0.47188258171081543,0.955807626247406,1.274018406867981,1.1537060737609863,0.8884353041648865,0.7871114015579224,1.1291382312774658,1.4069000482559204
331,1766588184.6296582,1059200,0.47188258171081543,0.955807626247406,1.2778904438018799,1.065992832183838,0.8884353041648865,0.7871114015579224,1.1291382312774658,1.4069000482559204
332,1766588191.1820157,1062400,0.4720129072666168,0.772320032119751,1.2778904438018799,1.065992832183838,0.8884353041648865,0.7871114015579224,1.1291382312774658,1.4069000482559204
333,1766588191.693611,1065600,0.4720129072666168,0.772320032119751,1.2778904438018799,1.065992832183838,0.8884353041648865,0.7871114015579224,1.1304901838302612,1.2657309770584106
334,1766588192.0795803,1068800,0.4720129072666168,0.772320032119751,1.2778904438018799,1.065992832183838,0.8859297037124634,0.8852518200874329,1.1304901838302612,1.2657309770584106
335,1766588194.7477312,1072000,0.4720129072666168,0.772320032119751,1.2794283628463745,1.0251498222351074,0.8859297037124634,0.8852518200874329,1.1304901838302612,1.2657309770584106
336,1766588199.1422338,1075200,0.47214475274086,0.72039794921875,1.2794283628463745,1.0251498222351074,0.8859297037124634,0.8852518200874329,1.1304901838302612,1.2657309770584106
337,1766588200.2206442,1078400,0.47214475274086,0.72039794921875,1.2794283628463745,1.0251498222351074,0.8827149868011475,0.8399770259857178,1.1304901838302612,1.2657309770584106
338,1766588201.1324513,1081600,0.47214475274086,0.72039794921875,1.2794283628463745,1.0251498222351074,0.8827149868011475,0.8399770259857178,1.1326669454574585,1.4172627925872803
339,1766588204.6770942,1084800,0.47214475274086,0.72039794921875,1.282607913017273,1.0182894468307495,0.8827149868011475,0.8399770259857178,1.1326669454574585,1.4172627925872803
340,1766588207.388104,1088000,0.4735713601112366,1.0643937587738037,1.282607913017273,1.0182894468307495,0.8827149868011475,0.8399770259857178,1.1326669454574585,1.4172627925872803
341,1766588208.565527,1091200,0.4735713601112366,1.0643937587738037,1.282607913017273,1.0182894468307495,0.8807806968688965,0.9082425236701965,1.1326669454574585,1.4172627925872803
342,1766588210.2173884,1094400,0.4735713601112366,1.0643937587738037,1.282607913017273,1.0182894468307495,0.8807806968688965,0.9082425236701965,1.1331037282943726,1.3054428100585938
343,1766588214.186379,1097600,0.4735713601112366,1.0643937587738037,1.2846533060073853,1.1038864850997925,0.8807806968688965,0.9082425236701965,1.1331037282943726,1.3054428100585938
344,1766588215.3660748,1100800,0.4743759334087372,0.9980595707893372,1.2846533060073853,1.1038864850997925,0.8807806968688965,0.9082425236701965,1.1331037282943726,1.3054428100585938
345,1766588217.248518,1104000,0.4743759334087372,0.9980595707893372,1.2846533060073853,1.1038864850997925,0.8763635158538818,0.7051405310630798,1.1331037282943726,1.3054428100585938
346,1766588219.2702465,1107200,0.4743759334087372,0.9980595707893372,1.2846533060073853,1.1038864850997925,0.8763635158538818,0.7051405310630798,1.1347858905792236,1.3823614120483398
347,1766588223.4865816,1110400,0.47549986839294434,0.8805597424507141,1.2846533060073853,1.1038864850997925,0.8763635158538818,0.7051405310630798,1.1347858905792236,1.3823614120483398
348,1766588223.9786031,1113600,0.47549986839294434,0.8805597424507141,1.2875690460205078,1.0855227708816528,0.8763635158538818,0.7051405310630798,1.1347858905792236,1.3823614120483398
349,1766588225.125505,1116800,0.47549986839294434,0.8805597424507141,1.2875690460205078,1.0855227708816528,0.8734163045883179,0.9236735105514526,1.1347858905792236,1.3823614120483398
350,1766588228.1635575,1120000,0.47549986839294434,0.8805597424507141,1.2875690460205078,1.0855227708816528,0.8734163045883179,0.9236735105514526,1.1345189809799194,1.3243781328201294
351,1766588231.2227354,1123200,0.4741195738315582,0.498362272977829,1.2875690460205078,1.0855227708816528,0.8734163045883179,0.9236735105514526,1.1345189809799194,1.3243781328201294
352,1766588233.098141,1126400,0.4741195738315582,0.498362272977829,1.2875690460205078,1.0855227708816528,0.8704677224159241,0.8308847546577454,1.1345189809799194,1.3243781328201294
353,1766588233.9091,1129600,0.4741195738315582,0.498362272977829,1.2930216789245605,0.8871392011642456,0.8704677224159241,0.8308847546577454,1.1345189809799194,1.3243781328201294
354,1766588237.8054245,1132800,0.4741195738315582,0.498362272977829,1.2930216789245605,0.8871392011642456,0.8704677224159241,0.8308847546577454,1.1363162994384766,1.3879095315933228
355,1766588239.4245384,1136000,0.4743511974811554,0.8649359941482544,1.2930216789245605,0.8871392011642456,0.8704677224159241,0.8308847546577454,1.1363162994384766,1.3879095315933228
356,1766588241.4557586,1139200,0.4743511974811554,0.8649359941482544,1.2930216789245605,0.8871392011642456,0.8674745559692383,0.825545608997345,1.1363162994384766,1.3879095315933228
357,1766588243.287969,1142400,0.4743511974811554,0.8649359941482544,1.2964282035827637,0.9819691181182861,0.8674745559692383,0.825545608997345,1.1363162994384766,1.3879095315933228
358,1766588247.2094078,1145600,0.4743511974811554,0.8649359941482544,1.2964282035827637,0.9819691181182861,0.8674745559692383,0.825545608997345,1.136786937713623,1.353493332862854
359,1766588247.6869235,1148800,0.47411754727363586,0.6926416754722595,1.2964282035827637,0.9819691181182861,0.8674745559692383,0.825545608997345,1.136786937713623,1.353493332862854
360,1766588249.23638,1152000,0.47411754727363586,0.6926416754722595,1.2964282035827637,0.9819691181182861,0.8644248247146606,0.7681496739387512,1.136786937713623,1.353493332862854
361,1766588253.017143,1155200,0.47411754727363586,0.6926416754722595,1.2994318008422852,1.0097521543502808,0.8644248247146606,0.7681496739387512,1.136786937713623,1.353493332862854
362,1766588256.121264,1158400,0.47411754727363586,0.6926416754722595,1.2994318008422852,1.0097521543502808,0.8644248247146606,0.7681496739387512,1.138168454170227,1.2012296915054321
363,1766588256.3776484,1161600,0.474756121635437,0.8188231587409973,1.2994318008422852,1.0097521543502808,0.8644248247146606,0.7681496739387512,1.138168454170227,1.2012296915054321
364,1766588257.6843724,1164800,0.474756121635437,0.8188231587409973,1.2994318008422852,1.0097521543502808,0.8615849614143372,0.781750500202179,1.138168454170227,1.2012296915054321
365,1766588262.9673717,1168000,0.474756121635437,0.8188231587409973,1.2992967367172241,1.0362088680267334,0.8615849614143372,0.781750500202179,1.138168454170227,1.2012296915054321
366,1766588264.2932243,1171200,0.46804335713386536,0.7236002683639526,1.2992967367172241,1.0362088680267334,0.8615849614143372,0.781750500202179,1.138168454170227,1.2012296915054321
367,1766588265.5852792,1174400,0.46804335713386536,0.7236002683639526,1.2992967367172241,1.0362088680267334,0.859273374080658,0.8304870128631592,1.138168454170227,1.2012296915054321
368,1766588266.109194,1177600,0.46804335713386536,0.7236002683639526,1.2992967367172241,1.0362088680267334,0.859273374080658,0.8304870128631592,1.1378471851348877,1.2551686763763428
369,1766588272.3423295,1180800,0.46804335713386536,0.7236002683639526,1.3004677295684814,1.167391061782837,0.859273374080658,0.8304870128631592,1.1378471851348877,1.2551686763763428
370,1766588272.8089998,1184000,0.4682268500328064,0.8280967473983765,1.3004677295684814,1.167391061782837,0.859273374080658,0.8304870128631592,1.1378471851348877,1.2551686763763428
371,1766588273.662456,1187200,0.4682268500328064,0.8280967473983765,1.3004677295684814,1.167391061782837,0.8575946092605591,0.9033653736114502,1.1378471851348877,1.2551686763763428
372,1766588274.9151082,1190400,0.4682268500328064,0.8280967473983765,1.3004677295684814,1.167391061782837,0.8575946092605591,0.9033653736114502,1.139323353767395,1.26706063747406
373,1766588280.3473125,1193600,0.468839168548584,0.5513715147972107,1.3004677295684814,1.167391061782837,0.8575946092605591,0.9033653736114502,1.139323353767395,1.26706063747406
374,1766588281.6817398,1196800,0.468839168548584,0.5513715147972107,1.3004677295684814,1.167391061782837,0.8551264405250549,0.8110806345939636,1.139323353767395,1.26706063747406
375,1766588282.525378,1200000,0.468839168548584,0.5513715147972107,1.3017055988311768,0.9845780730247498,0.8551264405250549,0.8110806345939636,1.139323353767395,1.26706063747406
376,1766588283.9123547,1203200,0.468839168548584,0.5513715147972107,1.3017055988311768,0.9845780730247498,0.8551264405250549,0.8110806345939636,1.13950777053833,1.1897910833358765
377,1766588288.9292543,1206400,0.4699302315711975,0.6367763876914978,1.3017055988311768,0.9845780730247498,0.8551264405250549,0.8110806345939636,1.13950777053833,1.1897910833358765
378,1766588289.6657248,1209600,0.4699302315711975,0.6367763876914978,1.3017055988311768,0.9845780730247498,0.852988064289093,0.8301214575767517,1.13950777053833,1.1897910833358765
379,1766588291.8456104,1212800,0.4699302315711975,0.6367763876914978,1.3037246465682983,1.0237524509429932,0.852988064289093,0.8301214575767517,1.13950777053833,1.1897910833358765
380,1766588292.7982755,1216000,0.4699302315711975,0.6367763876914978,1.3037246465682983,1.0237524509429932,0.852988064289093,0.8301214575767517,1.141537070274353,1.2871685028076172
381,1766588296.6656315,1219200,0.47072288393974304,0.7420952916145325,1.3037246465682983,1.0237524509429932,0.852988064289093,0.8301214575767517,1.141537070274353,1.2871685028076172
382,1766588298.365101,1222400,0.47072288393974304,0.7420952916145325,1.3037246465682983,1.0237524509429932,0.8520652651786804,0.9890238046646118,1.141537070274353,1.2871685028076172
383,1766588301.8758357,1225600,0.47072288393974304,0.7420952916145325,1.3055592775344849,1.0433242321014404,0.8520652651786804,0.9890238046646118,1.141537070274353,1.2871685028076172
384,1766588302.1665096,1228800,0.47072288393974304,0.7420952916145325,1.3055592775344849,1.0433242321014404,0.8520652651786804,0.9890238046646118,1.1433342695236206,1.3230515718460083
385,1766588304.7570345,1232000,0.471872478723526,0.6776432394981384,1.3055592775344849,1.0433242321014404,0.8520652651786804,0.9890238046646118,1.1433342695236206,1.3230515718460083
386,1766588306.3739507,1235200,0.471872478723526,0.6776432394981384,1.3055592775344849,1.0433242321014404,0.851296067237854,0.9661109447479248,1.1433342695236206,1.3230515718460083
387,1766588310.6934109,1238400,0.471872478723526,0.6776432394981384,1.3055592775344849,1.0433242321014404,0.851296067237854,0.9661109447479248,1.142987847328186,1.2738617658615112
388,1766588311.0996025,1241600,0.471872478723526,0.6776432394981384,1.308664083480835,1.0661818981170654,0.851296067237854,0.9661109447479248,1.142987847328186,1.2738617658615112
389,1766588312.4567845,1244800,0.47297635674476624,0.6394755840301514,1.308664083480835,1.0661818981170654,0.851296067237854,0.9661109447479248,1.142987847328186,1.2738617658615112
390,1766588314.885008,1248000,0.47297635674476624,0.6394755840301514,1.308664083480835,1.0661818981170654,0.8501995801925659,1.0692726373672485,1.142987847328186,1.2738617658615112
391,1766588319.4489858,1251200,0.47297635674476624,0.6394755840301514,1.308664083480835,1.0661818981170654,0.8501995801925659,1.0692726373672485,1.140245795249939,1.1576286554336548
392,1766588321.2751167,1254400,0.47410640120506287,0.5917890667915344,1.308664083480835,1.0661818981170654,0.8501995801925659,1.0692726373672485,1.140245795249939,1.1576286554336548
393,1766588321.468739,1257600,0.47410640120506287,0.5917890667915344,1.310502529144287,0.9632514119148254,0.8501995801925659,1.0692726373672485,1.140245795249939,1.1576286554336548
394,1766588323.800274,1260800,0.47410640120506287,0.5917890667915344,1.310502529144287,0.9632514119148254,0.8485395908355713,1.1582858562469482,1.140245795249939,1.1576286554336548
395,1766588328.4959562,1264000,0.47410640120506287,0.5917890667915344,1.310502529144287,0.9632514119148254,0.8485395908355713,1.1582858562469482,1.1370152235031128,1.0401391983032227
396,1766588329.3547077,1267200,0.4761773645877838,0.7254388928413391,1.310502529144287,0.9632514119148254,0.8485395908355713,1.1582858562469482,1.1370152235031128,1.0401391983032227
397,1766588330.97109,1270400,0.4761773645877838,0.7254388928413391,1.3105067014694214,1.0180727243423462,0.8485395908355713,1.1582858562469482,1.1370152235031128,1.0401391983032227
398,1766588332.7724004,1273600,0.4761773645877838,0.7254388928413391,1.3105067014694214,1.0180727243423462,0.8477662205696106,1.1604899168014526,1.1370152235031128,1.0401391983032227
399,1766588337.0518491,1276800,0.4761773645877838,0.7254388928413391,1.3105067014694214,1.0180727243423462,0.8477662205696106,1.1604899168014526,1.1347150802612305,1.023396611213684
400,1766588338.0351593,1280000,0.47800418734550476,0.5809422135353088,1.3105067014694214,1.0180727243423462,0.8477662205696106,1.1604899168014526,1.1347150802612305,1.023396611213684
401,1766588340.7713804,1283200,0.47800418734550476,0.5809422135353088,1.3100460767745972,1.0350533723831177,0.8477662205696106,1.1604899168014526,1.1347150802612305,1.023396611213684
402,1766588342.0237463,1286400,0.47800418734550476,0.5809422135353088,1.3100460767745972,1.0350533723831177,0.8460081219673157,1.1655018329620361,1.1347150802612305,1.023396611213684
403,1766588345.7478921,1289600,0.4797186553478241,0.5845263600349426,1.3100460767745972,1.0350533723831177,0.8460081219673157,1.1655018329620361,1.1347150802612305,1.023396611213684
404,1766588345.8332295,1292800,0.4797186553478241,0.5845263600349426,1.3100460767745972,1.0350533723831177,0.8460081219673157,1.1655018329620361,1.132434606552124,1.0994795560836792
405,1766588350.2454264,1296000,0.4797186553478241,0.5845263600349426,1.3089817762374878,0.9991376996040344,0.8460081219673157,1.1655018329620361,1.132434606552124,1.0994795560836792
406,1766588350.549849,1299200,0.4797186553478241,0.5845263600349426,1.3089817762374878,0.9991376996040344,0.8465798497200012,1.1850004196166992,1.132434606552124,1.0994795560836792
407,1766588354.5834565,1302400,0.4797186553478241,0.5845263600349426,1.3089817762374878,0.9991376996040344,0.8465798497200012,1.1850004196166992,1.129899263381958,1.1497970819473267
408,1766588354.6682081,1305600,0.48127448558807373,0.6292200088500977,1.3089817762374878,0.9991376996040344,0.8465798497200012,1.1850004196166992,1.129899263381958,1.1497970819473267
409,1766588359.5065238,1308800,0.48127448558807373,0.6292200088500977,1.3069989681243896,1.0227153301239014,0.8465798497200012,1.1850004196166992,1.129899263381958,1.1497970819473267
410,1766588359.662041,1312000,0.48127448558807373,0.6292200088500977,1.3069989681243896,1.0227153301239014,0.8499554991722107,1.2312811613082886,1.129899263381958,1.1497970819473267
411,1766588362.3364973,1315200,0.48251575231552124,0.5353192687034607,1.3069989681243896,1.0227153301239014,0.8499554991722107,1.2312811613082886,1.129899263381958,1.1497970819473267
412,1766588363.2036097,1318400,0.48251575231552124,0.5353192687034607,1.3069989681243896,1.0227153301239014,0.8499554991722107,1.2312811613082886,1.127697467803955,1.0191866159439087
413,1766588368.5237377,1321600,0.48251575231552124,0.5353192687034607,1.3069989681243896,1.0227153301239014,0.8528020977973938,1.1886026859283447,1.127697467803955,1.0191866159439087
414,1766588368.5762246,1324800,0.48251575231552124,0.5353192687034607,1.3035494089126587,1.0597275495529175,0.8528020977973938,1.1886026859283447,1.127697467803955,1.0191866159439087
415,1766588370.6361887,1328000,0.48394179344177246,0.49249517917633057,1.3035494089126587,1.0597275495529175,0.8528020977973938,1.1886026859283447,1.127697467803955,1.0191866159439087
416,1766588371.6748295,1331200,0.48394179344177246,0.49249517917633057,1.3035494089126587,1.0597275495529175,0.8528020977973938,1.1886026859283447,1.1240675449371338,1.0648552179336548
417,1766588377.1433501,1334400,0.48394179344177246,0.49249517917633057,1.300315260887146,1.0282015800476074,0.8528020977973938,1.1886026859283447,1.1240675449371338,1.0648552179336548
418,1766588378.8356788,1337600,0.48394179344177246,0.49249517917633057,1.300315260887146,1.0282015800476074,0.8590003848075867,1.131855845451355,1.1240675449371338,1.0648552179336548
419,1766588379.1873372,1340800,0.48457562923431396,0.5658344030380249,1.300315260887146,1.0282015800476074,0.8590003848075867,1.131855845451355,1.1240675449371338,1.0648552179336548
420,1766588380.1311364,1344000,0.48457562923431396,0.5658344030380249,1.300315260887146,1.0282015800476074,0.8590003848075867,1.131855845451355,1.1217576265335083,0.9868342280387878
421,1766588385.4822648,1347200,0.48457562923431396,0.5658344030380249,1.2965741157531738,1.0454462766647339,0.8590003848075867,1.131855845451355,1.1217576265335083,0.9868342280387878
422,1766588387.1921751,1350400,0.48560741543769836,0.4930877685546875,1.2965741157531738,1.0454462766647339,0.8590003848075867,1.131855845451355,1.1217576265335083,0.9868342280387878
423,1766588388.1076348,1353600,0.48560741543769836,0.4930877685546875,1.2965741157531738,1.0454462766647339,0.8590003848075867,1.131855845451355,1.117930293083191,1.0280749797821045
424,1766588390.1110916,1356800,0.48560741543769836,0.4930877685546875,1.2965741157531738,1.0454462766647339,0.864349365234375,0.8165609836578369,1.117930293083191,1.0280749797821045
425,1766588394.0148888,1360000,0.48560741543769836,0.4930877685546875,1.2921643257141113,1.0389915704727173,0.864349365234375,0.8165609836578369,1.117930293083191,1.0280749797821045
426,1766588394.7633235,1363200,0.48525160551071167,0.39960360527038574,1.2921643257141113,1.0389915704727173,0.864349365234375,0.8165609836578369,1.117930293083191,1.0280749797821045
427,1766588396.4736772,1366400,0.48525160551071167,0.39960360527038574,1.2921643257141113,1.0389915704727173,0.864349365234375,0.8165609836578369,1.1137852668762207,1.0286953449249268
428,1766588400.534269,1369600,0.48525160551071167,0.39960360527038574,1.2921643257141113,1.0389915704727173,0.8697709441184998,0.7286557555198669,1.1137852668762207,1.0286953449249268
429,1766588402.8040824,1372800,0.48525160551071167,0.39960360527038574,1.2889363765716553,1.1112748384475708,0.8697709441184998,0.7286557555198669,1.1137852668762207,1.0286953449249268
430,1766588403.6342068,1376000,0.48554810881614685,0.4364967346191406,1.2889363765716553,1.1112748384475708,0.8697709441184998,0.7286557555198669,1.1137852668762207,1.0286953449249268
431,1766588404.7902844,1379200,0.48554810881614685,0.4364967346191406,1.2889363765716553,1.1112748384475708,0.8697709441184998,0.7286557555198669,1.108776569366455,1.0389665365219116
432,1766588411.269769,1382400,0.48554810881614685,0.4364967346191406,1.285970687866211,0.9952294826507568,0.8697709441184998,0.7286557555198669,1.108776569366455,1.0389665365219116
433,1766588411.4253287,1385600,0.48554810881614685,0.4364967346191406,1.285970687866211,0.9952294826507568,0.8776963353157043,1.015332579612732,1.108776569366455,1.0389665365219116
434,1766588411.5078065,1388800,0.48617789149284363,0.4660053849220276,1.285970687866211,0.9952294826507568,0.8776963353157043,1.015332579612732,1.108776569366455,1.0389665365219116
435,1766588413.3923008,1392000,0.48617789149284363,0.4660053849220276,1.285970687866211,0.9952294826507568,0.8776963353157043,1.015332579612732,1.1047844886779785,0.9190923571586609
436,1766588419.93779,1395200,0.4864463210105896,0.39588603377342224,1.285970687866211,0.9952294826507568,0.8776963353157043,1.015332579612732,1.1047844886779785,0.9190923571586609
437,1766588420.3777719,1398400,0.4864463210105896,0.39588603377342224,1.285970687866211,0.9952294826507568,0.8848387002944946,1.0393799543380737,1.1047844886779785,0.9190923571586609
438,1766588420.66821,1401600,0.4864463210105896,0.39588603377342224,1.2841055393218994,1.0065908432006836,0.8848387002944946,1.0393799543380737,1.1047844886779785,0.9190923571586609
439,1766588422.203905,1404800,0.4864463210105896,0.39588603377342224,1.2841055393218994,1.0065908432006836,0.8848387002944946,1.0393799543380737,1.1006137132644653,1.1896119117736816
440,1766588428.2909818,1408000,0.4874166250228882,0.5429123640060425,1.2841055393218994,1.0065908432006836,0.8848387002944946,1.0393799543380737,1.1006137132644653,1.1896119117736816
441,1766588429.5143685,1411200,0.4874166250228882,0.5429123640060425,1.2807390689849854,1.0068511962890625,0.8848387002944946,1.0393799543380737,1.1006137132644653,1.1896119117736816
442,1766588430.162255,1414400,0.4874166250228882,0.5429123640060425,1.2807390689849854,1.0068511962890625,0.8892143964767456,1.2126156091690063,1.1006137132644653,1.1896119117736816
443,1766588431.068957,1417600,0.4874166250228882,0.5429123640060425,1.2807390689849854,1.0068511962890625,0.8892143964767456,1.2126156091690063,1.0945672988891602,1.0369815826416016
444,1766588436.1308734,1420800,0.4886566698551178,0.5546625852584839,1.2807390689849854,1.0068511962890625,0.8892143964767456,1.2126156091690063,1.0945672988891602,1.0369815826416016
445,1766588438.6864412,1424000,0.4886566698551178,0.5546625852584839,1.2763984203338623,0.9815397262573242,0.8892143964767456,1.2126156091690063,1.0945672988891602,1.0369815826416016
446,1766588439.640382,1427200,0.4886566698551178,0.5546625852584839,1.2763984203338623,0.9815397262573242,0.8910515904426575,1.176253080368042,1.0945672988891602,1.0369815826416016
447,1766588439.8050797,1430400,0.4886566698551178,0.5546625852584839,1.2763984203338623,0.9815397262573242,0.8910515904426575,1.176253080368042,1.0939754247665405,1.0943220853805542
448,1766588444.923244,1433600,0.48902419209480286,0.5089560747146606,1.2763984203338623,0.9815397262573242,0.8910515904426575,1.176253080368042,1.0939754247665405,1.0943220853805542
449,1766588448.8836637,1436800,0.48902419209480286,0.5089560747146606,1.2702964544296265,1.0470408201217651,0.8910515904426575,1.176253080368042,1.0939754247665405,1.0943220853805542
450,1766588449.4472785,1440000,0.48902419209480286,0.5089560747146606,1.2702964544296265,1.0470408201217651,0.8912290930747986,1.1881353855133057,1.0939754247665405,1.0943220853805542
451,1766588450.4162176,1443200,0.48902419209480286,0.5089560747146606,1.2702964544296265,1.0470408201217651,0.8912290930747986,1.1881353855133057,1.0931479930877686,1.0108107328414917
452,1766588456.4887273,1446400,0.4898017644882202,0.5037630200386047,1.2702964544296265,1.0470408201217651,0.8912290930747986,1.1881353855133057,1.0931479930877686,1.0108107328414917
453,1766588461.4294758,1449600,0.4898017644882202,0.5037630200386047,1.2670954465866089,0.9215913414955139,0.8912290930747986,1.1881353855133057,1.0931479930877686,1.0108107328414917
454,1766588462.361734,1452800,0.4898017644882202,0.5037630200386047,1.2670954465866089,0.9215913414955139,0.8912290930747986,1.1881353855133057,1.0893245935440063,1.0364010334014893
455,1766588462.7063704,1456000,0.4898017644882202,0.5037630200386047,1.2670954465866089,0.9215913414955139,0.891890287399292,1.2621445655822754,1.0893245935440063,1.0364010334014893
456,1766588467.5361204,1459200,0.49006736278533936,0.6305277347564697,1.2670954465866089,0.9215913414955139,0.891890287399292,1.2621445655822754,1.0893245935440063,1.0364010334014893
457,1766588473.2728162,1462400,0.49006736278533936,0.6305277347564697,1.2670388221740723,0.9631569385528564,0.891890287399292,1.2621445655822754,1.0893245935440063,1.0364010334014893
458,1766588473.9118116,1465600,0.49006736278533936,0.6305277347564697,1.2670388221740723,0.9631569385528564,0.8944689631462097,1.2032499313354492,1.0893245935440063,1.0364010334014893
459,1766588474.5682228,1468800,0.49006736278533936,0.6305277347564697,1.2670388221740723,0.9631569385528564,0.8944689631462097,1.2032499313354492,1.0828423500061035,1.043210506439209
460,1766588478.7534072,1472000,0.4898480474948883,0.4022686779499054,1.2670388221740723,0.9631569385528564,0.8944689631462097,1.2032499313354492,1.0828423500061035,1.043210506439209
461,1766588485.8045623,1475200,0.4898480474948883,0.4022686779499054,1.2651516199111938,0.7911462187767029,0.8944689631462097,1.2032499313354492,1.0828423500061035,1.043210506439209
462,1766588486.7459996,1478400,0.4898480474948883,0.4022686779499054,1.2651516199111938,0.7911462187767029,0.8964155316352844,1.1680327653884888,1.0828423500061035,1.043210506439209
463,1766588487.0999959,1481600,0.4898480474948883,0.4022686779499054,1.2651516199111938,0.7911462187767029,0.8964155316352844,1.1680327653884888,1.0797384977340698,1.0389455556869507
464,1766588490.4874816,1484800,0.4901983439922333,0.4696491062641144,1.2651516199111938,0.7911462187767029,0.8964155316352844,1.1680327653884888,1.0797384977340698,1.0389455556869507
465,1766588498.4217541,1488000,0.4901983439922333,0.4696491062641144,1.2651516199111938,0.7911462187767029,0.8995726108551025,1.2067053318023682,1.0797384977340698,1.0389455556869507
466,1766588498.6574388,1491200,0.4901983439922333,0.4696491062641144,1.2649527788162231,0.949346125125885,0.8995726108551025,1.2067053318023682,1.0797384977340698,1.0389455556869507
467,1766588499.8229918,1494400,0.4901983439922333,0.4696491062641144,1.2649527788162231,0.949346125125885,0.8995726108551025,1.2067053318023682,1.0762020349502563,1.022518277168274
468,1766588501.2821448,1497600,0.49068132042884827,0.5801272392272949,1.2649527788162231,0.949346125125885,0.8995726108551025,1.2067053318023682,1.0762020349502563,1.022518277168274
469,1766588510.5802708,1500800,0.49068132042884827,0.5801272392272949,1.2649527788162231,0.949346125125885,0.8995726108551025,1.2067053318023682,1.0757025480270386,1.1785378456115723
470,1766588510.866059,1504000,0.49068132042884827,0.5801272392272949,1.2649527788162231,0.949346125125885,0.9045587182044983,1.2125126123428345,1.0757025480270386,1.1785378456115723
471,1766588510.9769304,1507200,0.49068132042884827,0.5801272392272949,1.2661826610565186,1.0077179670333862,0.9045587182044983,1.2125126123428345,1.0757025480270386,1.1785378456115723
472,1766588512.9997938,1510400,0.4901003837585449,0.3814150094985962,1.2661826610565186,1.0077179670333862,0.9045587182044983,1.2125126123428345,1.0757025480270386,1.1785378456115723
473,1766588522.194162,1513600,0.4901003837585449,0.3814150094985962,1.2661826610565186,1.0077179670333862,0.9045587182044983,1.2125126123428345,1.0743416547775269,1.1703938245773315
474,1766588522.5387554,1516800,0.4901003837585449,0.3814150094985962,1.2661826610565186,1.0077179670333862,0.9105576276779175,1.1060593128204346,1.0743416547775269,1.1703938245773315
475,1766588523.6269217,1520000,0.4901003837585449,0.3814150094985962,1.2631123065948486,1.1518365144729614,0.9105576276779175,1.1060593128204346,1.0743416547775269,1.1703938245773315
476,1766588523.8599718,1523200,0.49053657054901123,0.43611785769462585,1.2631123065948486,1.1518365144729614,0.9105576276779175,1.1060593128204346,1.0743416547775269,1.1703938245773315
477,1766588533.3163831,1526400,0.49053657054901123,0.43611785769462585,1.2631123065948486,1.1518365144729614,0.9105576276779175,1.1060593128204346,1.0734914541244507,1.1023573875427246
478,1766588534.1778145,1529600,0.4890572130680084,0.4216863214969635,1.2631123065948486,1.1518365144729614,0.9105576276779175,1.1060593128204346,1.0734914541244507,1.1023573875427246
479,1766588534.7720997,1532800,0.4890572130680084,0.4216863214969635,1.2631123065948486,1.1518365144729614,0.9163579344749451,1.2011579275131226,1.0734914541244507,1.1023573875427246
480,1766588535.133464,1536000,0.4890572130680084,0.4216863214969635,1.260485291481018,1.150909423828125,0.9163579344749451,1.2011579275131226,1.0734914541244507,1.1023573875427246
481,1766588543.9175377,1539200,0.4890572130680084,0.4216863214969635,1.260485291481018,1.150909423828125,0.9163579344749451,1.2011579275131226,1.0705723762512207,1.0551600456237793
482,1766588544.413267,1542400,0.48908981680870056,0.43596842885017395,1.260485291481018,1.150909423828125,0.9163579344749451,1.2011579275131226,1.0705723762512207,1.0551600456237793
483,1766588546.2574232,1545600,0.48908981680870056,0.43596842885017395,1.2565081119537354,1.0000255107879639,0.9163579344749451,1.2011579275131226,1.0705723762512207,1.0551600456237793
484,1766588546.4282093,1548800,0.48908981680870056,0.43596842885017395,1.2565081119537354,1.0000255107879639,0.9249992966651917,1.0556979179382324,1.0705723762512207,1.0551600456237793
485,1766588554.569827,1552000,0.48908981680870056,0.43596842885017395,1.2565081119537354,1.0000255107879639,0.9249992966651917,1.0556979179382324,1.0656622648239136,1.0647045373916626
486,1766588555.2699955,1555200,0.4891093373298645,0.42360004782676697,1.2565081119537354,1.0000255107879639,0.9249992966651917,1.0556979179382324,1.0656622648239136,1.0647045373916626
487,1766588557.798429,1558400,0.4891093373298645,0.42360004782676697,1.2539494037628174,1.0380076169967651,0.9249992966651917,1.0556979179382324,1.0656622648239136,1.0647045373916626
488,1766588558.011263,1561600,0.4891093373298645,0.42360004782676697,1.2539494037628174,1.0380076169967651,0.9338366985321045,1.052127480506897,1.0656622648239136,1.0647045373916626
489,1766588564.6756942,1564800,0.4887474775314331,0.3791888356208801,1.2539494037628174,1.0380076169967651,0.9338366985321045,1.052127480506897,1.0656622648239136,1.0647045373916626
490,1766588565.297466,1568000,0.4887474775314331,0.3791888356208801,1.2539494037628174,1.0380076169967651,0.9338366985321045,1.052127480506897,1.0625778436660767,1.0848438739776611
491,1766588568.6540296,1571200,0.4887474775314331,0.3791888356208801,1.2508206367492676,0.9551533460617065,0.9338366985321045,1.052127480506897,1.0625778436660767,1.0848438739776611
492,1766588569.5281754,1574400,0.4887474775314331,0.3791888356208801,1.2508206367492676,0.9551533460617065,0.9414452314376831,1.1085550785064697,1.0625778436660767,1.0848438739776611
493,1766588574.4496086,1577600,0.48792943358421326,0.400478720664978,1.2508206367492676,0.9551533460617065,0.9414452314376831,1.1085550785064697,1.0625778436660767,1.0848438739776611
494,1766588575.824263,1580800,0.48792943358421326,0.400478720664978,1.2508206367492676,0.9551533460617065,0.9414452314376831,1.1085550785064697,1.0596169233322144,1.069778323173523
495,1766588579.6552193,1584000,0.48792943358421326,0.400478720664978,1.246541142463684,0.9647476077079773,0.9414452314376831,1.1085550785064697,1.0596169233322144,1.069778323173523
496,1766588580.807873,1587200,0.48792943358421326,0.400478720664978,1.246541142463684,0.9647476077079773,0.9486615061759949,1.1248195171356201,1.0596169233322144,1.069778323173523
497,1766588585.0841246,1590400,0.4875025749206543,0.43801429867744446,1.246541142463684,0.9647476077079773,0.9486615061759949,1.1248195171356201,1.0596169233322144,1.069778323173523
498,1766588587.2096832,1593600,0.4875025749206543,0.43801429867744446,1.246541142463684,0.9647476077079773,0.9486615061759949,1.1248195171356201,1.0553021430969238,1.0171808004379272
499,1766588591.4593065,1596800,0.4875025749206543,0.43801429867744446,1.2410143613815308,1.0147390365600586,0.9486615061759949,1.1248195171356201,1.0553021430969238,1.0171808004379272
500,1766588593.3449962,1600000,0.4875025749206543,0.43801429867744446,1.2410143613815308,1.0147390365600586,0.9563322067260742,1.2477362155914307,1.0553021430969238,1.0171808004379272
501,1766588596.24889,1603200,0.48634451627731323,0.4595213234424591,1.2410143613815308,1.0147390365600586,0.9563322067260742,1.2477362155914307,1.0553021430969238,1.0171808004379272
502,1766588598.6662955,1606400,0.48634451627731323,0.4595213234424591,1.2410143613815308,1.0147390365600586,0.9563322067260742,1.2477362155914307,1.05124032497406,0.9351993203163147
503,1766588603.8752725,1609600,0.48634451627731323,0.4595213234424591,1.2366721630096436,0.9424750208854675,0.9563322067260742,1.2477362155914307,1.05124032497406,0.9351993203163147
504,1766588605.1749632,1612800,0.48634451627731323,0.4595213234424591,1.2366721630096436,0.9424750208854675,0.9648566842079163,1.1120860576629639,1.05124032497406,0.9351993203163147
505,1766588607.9169874,1616000,0.4843408763408661,0.3520452678203583,1.2366721630096436,0.9424750208854675,0.9648566842079163,1.1120860576629639,1.05124032497406,0.9351993203163147
506,1766588610.4214222,1619200,0.4843408763408661,0.3520452678203583,1.2366721630096436,0.9424750208854675,0.9648566842079163,1.1120860576629639,1.049166202545166,0.9433600902557373
507,1766588616.2386224,1622400,0.4843408763408661,0.3520452678203583,1.2325822114944458,0.9554736018180847,0.9648566842079163,1.1120860576629639,1.049166202545166,0.9433600902557373
508,1766588617.9072833,1625600,0.4843408763408661,0.3520452678203583,1.2325822114944458,0.9554736018180847,0.9711771011352539,1.108347773551941,1.049166202545166,0.9433600902557373
509,1766588618.8144276,1628800,0.48353660106658936,0.4329068660736084,1.2325822114944458,0.9554736018180847,0.9711771011352539,1.108347773551941,1.049166202545166,0.9433600902557373
510,1766588622.3350503,1632000,0.48353660106658936,0.4329068660736084,1.2325822114944458,0.9554736018180847,0.9711771011352539,1.108347773551941,1.0462532043457031,0.9532430171966553
511,1766588628.8352022,1635200,0.48353660106658936,0.4329068660736084,1.2252850532531738,0.9435511827468872,0.9711771011352539,1.108347773551941,1.0462532043457031,0.9532430171966553
512,1766588630.1402733,1638400,0.48178189992904663,0.4364453852176666,1.2252850532531738,0.9435511827468872,0.9711771011352539,1.108347773551941,1.0462532043457031,0.9532430171966553
513,1766588631.013269,1641600,0.48178189992904663,0.4364453852176666,1.2252850532531738,0.9435511827468872,0.9681268930435181,1.0547829866409302,1.0462532043457031,0.9532430171966553
514,1766588633.270509,1644800,0.48178189992904663,0.4364453852176666,1.2252850532531738,0.9435511827468872,0.9681268930435181,1.0547829866409302,1.0465084314346313,0.9909640550613403
515,1766588640.7912645,1648000,0.48178189992904663,0.4364453852176666,1.217432975769043,0.8939261436462402,0.9681268930435181,1.0547829866409302,1.0465084314346313,0.9909640550613403
516,1766588641.2372503,1651200,0.4802345633506775,0.4534405469894409,1.217432975769043,0.8939261436462402,0.9681268930435181,1.0547829866409302,1.0465084314346313,0.9909640550613403
517,1766588643.172542,1654400,0.4802345633506775,0.4534405469894409,1.217432975769043,0.8939261436462402,0.9615171551704407,1.1383846998214722,1.0465084314346313,0.9909640550613403
518,1766588644.8795164,1657600,0.4802345633506775,0.4534405469894409,1.217432975769043,0.8939261436462402,0.9615171551704407,1.1383846998214722,1.0473366975784302,1.0128753185272217
519,1766588652.091979,1660800,0.478789746761322,0.4387930631637573,1.217432975769043,0.8939261436462402,0.9615171551704407,1.1383846998214722,1.0473366975784302,1.0128753185272217
520,1766588653.1590104,1664000,0.478789746761322,0.4387930631637573,1.213360071182251,0.9305973649024963,0.9615171551704407,1.1383846998214722,1.0473366975784302,1.0128753185272217
521,1766588655.6054428,1667200,0.478789746761322,0.4387930631637573,1.213360071182251,0.9305973649024963,0.9575395584106445,1.090570330619812,1.0473366975784302,1.0128753185272217
522,1766588656.6031954,1670400,0.478789746761322,0.4387930631637573,1.213360071182251,0.9305973649024963,0.9575395584106445,1.090570330619812,1.049745798110962,0.9978376626968384
523,1766588662.8609114,1673600,0.4776737093925476,0.421836793422699,1.213360071182251,0.9305973649024963,0.9575395584106445,1.090570330619812,1.049745798110962,0.9978376626968384
524,1766588664.744675,1676800,0.4776737093925476,0.421836793422699,1.2059592008590698,0.9004856944084167,0.9575395584106445,1.090570330619812,1.049745798110962,0.9978376626968384
525,1766588667.8812523,1680000,0.4776737093925476,0.421836793422699,1.2059592008590698,0.9004856944084167,0.9575395584106445,1.090570330619812,1.0494416952133179,0.9401354193687439
526,1766588668.0711904,1683200,0.4776737093925476,0.421836793422699,1.2059592008590698,0.9004856944084167,0.9524705410003662,1.0623316764831543,1.0494416952133179,0.9401354193687439
527,1766588674.220836,1686400,0.4774179458618164,0.4731689393520355,1.2059592008590698,0.9004856944084167,0.9524705410003662,1.0623316764831543,1.0494416952133179,0.9401354193687439
528,1766588677.0421367,1689600,0.4774179458618164,0.4731689393520355,1.1979097127914429,0.9197244644165039,0.9524705410003662,1.0623316764831543,1.0494416952133179,0.9401354193687439
529,1766588678.4932163,1692800,0.4774179458618164,0.4731689393520355,1.1979097127914429,0.9197244644165039,0.9524705410003662,1.0623316764831543,1.0488762855529785,1.02976655960083
530,1766588680.5143936,1696000,0.4774179458618164,0.4731689393520355,1.1979097127914429,0.9197244644165039,0.9540414214134216,1.1207202672958374,1.0488762855529785,1.02976655960083
531,1766588684.6810467,1699200,0.4737163782119751,0.39545318484306335,1.1979097127914429,0.9197244644165039,0.9540414214134216,1.1207202672958374,1.0488762855529785,1.02976655960083
532,1766588687.1263347,1702400,0.4737163782119751,0.39545318484306335,1.197791576385498,1.075422763824463,0.9540414214134216,1.1207202672958374,1.0488762855529785,1.02976655960083
533,1766588688.3226712,1705600,0.4737163782119751,0.39545318484306335,1.197791576385498,1.075422763824463,0.9540414214134216,1.1207202672958374,1.048141598701477,1.004884958267212
534,1766588691.1906765,1708800,0.4737163782119751,0.39545318484306335,1.197791576385498,1.075422763824463,0.9600124359130859,1.1095794439315796,1.048141598701477,1.004884958267212
535,1766588693.0685623,1712000,0.4716639518737793,0.38376808166503906,1.197791576385498,1.075422763824463,0.9600124359130859,1.1095794439315796,1.048141598701477,1.004884958267212
# _tick,_time,frames,mean_episode_return_0,loss_0,mean_episode_return_1,loss_1,mean_episode_return_2,loss_2,mean_episode_return_3,loss_3
0,1766588956.7722208,1660800,0.4802345633506775,0.4534405469894409,1.217432975769043,0.8939261436462402,1.0992366075515747,2.4075000286102295,1.0473366975784302,1.0128753185272217
1,1766588956.774227,1664000,0.4802345633506775,0.4534405469894409,0.8372092843055725,1.886562466621399,1.0992366075515747,2.4075000286102295,1.0473366975784302,1.0128753185272217
2,1766588957.1605952,1667200,0.4802345633506775,0.4534405469894409,0.8372092843055725,1.886562466621399,1.0992366075515747,2.4075000286102295,0.864661693572998,1.9043749570846558
3,1766588957.4516964,1670400,1.1567163467407227,2.466249942779541,0.8372092843055725,1.886562466621399,1.0992366075515747,2.4075000286102295,0.864661693572998,1.9043749570846558
4,1766588964.174589,1673600,0.8283581733703613,0.8564498424530029,0.8372092843055725,1.886562466621399,1.0992366075515747,2.4075000286102295,0.864661693572998,1.9043749570846558
5,1766588965.1113126,1676800,0.8283581733703613,0.8564498424530029,1.0358295440673828,2.489326000213623,1.0992366075515747,2.4075000286102295,0.864661693572998,1.9043749570846558
6,1766588965.2612917,1680000,0.8283581733703613,0.8564498424530029,1.0358295440673828,2.489326000213623,1.0992366075515747,2.4075000286102295,0.8679744005203247,1.7648552656173706
7,1766588965.8429947,1683200,0.8283581733703613,0.8564498424530029,1.0358295440673828,2.489326000213623,1.2362849712371826,2.6443657875061035,0.8679744005203247,1.7648552656173706
8,1766588972.4485345,1686400,0.6721765398979187,0.4154306650161743,1.0358295440673828,2.489326000213623,1.2362849712371826,2.6443657875061035,0.8679744005203247,1.7648552656173706
9,1766588973.0701423,1689600,0.6721765398979187,0.4154306650161743,1.0358295440673828,2.489326000213623,1.2362849712371826,2.6443657875061035,0.883454442024231,1.508709192276001
10,1766588973.5822022,1692800,0.6721765398979187,0.4154306650161743,1.0570753812789917,1.5557116270065308,1.2362849712371826,2.6443657875061035,0.883454442024231,1.508709192276001
11,1766588974.7489154,1696000,0.6721765398979187,0.4154306650161743,1.0570753812789917,1.5557116270065308,1.3007630109786987,1.8796746730804443,0.883454442024231,1.508709192276001
12,1766588980.4964402,1699200,0.5956501960754395,0.37587133049964905,1.0570753812789917,1.5557116270065308,1.3007630109786987,1.8796746730804443,0.883454442024231,1.508709192276001
13,1766588981.3468537,1702400,0.5956501960754395,0.37587133049964905,1.0570753812789917,1.5557116270065308,1.3007630109786987,1.8796746730804443,0.8778082132339478,1.0412498712539673
14,1766588982.2925577,1705600,0.5956501960754395,0.37587133049964905,1.0502218008041382,1.1966984272003174,1.3007630109786987,1.8796746730804443,0.8778082132339478,1.0412498712539673
15,1766588985.4194908,1708800,0.5956501960754395,0.37587133049964905,1.0502218008041382,1.1966984272003174,1.3386236429214478,1.139467716217041,0.8778082132339478,1.0412498712539673
16,1766588988.485026,1712000,0.5485922694206238,0.38006141781806946,1.0502218008041382,1.1966984272003174,1.3386236429214478,1.139467716217041,0.8778082132339478,1.0412498712539673
17,1766588990.0484629,1715200,0.5485922694206238,0.38006141781806946,1.0502218008041382,1.1966984272003174,1.3386236429214478,1.139467716217041,0.8881496787071228,1.0454968214035034
18,1766588992.504255,1718400,0.5485922694206238,0.38006141781806946,1.0401774644851685,1.021667718887329,1.3386236429214478,1.139467716217041,0.8881496787071228,1.0454968214035034
19,1766588998.682005,1721600,0.5485922694206238,0.38006141781806946,1.0401774644851685,1.021667718887329,1.4042322635650635,0.9920437335968018,0.8881496787071228,1.0454968214035034
20,1766589000.6377378,1724800,0.5146565437316895,0.3870995342731476,1.0401774644851685,1.021667718887329,1.4042322635650635,0.9920437335968018,0.8881496787071228,1.0454968214035034
21,1766589002.09146,1728000,0.5146565437316895,0.3870995342731476,1.0401774644851685,1.021667718887329,1.4042322635650635,0.9920437335968018,0.8744637966156006,1.006364345550537
22,1766589004.6814141,1731200,0.5146565437316895,0.3870995342731476,1.0486327409744263,1.1231212615966797,1.4042322635650635,0.9920437335968018,0.8744637966156006,1.006364345550537
23,1766589011.883896,1734400,0.49141013622283936,0.36002594232559204,1.0486327409744263,1.1231212615966797,1.4042322635650635,0.9920437335968018,0.8744637966156006,1.006364345550537
24,1766589012.8557012,1737600,0.49141013622283936,0.36002594232559204,1.0486327409744263,1.1231212615966797,1.4491167068481445,0.9423215389251709,0.8744637966156006,1.006364345550537
25,1766589014.174501,1740800,0.49141013622283936,0.36002594232559204,1.0486327409744263,1.1231212615966797,1.4491167068481445,0.9423215389251709,0.8622589707374573,0.9936924576759338
26,1766589016.6250424,1744000,0.49141013622283936,0.36002594232559204,1.0515978336334229,1.1375230550765991,1.4491167068481445,0.9423215389251709,0.8622589707374573,0.9936924576759338
27,1766589023.884634,1747200,0.47679001092910767,0.3916044533252716,1.0515978336334229,1.1375230550765991,1.4491167068481445,0.9423215389251709,0.8622589707374573,0.9936924576759338
28,1766589025.3495884,1750400,0.47679001092910767,0.3916044533252716,1.0515978336334229,1.1375230550765991,1.4491167068481445,0.9423215389251709,0.8767825365066528,1.065468668937683
29,1766589026.6469662,1753600,0.47679001092910767,0.3916044533252716,1.0515978336334229,1.1375230550765991,1.4603819847106934,1.0164273977279663,0.8767825365066528,1.065468668937683
30,1766589029.536938,1756800,0.47679001092910767,0.3916044533252716,1.0416197776794434,1.0323776006698608,1.4603819847106934,1.0164273977279663,0.8767825365066528,1.065468668937683
31,1766589035.262121,1760000,0.4638133645057678,0.3817116320133209,1.0416197776794434,1.0323776006698608,1.4603819847106934,1.0164273977279663,0.8767825365066528,1.065468668937683
32,1766589037.6211102,1763200,0.4638133645057678,0.3817116320133209,1.0416197776794434,1.0323776006698608,1.4603819847106934,1.0164273977279663,0.8691245317459106,1.0383285284042358
33,1766589042.059451,1766400,0.4638133645057678,0.3817116320133209,1.0416197776794434,1.0323776006698608,1.4802563190460205,0.9471390843391418,0.8691245317459106,1.0383285284042358
34,1766589042.5386002,1769600,0.4638133645057678,0.3817116320133209,1.031575322151184,1.0846136808395386,1.4802563190460205,0.9471390843391418,0.8691245317459106,1.0383285284042358
35,1766589047.0991397,1772800,0.4557940661907196,0.4080347418785095,1.031575322151184,1.0846136808395386,1.4802563190460205,0.9471390843391418,0.8691245317459106,1.0383285284042358
36,1766589049.0942068,1776000,0.4557940661907196,0.4080347418785095,1.031575322151184,1.0846136808395386,1.4802563190460205,0.9471390843391418,0.8607528805732727,0.950296938419342
# _tick,_time,frames,mean_episode_return_0,loss_0,mean_episode_return_1,loss_1,mean_episode_return_2,loss_2,mean_episode_return_3,loss_3
0,1766589151.1454186,1660800,0.4802345633506775,0.4534405469894409,1.217432975769043,0.8939261436462402,0.9615171551704407,1.1383846998214722,1.0530303716659546,2.3656249046325684
1,1766589151.1454186,1664000,0.9481481313705444,2.103749990463257,1.217432975769043,0.8939261436462402,0.9615171551704407,1.1383846998214722,1.0530303716659546,2.3656249046325684
2,1766589151.1483128,1667200,0.9481481313705444,2.103749990463257,0.8702290058135986,1.777187466621399,0.9615171551704407,1.1383846998214722,1.0530303716659546,2.3656249046325684
3,1766589151.6638885,1670400,0.9481481313705444,2.103749990463257,0.8702290058135986,1.777187466621399,1.030075192451477,2.192499876022339,1.0530303716659546,2.3656249046325684
4,1766589158.4352226,1673600,0.7186392545700073,0.6896423101425171,0.8702290058135986,1.777187466621399,1.030075192451477,2.192499876022339,1.0530303716659546,2.3656249046325684
5,1766589158.9452236,1676800,0.7186392545700073,0.6896423101425171,0.9182876348495483,1.8092358112335205,1.030075192451477,2.192499876022339,1.0530303716659546,2.3656249046325684
6,1766589159.0057566,1680000,0.7186392545700073,0.6896423101425171,0.9182876348495483,1.8092358112335205,1.030075192451477,2.192499876022339,0.9754947423934937,1.7308155298233032
7,1766589159.8186185,1683200,0.7186392545700073,0.6896423101425171,0.9182876348495483,1.8092358112335205,1.1620965003967285,2.2606759071350098,0.9754947423934937,1.7308155298233032
8,1766589166.368904,1686400,0.6035168170928955,0.39418935775756836,0.9182876348495483,1.8092358112335205,1.1620965003967285,2.2606759071350098,0.9754947423934937,1.7308155298233032
9,1766589167.2226012,1689600,0.6035168170928955,0.39418935775756836,0.9182876348495483,1.8092358112335205,1.1620965003967285,2.2606759071350098,0.9433044791221619,1.4567337036132812
10,1766589167.8405051,1692800,0.6035168170928955,0.39418935775756836,1.0082032680511475,1.878253698348999,1.1620965003967285,2.2606759071350098,0.9433044791221619,1.4567337036132812
11,1766589168.939213,1696000,0.6035168170928955,0.39418935775756836,1.0082032680511475,1.878253698348999,1.2641489505767822,2.004056453704834,0.9433044791221619,1.4567337036132812
12,1766589174.0265944,1699200,0.5443807244300842,0.39263877272605896,1.0082032680511475,1.878253698348999,1.2641489505767822,2.004056453704834,0.9433044791221619,1.4567337036132812
13,1766589175.2157545,1702400,0.5443807244300842,0.39263877272605896,1.0082032680511475,1.878253698348999,1.2641489505767822,2.004056453704834,0.9498028755187988,1.2378052473068237
14,1766589175.7649505,1705600,0.5443807244300842,0.39263877272605896,0.9815797209739685,1.0996594429016113,1.2641489505767822,2.004056453704834,0.9498028755187988,1.2378052473068237
15,1766589179.219021,1708800,0.5443807244300842,0.39263877272605896,0.9815797209739685,1.0996594429016113,1.3447283506393433,1.3330398797988892,0.9498028755187988,1.2378052473068237
16,1766589184.2510989,1712000,0.5153252482414246,0.41575944423675537,0.9815797209739685,1.0996594429016113,1.3447283506393433,1.3330398797988892,0.9498028755187988,1.2378052473068237
17,1766589185.4656732,1715200,0.5153252482414246,0.41575944423675537,0.9815797209739685,1.0996594429016113,1.3447283506393433,1.3330398797988892,0.925175666809082,1.0815237760543823
18,1766589187.5342836,1718400,0.5153252482414246,0.41575944423675537,0.9960970878601074,1.1631370782852173,1.3447283506393433,1.3330398797988892,0.925175666809082,1.0815237760543823
# _tick,_time,frames,mean_episode_return_0,loss_0,mean_episode_return_1,loss_1,mean_episode_return_2,loss_2,mean_episode_return_3,loss_3
0,1766590812.4914727,1660800,0.4802345633506775,0.4534405469894409,1.217432975769043,0.8939261436462402,1.3507462739944458,3.1440625190734863,1.0473366975784302,1.0128753185272217
1,1766590812.4914727,1664000,0.4802345633506775,0.4534405469894409,0.6818181872367859,1.482812523841858,1.3507462739944458,3.1440625190734863,1.0473366975784302,1.0128753185272217
2,1766590812.4914727,1667200,0.4802345633506775,0.4534405469894409,0.6818181872367859,1.482812523841858,1.3507462739944458,3.1440625190734863,0.6814814805984497,1.4368749856948853
3,1766590812.4914727,1670400,1.3629629611968994,3.18218731880188,0.6818181872367859,1.482812523841858,1.3507462739944458,3.1440625190734863,0.6814814805984497,1.4368749856948853
4,1766590819.1147501,1673600,1.091593861579895,1.5877259969711304,0.6818181872367859,1.482812523841858,1.3507462739944458,3.1440625190734863,0.6814814805984497,1.4368749856948853
5,1766590819.6188667,1676800,1.091593861579895,1.5877259969711304,0.6818181872367859,1.482812523841858,1.3507462739944458,3.1440625190734863,0.8111708164215088,1.7787264585494995
6,1766590820.31307,1680000,1.091593861579895,1.5877259969711304,0.7954545617103577,1.5947316884994507,1.3507462739944458,3.1440625190734863,0.8111708164215088,1.7787264585494995
7,1766590820.9785912,1683200,1.091593861579895,1.5877259969711304,0.7954545617103577,1.5947316884994507,1.0805864334106445,1.279775619506836,0.8111708164215088,1.7787264585494995
8,1766590827.7104175,1686400,0.9230154752731323,0.6391440033912659,0.7954545617103577,1.5947316884994507,1.0805864334106445,1.279775619506836,0.8111708164215088,1.7787264585494995
9,1766590828.5672004,1689600,0.9230154752731323,0.6391440033912659,0.7954545617103577,1.5947316884994507,1.0805864334106445,1.279775619506836,0.8789682388305664,1.6167151927947998
10,1766590829.5913672,1692800,0.9230154752731323,0.6391440033912659,0.8827259540557861,1.5623879432678223,1.0805864334106445,1.279775619506836,0.8789682388305664,1.6167151927947998
11,1766590831.2518165,1696000,0.9230154752731323,0.6391440033912659,0.8827259540557861,1.5623879432678223,0.9054303169250488,0.2863863706588745,0.8789682388305664,1.6167151927947998
12,1766590835.6492138,1699200,0.8282909989356995,0.5579099059104919,0.8827259540557861,1.5623879432678223,0.9054303169250488,0.2863863706588745,0.8789682388305664,1.6167151927947998
13,1766590836.5838313,1702400,0.8282909989356995,0.5579099059104919,0.8827259540557861,1.5623879432678223,0.9054303169250488,0.2863863706588745,0.9115846753120422,1.3120452165603638
14,1766590838.244342,1705600,0.8282909989356995,0.5579099059104919,0.9261137247085571,1.2344651222229004,0.9054303169250488,0.2863863706588745,0.9115846753120422,1.3120452165603638
15,1766590840.5975227,1708800,0.8282909989356995,0.5579099059104919,0.9261137247085571,1.2344651222229004,0.8151731491088867,0.27151888608932495,0.9115846753120422,1.3120452165603638
# _tick,_time,frames,mean_episode_return_0,loss_0,mean_episode_return_1,loss_1,mean_episode_return_2,loss_2,mean_episode_return_3,loss_3
0,1766591177.8841739,1660800,0.4802345633506775,0.4534405469894409,1.0144927501678467,2.1475000381469727,0.9615171551704407,1.1383846998214722,1.0473366975784302,1.0128753185272217
1,1766591177.8861775,1664000,0.9850745797157288,2.292187452316284,1.0144927501678467,2.1475000381469727,0.9615171551704407,1.1383846998214722,1.0473366975784302,1.0128753185272217
2,1766591177.8881822,1667200,0.9850745797157288,2.292187452316284,1.0144927501678467,2.1475000381469727,0.9779411554336548,2.283750057220459,1.0473366975784302,1.0128753185272217
3,1766591178.0349424,1670400,0.9850745797157288,2.292187452316284,1.0144927501678467,2.1475000381469727,0.9779411554336548,2.283750057220459,1.0145984888076782,2.156874895095825
4,1766591184.5144603,1673600,0.7887329459190369,0.8422604203224182,1.0144927501678467,2.1475000381469727,0.9779411554336548,2.283750057220459,1.0145984888076782,2.156874895095825
5,1766591185.3374271,1676800,0.7887329459190369,0.8422604203224182,1.0144927501678467,2.1475000381469727,0.9779411554336548,2.283750057220459,1.054419755935669,2.0773990154266357
6,1766591186.0516288,1680000,0.7887329459190369,0.8422604203224182,1.0524845123291016,1.9504146575927734,0.9779411554336548,2.283750057220459,1.054419755935669,2.0773990154266357
7,1766591187.0803258,1683200,0.7887329459190369,0.8422604203224182,1.0524845123291016,1.9504146575927734,0.7819221019744873,0.5737655162811279,1.054419755935669,2.0773990154266357
8,1766591192.4855902,1686400,0.7238417863845825,0.6162856817245483,1.0524845123291016,1.9504146575927734,0.7819221019744873,0.5737655162811279,1.054419755935669,2.0773990154266357
9,1766591193.9231908,1689600,0.7238417863845825,0.6162856817245483,1.0524845123291016,1.9504146575927734,0.7819221019744873,0.5737655162811279,1.0078438520431519,1.4409762620925903
10,1766591194.6747932,1692800,0.7238417863845825,0.6162856817245483,1.0065891742706299,1.2687653303146362,0.7819221019744873,0.5737655162811279,1.0078438520431519,1.4409762620925903
11,1766591196.9592264,1696000,0.7238417863845825,0.6162856817245483,1.0065891742706299,1.2687653303146362,0.7196941375732422,0.3148706257343292,1.0078438520431519,1.4409762620925903
12,1766591200.3001297,1699200,0.6773034334182739,0.5415931344032288,1.0065891742706299,1.2687653303146362,0.7196941375732422,0.3148706257343292,1.0078438520431519,1.4409762620925903
13,1766591201.7601616,1702400,0.6773034334182739,0.5415931344032288,1.0065891742706299,1.2687653303146362,0.7196941375732422,0.3148706257343292,1.0046809911727905,1.1809639930725098
14,1766591204.0808256,1705600,0.6773034334182739,0.5415931344032288,0.9985040426254272,1.0821332931518555,0.7196941375732422,0.3148706257343292,1.0046809911727905,1.1809639930725098
15,1766591206.0239437,1708800,0.6773034334182739,0.5415931344032288,0.9985040426254272,1.0821332931518555,0.6755127906799316,0.27786633372306824,1.0046809911727905,1.1809639930725098
16,1766591207.4973316,1712000,0.6568185687065125,0.5947871804237366,0.9985040426254272,1.0821332931518555,0.6755127906799316,0.27786633372306824,1.0046809911727905,1.1809639930725098
17,1766591209.2799075,1715200,0.6568185687065125,0.5947871804237366,0.9985040426254272,1.0821332931518555,0.6755127906799316,0.27786633372306824,0.9937447905540466,1.1853090524673462
18,1766591212.4943876,1718400,0.6568185687065125,0.5947871804237366,0.9878789186477661,1.116385579109192,0.6755127906799316,0.27786633372306824,0.9937447905540466,1.1853090524673462
19,1766591214.8509848,1721600,0.6433805823326111,0.5911630392074585,0.9878789186477661,1.116385579109192,0.6755127906799316,0.27786633372306824,0.9937447905540466,1.1853090524673462
20,1766591215.9612482,1724800,0.6433805823326111,0.5911630392074585,0.9878789186477661,1.116385579109192,0.6561190485954285,0.27193865180015564,0.9937447905540466,1.1853090524673462
21,1766591217.154476,1728000,0.6433805823326111,0.5911630392074585,0.9878789186477661,1.116385579109192,0.6561190485954285,0.27193865180015564,1.0023977756500244,1.1419333219528198
22,1766591220.6415935,1731200,0.6433805823326111,0.5911630392074585,0.9989646673202515,1.094570279121399,0.6561190485954285,0.27193865180015564,1.0023977756500244,1.1419333219528198
23,1766591222.9144661,1734400,0.6262044906616211,0.5534823536872864,0.9989646673202515,1.094570279121399,0.6561190485954285,0.27193865180015564,1.0023977756500244,1.1419333219528198
24,1766591225.418675,1737600,0.6262044906616211,0.5534823536872864,0.9989646673202515,1.094570279121399,0.6561190485954285,0.27193865180015564,1.0039857625961304,1.1001404523849487
25,1766591225.9326458,1740800,0.6262044906616211,0.5534823536872864,0.9989646673202515,1.094570279121399,0.6350743174552917,0.2488386482000351,1.0039857625961304,1.1001404523849487
26,1766591230.3724606,1744000,0.6262044906616211,0.5534823536872864,1.0091066360473633,1.088816523551941,0.6350743174552917,0.2488386482000351,1.0039857625961304,1.1001404523849487
27,1766591231.5829053,1747200,0.6161107420921326,0.5421887636184692,1.0091066360473633,1.088816523551941,0.6350743174552917,0.2488386482000351,1.0039857625961304,1.1001404523849487
28,1766591235.6097162,1750400,0.6161107420921326,0.5421887636184692,1.0091066360473633,1.088816523551941,0.6350743174552917,0.2488386482000351,1.0046288967132568,1.1497657299041748
29,1766591238.657874,1753600,0.6161107420921326,0.5421887636184692,1.0091066360473633,1.088816523551941,0.6232406497001648,0.26994165778160095,1.0046288967132568,1.1497657299041748
30,1766591242.4418917,1756800,0.607363224029541,0.5756506323814392,1.0091066360473633,1.088816523551941,0.6232406497001648,0.26994165778160095,1.0046288967132568,1.1497657299041748
31,1766591243.5847836,1760000,0.607363224029541,0.5756506323814392,1.0115251541137695,1.0268824100494385,0.6232406497001648,0.26994165778160095,1.0046288967132568,1.1497657299041748
32,1766591247.0824864,1763200,0.607363224029541,0.5756506323814392,1.0115251541137695,1.0268824100494385,0.6232406497001648,0.26994165778160095,1.0041146278381348,1.0229915380477905
33,1766591252.7254896,1766400,0.607363224029541,0.5756506323814392,1.0115251541137695,1.0268824100494385,0.6158484220504761,0.24490822851657867,1.0041146278381348,1.0229915380477905
34,1766591252.7859368,1769600,0.6054785847663879,0.5929911732673645,1.0115251541137695,1.0268824100494385,0.6158484220504761,0.24490822851657867,1.0041146278381348,1.0229915380477905
35,1766591255.483841,1772800,0.6054785847663879,0.5929911732673645,0.9985012412071228,1.0017811059951782,0.6158484220504761,0.24490822851657867,1.0041146278381348,1.0229915380477905
36,1766591257.3071406,1776000,0.6054785847663879,0.5929911732673645,0.9985012412071228,1.0017811059951782,0.6158484220504761,0.24490822851657867,0.9995935559272766,1.078216791152954
37,1766591263.5225894,1779200,0.6001377105712891,0.5733463764190674,0.9985012412071228,1.0017811059951782,0.6158484220504761,0.24490822851657867,0.9995935559272766,1.078216791152954
38,1766591265.719001,1782400,0.6001377105712891,0.5733463764190674,0.9985012412071228,1.0017811059951782,0.6091952919960022,0.263455867767334,0.9995935559272766,1.078216791152954
39,1766591267.45152,1785600,0.6001377105712891,0.5733463764190674,0.9982412457466125,0.9693201780319214,0.6091952919960022,0.263455867767334,0.9995935559272766,1.078216791152954
40,1766591268.5183566,1788800,0.6001377105712891,0.5733463764190674,0.9982412457466125,0.9693201780319214,0.6091952919960022,0.263455867767334,1.0000418424606323,1.0369166135787964
41,1766591273.2876139,1792000,0.5937583446502686,0.5317808389663696,0.9982412457466125,0.9693201780319214,0.6091952919960022,0.263455867767334,1.0000418424606323,1.0369166135787964
42,1766591277.1154213,1795200,0.5937583446502686,0.5317808389663696,0.9982412457466125,0.9693201780319214,0.5982757806777954,0.25727882981300354,1.0000418424606323,1.0369166135787964
43,1766591277.6383295,1798400,0.5937583446502686,0.5317808389663696,0.9982412457466125,0.9693201780319214,0.5982757806777954,0.25727882981300354,1.009667992591858,1.024045705795288
44,1766591278.5446665,1801600,0.5937583446502686,0.5317808389663696,1.0092668533325195,0.9954456686973572,0.5982757806777954,0.25727882981300354,1.009667992591858,1.024045705795288
45,1766591282.0225499,1804800,0.5860240459442139,0.5492821931838989,1.0092668533325195,0.9954456686973572,0.5982757806777954,0.25727882981300354,1.009667992591858,1.024045705795288
46,1766591286.3912325,1808000,0.5860240459442139,0.5492821931838989,1.0092668533325195,0.9954456686973572,0.5982757806777954,0.25727882981300354,1.015023946762085,1.1192216873168945
47,1766591287.3221538,1811200,0.5860240459442139,0.5492821931838989,1.0092668533325195,0.9954456686973572,0.5893416404724121,0.2519732117652893,1.015023946762085,1.1192216873168945
48,1766591287.8766155,1814400,0.5860240459442139,0.5492821931838989,1.019031047821045,1.0820378065109253,0.5893416404724121,0.2519732117652893,1.015023946762085,1.1192216873168945
49,1766591290.9964623,1817600,0.5789142847061157,0.47911983728408813,1.019031047821045,1.0820378065109253,0.5893416404724121,0.2519732117652893,1.015023946762085,1.1192216873168945
50,1766591296.6790984,1820800,0.5789142847061157,0.47911983728408813,1.019031047821045,1.0820378065109253,0.5893416404724121,0.2519732117652893,1.0325710773468018,1.0449954271316528
# _tick,_time,frames,mean_episode_return_0,loss_0,mean_episode_return_1,loss_1,mean_episode_return_2,loss_2,mean_episode_return_3,loss_3
0,1766591671.1075478,1660800,0.4802345633506775,0.4534405469894409,1.217432975769043,0.8939261436462402,1.283582091331482,3.08062481880188,1.0473366975784302,1.0128753185272217
1,1766591671.3634894,1664000,1.2556390762329102,2.9859373569488525,1.217432975769043,0.8939261436462402,1.283582091331482,3.08062481880188,1.0473366975784302,1.0128753185272217
2,1766591671.6917295,1667200,1.2556390762329102,2.9859373569488525,0.858208954334259,1.939062476158142,1.283582091331482,3.08062481880188,1.0473366975784302,1.0128753185272217
3,1766591671.9819574,1670400,1.2556390762329102,2.9859373569488525,0.858208954334259,1.939062476158142,1.283582091331482,3.08062481880188,0.8623188734054565,1.9731249809265137
4,1766591678.5273654,1673600,1.072906255722046,1.6637471914291382,0.858208954334259,1.939062476158142,1.283582091331482,3.08062481880188,0.8623188734054565,1.9731249809265137
5,1766591678.8820684,1676800,1.072906255722046,1.6637471914291382,0.858208954334259,1.939062476158142,1.283582091331482,3.08062481880188,0.8090003728866577,1.3783800601959229
6,1766591679.7055538,1680000,1.072906255722046,1.6637471914291382,0.7988961935043335,1.3035659790039062,1.283582091331482,3.08062481880188,0.8090003728866577,1.3783800601959229
7,1766591680.125024,1683200,1.072906255722046,1.6637471914291382,0.7988961935043335,1.3035659790039062,1.0558879375457764,0.91761714220047,0.8090003728866577,1.3783800601959229
8,1766591685.9574952,1686400,0.9289460182189941,0.7141680717468262,0.7988961935043335,1.3035659790039062,1.0558879375457764,0.91761714220047,0.8090003728866577,1.3783800601959229
9,1766591686.6088924,1689600,0.9289460182189941,0.7141680717468262,0.7988961935043335,1.3035659790039062,1.0558879375457764,0.91761714220047,0.8358079791069031,1.5966267585754395
10,1766591687.5943513,1692800,0.9289460182189941,0.7141680717468262,0.8479935526847839,1.4803365468978882,1.0558879375457764,0.91761714220047,0.8358079791069031,1.5966267585754395
11,1766591689.851869,1696000,0.9289460182189941,0.7141680717468262,0.8479935526847839,1.4803365468978882,0.9039252996444702,0.3427497148513794,0.8358079791069031,1.5966267585754395
12,1766591693.5742488,1699200,0.8361567854881287,0.5777333974838257,0.8479935526847839,1.4803365468978882,0.9039252996444702,0.3427497148513794,0.8358079791069031,1.5966267585754395
13,1766591694.596409,1702400,0.8361567854881287,0.5777333974838257,0.8479935526847839,1.4803365468978882,0.9039252996444702,0.3427497148513794,0.8768559694290161,1.2315888404846191
14,1766591696.1143818,1705600,0.8361567854881287,0.5777333974838257,0.8849129676818848,1.1142632961273193,0.9039252996444702,0.3427497148513794,0.8768559694290161,1.2315888404846191
15,1766591699.2714224,1708800,0.8361567854881287,0.5777333974838257,0.8849129676818848,1.1142632961273193,0.8153485655784607,0.26224610209465027,0.8768559694290161,1.2315888404846191
16,1766591700.7368693,1712000,0.7781041860580444,0.5792882442474365,0.8849129676818848,1.1142632961273193,0.8153485655784607,0.26224610209465027,0.8768559694290161,1.2315888404846191
17,1766591701.6478348,1715200,0.7781041860580444,0.5792882442474365,0.8849129676818848,1.1142632961273193,0.8153485655784607,0.26224610209465027,0.9069892764091492,1.1500729322433472
18,1766591704.783895,1718400,0.7781041860580444,0.5792882442474365,0.9163336753845215,1.1430156230926514,0.8153485655784607,0.26224610209465027,0.9069892764091492,1.1500729322433472
19,1766591708.361097,1721600,0.737734317779541,0.5736488699913025,0.9163336753845215,1.1430156230926514,0.8153485655784607,0.26224610209465027,0.9069892764091492,1.1500729322433472
20,1766591709.3135595,1724800,0.737734317779541,0.5736488699913025,0.9163336753845215,1.1430156230926514,0.7613013982772827,0.26386430859565735,0.9069892764091492,1.1500729322433472
21,1766591710.4027798,1728000,0.737734317779541,0.5736488699913025,0.9163336753845215,1.1430156230926514,0.7613013982772827,0.26386430859565735,0.9217230677604675,1.1195411682128906
22,1766591714.2340505,1731200,0.737734317779541,0.5736488699913025,0.9330675005912781,1.047569990158081,0.7613013982772827,0.26386430859565735,0.9217230677604675,1.1195411682128906
23,1766591715.379263,1734400,0.7068482041358948,0.539122998714447,0.9330675005912781,1.047569990158081,0.7613013982772827,0.26386430859565735,0.9217230677604675,1.1195411682128906
24,1766591718.878159,1737600,0.7068482041358948,0.539122998714447,0.9330675005912781,1.047569990158081,0.7613013982772827,0.26386430859565735,0.9455891251564026,1.1472429037094116
25,1766591721.225799,1740800,0.7068482041358948,0.539122998714447,0.9330675005912781,1.047569990158081,0.720931887626648,0.2590649425983429,0.9455891251564026,1.1472429037094116
26,1766591725.4348998,1744000,0.7068482041358948,0.539122998714447,0.9578518867492676,1.0603135824203491,0.720931887626648,0.2590649425983429,0.9455891251564026,1.1472429037094116
27,1766591726.339632,1747200,0.6861250400543213,0.5905351638793945,0.9578518867492676,1.0603135824203491,0.720931887626648,0.2590649425983429,0.9455891251564026,1.1472429037094116
28,1766591729.8876927,1750400,0.6861250400543213,0.5905351638793945,0.9578518867492676,1.0603135824203491,0.720931887626648,0.2590649425983429,0.9664039015769958,1.0946193933486938
29,1766591735.0350084,1753600,0.6861250400543213,0.5905351638793945,0.9578518867492676,1.0603135824203491,0.6942036747932434,0.26225700974464417,0.9664039015769958,1.0946193933486938
30,1766591737.423122,1756800,0.6861250400543213,0.5905351638793945,0.9802365303039551,1.0772483348846436,0.6942036747932434,0.26225700974464417,0.9664039015769958,1.0946193933486938
31,1766591737.8481398,1760000,0.6636356711387634,0.4919773042201996,0.9802365303039551,1.0772483348846436,0.6942036747932434,0.26225700974464417,0.9664039015769958,1.0946193933486938
32,1766591741.8746939,1763200,0.6636356711387634,0.4919773042201996,0.9802365303039551,1.0772483348846436,0.6942036747932434,0.26225700974464417,0.9837731122970581,1.0935226678848267
33,1766591747.2808635,1766400,0.6636356711387634,0.4919773042201996,0.9802365303039551,1.0772483348846436,0.6673532724380493,0.2453973889350891,0.9837731122970581,1.0935226678848267
34,1766591748.6306283,1769600,0.6491239666938782,0.537959635257721,0.9802365303039551,1.0772483348846436,0.6673532724380493,0.2453973889350891,0.9837731122970581,1.0935226678848267
35,1766591749.7956564,1772800,0.6491239666938782,0.537959635257721,0.9953212738037109,1.02969491481781,0.6673532724380493,0.2453973889350891,0.9837731122970581,1.0935226678848267
36,1766591752.699056,1776000,0.6491239666938782,0.537959635257721,0.9953212738037109,1.02969491481781,0.6673532724380493,0.2453973889350891,0.9952173233032227,1.039661169052124
37,1766591759.5191963,1779200,0.6366342306137085,0.5417473316192627,0.9953212738037109,1.02969491481781,0.6673532724380493,0.2453973889350891,0.9952173233032227,1.039661169052124
38,1766591761.0981913,1782400,0.6366342306137085,0.5417473316192627,0.9953212738037109,1.02969491481781,0.6521928906440735,0.2464628517627716,0.9952173233032227,1.039661169052124
39,1766591762.1051078,1785600,0.6366342306137085,0.5417473316192627,0.9905472993850708,0.9484635591506958,0.6521928906440735,0.2464628517627716,0.9952173233032227,1.039661169052124
40,1766591763.3018842,1788800,0.6366342306137085,0.5417473316192627,0.9905472993850708,0.9484635591506958,0.6521928906440735,0.2464628517627716,0.9931500554084778,1.0531044006347656
41,1766591770.261003,1792000,0.6296643018722534,0.5491380095481873,0.9905472993850708,0.9484635591506958,0.6521928906440735,0.2464628517627716,0.9931500554084778,1.0531044006347656
42,1766591774.2023792,1795200,0.6296643018722534,0.5491380095481873,0.9905472993850708,0.9484635591506958,0.6411251425743103,0.24005107581615448,0.9931500554084778,1.0531044006347656
43,1766591774.611524,1798400,0.6296643018722534,0.5491380095481873,0.9905472993850708,0.9484635591506958,0.6411251425743103,0.24005107581615448,0.9970394372940063,1.0829873085021973
44,1766591775.0106883,1801600,0.6296643018722534,0.5491380095481873,0.9976133108139038,1.0816762447357178,0.6411251425743103,0.24005107581615448,0.9970394372940063,1.0829873085021973
45,1766591780.501615,1804800,0.6211279630661011,0.5484207272529602,0.9976133108139038,1.0816762447357178,0.6411251425743103,0.24005107581615448,0.9970394372940063,1.0829873085021973
46,1766591786.2172573,1808000,0.6211279630661011,0.5484207272529602,0.9976133108139038,1.0816762447357178,0.6411251425743103,0.24005107581615448,1.0147030353546143,1.0823053121566772
47,1766591787.5563922,1811200,0.6211279630661011,0.5484207272529602,1.0069985389709473,1.0461153984069824,0.6411251425743103,0.24005107581615448,1.0147030353546143,1.0823053121566772
48,1766591788.4272463,1814400,0.6211279630661011,0.5484207272529602,1.0069985389709473,1.0461153984069824,0.62661212682724,0.25830957293510437,1.0147030353546143,1.0823053121566772
49,1766591791.3801768,1817600,0.6112005114555359,0.48028305172920227,1.0069985389709473,1.0461153984069824,0.62661212682724,0.25830957293510437,1.0147030353546143,1.0823053121566772
# _tick,_time,frames,mean_episode_return_0,loss_0,mean_episode_return_1,loss_1,mean_episode_return_2,loss_2,mean_episode_return_3,loss_3
0,1766591864.4850526,1660800,1.1503759622573853,2.645937442779541,1.217432975769043,0.8939261436462402,0.9615171551704407,1.1383846998214722,1.0473366975784302,1.0128753185272217
1,1766591864.4950747,1664000,1.1503759622573853,2.645937442779541,1.217432975769043,0.8939261436462402,1.1492537260055542,2.6262500286102295,1.0473366975784302,1.0128753185272217
2,1766591864.8190317,1667200,1.1503759622573853,2.645937442779541,0.7956204414367676,1.6543749570846558,1.1492537260055542,2.6262500286102295,1.0473366975784302,1.0128753185272217
3,1766591865.0585387,1670400,1.1503759622573853,2.645937442779541,0.7956204414367676,1.6543749570846558,1.1492537260055542,2.6262500286102295,0.8120300769805908,1.7171874046325684
4,1766591871.599016,1673600,1.0090960264205933,1.6075973510742188,0.7956204414367676,1.6543749570846558,1.1492537260055542,2.6262500286102295,0.8120300769805908,1.7171874046325684
5,1766591872.5181937,1676800,1.0090960264205933,1.6075973510742188,0.7956204414367676,1.6543749570846558,1.1492537260055542,2.6262500286102295,0.8462324142456055,1.7118635177612305
6,1766591873.494996,1680000,1.0090960264205933,1.6075973510742188,0.8534752130508423,1.6046853065490723,1.1492537260055542,2.6262500286102295,0.8462324142456055,1.7118635177612305
7,1766591873.719028,1683200,1.0090960264205933,1.6075973510742188,0.8534752130508423,1.6046853065490723,0.9845367670059204,1.1280659437179565,0.8462324142456055,1.7118635177612305
8,1766591879.6662626,1686400,0.880213737487793,0.691074788570404,0.8534752130508423,1.6046853065490723,0.9845367670059204,1.1280659437179565,0.8462324142456055,1.7118635177612305
9,1766591880.7648547,1689600,0.880213737487793,0.691074788570404,0.8534752130508423,1.6046853065490723,0.9845367670059204,1.1280659437179565,0.8334488868713379,1.1844357252120972
10,1766591882.4292803,1692800,0.880213737487793,0.691074788570404,0.8394513130187988,1.0489912033081055,0.9845367670059204,1.1280659437179565,0.8334488868713379,1.1844357252120972
11,1766591884.3922522,1696000,0.880213737487793,0.691074788570404,0.8394513130187988,1.0489912033081055,0.8584576845169067,0.32706835865974426,0.8334488868713379,1.1844357252120972
12,1766591887.1710765,1699200,0.8019512891769409,0.583310604095459,0.8394513130187988,1.0489912033081055,0.8584576845169067,0.32706835865974426,0.8334488868713379,1.1844357252120972
13,1766591888.6703188,1702400,0.8019512891769409,0.583310604095459,0.8394513130187988,1.0489912033081055,0.8584576845169067,0.32706835865974426,0.8714981079101562,1.23389732837677
14,1766591891.1863947,1705600,0.8019512891769409,0.583310604095459,0.8609481453895569,1.131351351737976,0.8584576845169067,0.32706835865974426,0.8714981079101562,1.23389732837677
15,1766591895.1355338,1708800,0.8019512891769409,0.583310604095459,0.8609481453895569,1.131351351737976,0.7829482555389404,0.2593020498752594,0.8714981079101562,1.23389732837677
16,1766591897.2981462,1712000,0.7557074427604675,0.5760747194290161,0.8609481453895569,1.131351351737976,0.7829482555389404,0.2593020498752594,0.8714981079101562,1.23389732837677
17,1766591898.9847388,1715200,0.7557074427604675,0.5760747194290161,0.8609481453895569,1.131351351737976,0.7829482555389404,0.2593020498752594,0.8870132565498352,1.1511071920394897
18,1766591902.9483995,1718400,0.7557074427604675,0.5760747194290161,0.8714424967765808,1.091227650642395,0.7829482555389404,0.2593020498752594,0.8870132565498352,1.1511071920394897
19,1766591907.264362,1721600,0.7299164533615112,0.6061099767684937,0.8714424967765808,1.091227650642395,0.7829482555389404,0.2593020498752594,0.8870132565498352,1.1511071920394897
20,1766591908.679605,1724800,0.7299164533615112,0.6061099767684937,0.8714424967765808,1.091227650642395,0.7456039190292358,0.2513538897037506,0.8870132565498352,1.1511071920394897
21,1766591910.8880243,1728000,0.7299164533615112,0.6061099767684937,0.8714424967765808,1.091227650642395,0.7456039190292358,0.2513538897037506,0.8808444738388062,1.1145423650741577
22,1766591916.262536,1731200,0.7299164533615112,0.6061099767684937,0.890836238861084,1.1316356658935547,0.7456039190292358,0.2513538897037506,0.8808444738388062,1.1145423650741577
23,1766591918.8023763,1734400,0.7090329527854919,0.5808616280555725,0.890836238861084,1.1316356658935547,0.7456039190292358,0.2513538897037506,0.8808444738388062,1.1145423650741577
24,1766591922.2143772,1737600,0.7090329527854919,0.5808616280555725,0.890836238861084,1.1316356658935547,0.7456039190292358,0.2513538897037506,0.8877589106559753,1.1284445524215698
